"Date(UTC)","UnixTimeStamp","Value"
"7/30/2015","1438214400","11.5297"
"7/31/2015","1438300800","51.4594"
"8/1/2015","1438387200","57.7845"
"8/2/2015","1438473600","67.9224"
"8/3/2015","1438560000","74.5737"
"8/4/2015","1438646400","82.0352"
"8/5/2015","1438732800","86.1558"
"8/6/2015","1438819200","88.3326"
"8/7/2015","1438905600","95.2981"
"8/8/2015","1438992000","104.8971"
"8/9/2015","1439078400","109.6916"
"8/10/2015","1439164800","120.5988"
"8/11/2015","1439251200","134.7695"
"8/12/2015","1439337600","143.0004"
"8/13/2015","1439424000","156.6101"
"8/14/2015","1439510400","196.7576"
"8/15/2015","1439596800","227.6650"
"8/16/2015","1439683200","231.8948"
"8/17/2015","1439769600","258.9066"
"8/18/2015","1439856000","270.4645"
"8/19/2015","1439942400","284.0496"
"8/20/2015","1440028800","221.4382"
"8/21/2015","1440115200","277.2820"
"8/22/2015","1440201600","312.6127"
"8/23/2015","1440288000","317.1623"
"8/24/2015","1440374400","333.3458"
"8/25/2015","1440460800","325.2465"
"8/26/2015","1440547200","343.1277"
"8/27/2015","1440633600","341.1168"
"8/28/2015","1440720000","355.2287"
"8/29/2015","1440806400","351.4530"
"8/30/2015","1440892800","340.1440"
"8/31/2015","1440979200","359.3523"
"9/1/2015","1441065600","363.4134"
"9/2/2015","1441152000","355.9032"
"9/3/2015","1441238400","339.3088"
"9/4/2015","1441324800","350.0661"
"9/5/2015","1441411200","374.9170"
"9/6/2015","1441497600","388.4451"
"9/7/2015","1441584000","379.8349"
"9/8/2015","1441670400","370.7395"
"9/9/2015","1441756800","386.1935"
"9/10/2015","1441843200","392.0801"
"9/11/2015","1441929600","421.6556"
"9/12/2015","1442016000","424.2721"
"9/13/2015","1442102400","432.7014"
"9/14/2015","1442188800","399.6471"
"9/15/2015","1442275200","387.7858"
"9/16/2015","1442361600","383.9057"
"9/17/2015","1442448000","362.1457"
"9/18/2015","1442534400","346.2296"
"9/19/2015","1442620800","357.5566"
"9/20/2015","1442707200","408.7480"
"9/21/2015","1442793600","409.9779"
"9/22/2015","1442880000","410.0917"
"9/23/2015","1442966400","438.8619"
"9/24/2015","1443052800","436.2345"
"9/25/2015","1443139200","443.4970"
"9/26/2015","1443225600","440.6371"
"9/27/2015","1443312000","426.4440"
"9/28/2015","1443398400","391.4721"
"9/29/2015","1443484800","347.3122"
"9/30/2015","1443571200","332.8925"
"10/1/2015","1443657600","365.2783"
"10/2/2015","1443744000","378.4969"
"10/3/2015","1443830400","390.9186"
"10/4/2015","1443916800","371.1233"
"10/5/2015","1444003200","385.5859"
"10/6/2015","1444089600","368.4521"
"10/7/2015","1444176000","366.9765"
"10/8/2015","1444262400","375.1336"
"10/9/2015","1444348800","364.9485"
"10/10/2015","1444435200","360.6383"
"10/11/2015","1444521600","381.8711"
"10/12/2015","1444608000","386.3386"
"10/13/2015","1444694400","397.9554"
"10/14/2015","1444780800","394.1999"
"10/15/2015","1444867200","372.9212"
"10/16/2015","1444953600","347.0096"
"10/17/2015","1445040000","373.0388"
"10/18/2015","1445126400","362.4454"
"10/19/2015","1445212800","360.9165"
"10/20/2015","1445299200","359.4184"
"10/21/2015","1445385600","358.9999"
"10/22/2015","1445472000","341.1490"
"10/23/2015","1445558400","380.6258"
"10/24/2015","1445644800","400.8051"
"10/25/2015","1445731200","415.4128"
"10/26/2015","1445817600","399.2760"
"10/27/2015","1445904000","423.6995"
"10/28/2015","1445990400","425.0888"
"10/29/2015","1446076800","457.1980"
"10/30/2015","1446163200","485.0091"
"10/31/2015","1446249600","512.5808"
"11/1/2015","1446336000","520.7818"
"11/2/2015","1446422400","494.4047"
"11/3/2015","1446508800","480.1956"
"11/4/2015","1446595200","508.4657"
"11/5/2015","1446681600","489.3514"
"11/6/2015","1446768000","491.3861"
"11/7/2015","1446854400","478.1613"
"11/8/2015","1446940800","498.8730"
"11/9/2015","1447027200","496.5674"
"11/10/2015","1447113600","505.3881"
"11/11/2015","1447200000","508.8850"
"11/12/2015","1447286400","517.4888"
"11/13/2015","1447372800","528.3143"
"11/14/2015","1447459200","534.8715"
"11/15/2015","1447545600","550.2513"
"11/16/2015","1447632000","541.2585"
"11/17/2015","1447718400","535.8010"
"11/18/2015","1447804800","550.5812"
"11/19/2015","1447891200","552.7532"
"11/20/2015","1447977600","472.9611"
"11/21/2015","1448064000","480.0484"
"11/22/2015","1448150400","480.2510"
"11/23/2015","1448236800","487.9382"
"11/24/2015","1448323200","486.5758"
"11/25/2015","1448409600","470.1510"
"11/26/2015","1448496000","470.8570"
"11/27/2015","1448582400","492.9653"
"11/28/2015","1448668800","498.5437"
"11/29/2015","1448755200","500.4669"
"11/30/2015","1448841600","503.9533"
"12/1/2015","1448928000","514.3284"
"12/2/2015","1449014400","481.8385"
"12/3/2015","1449100800","504.3068"
"12/4/2015","1449187200","493.1904"
"12/5/2015","1449273600","511.9346"
"12/6/2015","1449360000","487.6672"
"12/7/2015","1449446400","483.6810"
"12/8/2015","1449532800","469.5651"
"12/9/2015","1449619200","494.2650"
"12/10/2015","1449705600","504.7793"
"12/11/2015","1449792000","514.5903"
"12/12/2015","1449878400","517.9029"
"12/13/2015","1449964800","556.8745"
"12/14/2015","1450051200","541.3528"
"12/15/2015","1450137600","559.7040"
"12/16/2015","1450224000","534.0622"
"12/17/2015","1450310400","553.9679"
"12/18/2015","1450396800","552.1806"
"12/19/2015","1450483200","548.8488"
"12/20/2015","1450569600","533.1539"
"12/21/2015","1450656000","531.4617"
"12/22/2015","1450742400","564.9776"
"12/23/2015","1450828800","552.9946"
"12/24/2015","1450915200","539.4988"
"12/25/2015","1451001600","539.1713"
"12/26/2015","1451088000","529.3583"
"12/27/2015","1451174400","545.3460"
"12/28/2015","1451260800","545.0927"
"12/29/2015","1451347200","542.2221"
"12/30/2015","1451433600","534.5552"
"12/31/2015","1451520000","542.7166"
"1/1/2016","1451606400","526.2007"
"1/2/2016","1451692800","528.0765"
"1/3/2016","1451779200","544.8281"
"1/4/2016","1451865600","541.3346"
"1/5/2016","1451952000","548.8214"
"1/6/2016","1452038400","552.2518"
"1/7/2016","1452124800","526.3401"
"1/8/2016","1452211200","550.7067"
"1/9/2016","1452297600","551.6457"
"1/10/2016","1452384000","538.0286"
"1/11/2016","1452470400","561.5707"
"1/12/2016","1452556800","541.1136"
"1/13/2016","1452643200","530.6222"
"1/14/2016","1452729600","553.7419"
"1/15/2016","1452816000","567.1537"
"1/16/2016","1452902400","574.0822"
"1/17/2016","1452988800","568.3259"
"1/18/2016","1453075200","591.4190"
"1/19/2016","1453161600","584.9040"
"1/20/2016","1453248000","588.1518"
"1/21/2016","1453334400","584.1308"
"1/22/2016","1453420800","610.6596"
"1/23/2016","1453507200","608.8656"
"1/24/2016","1453593600","650.5701"
"1/25/2016","1453680000","624.8285"
"1/26/2016","1453766400","672.8732"
"1/27/2016","1453852800","663.7333"
"1/28/2016","1453939200","652.1991"
"1/29/2016","1454025600","670.1196"
"1/30/2016","1454112000","668.8032"
"1/31/2016","1454198400","646.7083"
"2/1/2016","1454284800","679.1845"
"2/2/2016","1454371200","648.4793"
"2/3/2016","1454457600","696.9209"
"2/4/2016","1454544000","694.2255"
"2/5/2016","1454630400","698.6372"
"2/6/2016","1454716800","674.6478"
"2/7/2016","1454803200","693.3343"
"2/8/2016","1454889600","723.2448"
"2/9/2016","1454976000","699.4473"
"2/10/2016","1455062400","718.0474"
"2/11/2016","1455148800","747.5285"
"2/12/2016","1455235200","720.7269"
"2/13/2016","1455321600","766.0290"
"2/14/2016","1455408000","775.2691"
"2/15/2016","1455494400","794.6889"
"2/16/2016","1455580800","789.6940"
"2/17/2016","1455667200","770.0884"
"2/18/2016","1455753600","750.9481"
"2/19/2016","1455840000","794.8141"
"2/20/2016","1455926400","800.2920"
"2/21/2016","1456012800","808.8832"
"2/22/2016","1456099200","844.5991"
"2/23/2016","1456185600","849.5091"
"2/24/2016","1456272000","846.5788"
"2/25/2016","1456358400","855.9038"
"2/26/2016","1456444800","881.5024"
"2/27/2016","1456531200","896.6538"
"2/28/2016","1456617600","915.9603"
"2/29/2016","1456704000","885.9939"
"3/1/2016","1456790400","900.4969"
"3/2/2016","1456876800","939.1247"
"3/3/2016","1456963200","957.2282"
"3/4/2016","1457049600","982.6566"
"3/5/2016","1457136000","1030.3311"
"3/6/2016","1457222400","1036.7243"
"3/7/2016","1457308800","1047.5369"
"3/8/2016","1457395200","1060.2446"
"3/9/2016","1457481600","1080.6917"
"3/10/2016","1457568000","1124.5588"
"3/11/2016","1457654400","1152.2742"
"3/12/2016","1457740800","1215.6928"
"3/13/2016","1457827200","1291.2983"
"3/14/2016","1457913600","1246.4302"
"3/15/2016","1458000000","1295.5505"
"3/16/2016","1458086400","1322.2236"
"3/17/2016","1458172800","1369.4014"
"3/18/2016","1458259200","1354.7364"
"3/19/2016","1458345600","1419.6017"
"3/20/2016","1458432000","1450.4615"
"3/21/2016","1458518400","1430.1956"
"3/22/2016","1458604800","1466.4437"
"3/23/2016","1458691200","1389.2046"
"3/24/2016","1458777600","1505.2497"
"3/25/2016","1458864000","1574.3074"
"3/26/2016","1458950400","1620.1920"
"3/27/2016","1459036800","1641.9153"
"3/28/2016","1459123200","1608.6662"
"3/29/2016","1459209600","1670.8109"
"3/30/2016","1459296000","1712.2136"
"3/31/2016","1459382400","1769.0299"
"4/1/2016","1459468800","1789.7099"
"4/2/2016","1459555200","1726.9503"
"4/3/2016","1459641600","1825.8351"
"4/4/2016","1459728000","1909.2179"
"4/5/2016","1459814400","1918.4151"
"4/6/2016","1459900800","1894.4371"
"4/7/2016","1459987200","1812.6601"
"4/8/2016","1460073600","1973.1984"
"4/9/2016","1460160000","1959.8205"
"4/10/2016","1460246400","2036.3026"
"4/11/2016","1460332800","1971.8315"
"4/12/2016","1460419200","1930.8805"
"4/13/2016","1460505600","2027.4732"
"4/14/2016","1460592000","2040.3898"
"4/15/2016","1460678400","2122.0072"
"4/16/2016","1460764800","2151.0281"
"4/17/2016","1460851200","2099.2955"
"4/18/2016","1460937600","2225.2231"
"4/19/2016","1461024000","2224.0597"
"4/20/2016","1461110400","2269.7286"
"4/21/2016","1461196800","2289.2977"
"4/22/2016","1461283200","2218.8202"
"4/23/2016","1461369600","2314.4714"
"4/24/2016","1461456000","2281.4876"
"4/25/2016","1461542400","2398.2374"
"4/26/2016","1461628800","2327.7401"
"4/27/2016","1461715200","2343.4699"
"4/28/2016","1461801600","2398.0940"
"4/29/2016","1461888000","2445.4120"
"4/30/2016","1461974400","2541.0507"
"5/1/2016","1462060800","2519.2786"
"5/2/2016","1462147200","2435.2643"
"5/3/2016","1462233600","2570.8192"
"5/4/2016","1462320000","2540.3269"
"5/5/2016","1462406400","2548.6649"
"5/6/2016","1462492800","2558.8020"
"5/7/2016","1462579200","2546.9321"
"5/8/2016","1462665600","2596.7218"
"5/9/2016","1462752000","2619.8292"
"5/10/2016","1462838400","2678.5523"
"5/11/2016","1462924800","2576.6882"
"5/12/2016","1463011200","2640.5013"
"5/13/2016","1463097600","2813.5085"
"5/14/2016","1463184000","2768.5727"
"5/15/2016","1463270400","2787.9132"
"5/16/2016","1463356800","2782.0494"
"5/17/2016","1463443200","2777.3602"
"5/18/2016","1463529600","2893.0189"
"5/19/2016","1463616000","2959.2314"
"5/20/2016","1463702400","3019.8040"
"5/21/2016","1463788800","3042.5019"
"5/22/2016","1463875200","3034.0969"
"5/23/2016","1463961600","3047.7928"
"5/24/2016","1464048000","3097.5979"
"5/25/2016","1464134400","3126.5085"
"5/26/2016","1464220800","3161.3230"
"5/27/2016","1464307200","3175.1154"
"5/28/2016","1464393600","3253.1913"
"5/29/2016","1464480000","3275.4294"
"5/30/2016","1464566400","3266.9893"
"5/31/2016","1464652800","3226.0808"
"6/1/2016","1464739200","3170.4475"
"6/2/2016","1464825600","3240.5703"
"6/3/2016","1464912000","3413.4593"
"6/4/2016","1464998400","3396.8318"
"6/5/2016","1465084800","3326.0748"
"6/6/2016","1465171200","3441.9709"
"6/7/2016","1465257600","3465.5588"
"6/8/2016","1465344000","3478.0667"
"6/9/2016","1465430400","3639.7054"
"6/10/2016","1465516800","3424.0833"
"6/11/2016","1465603200","3555.1800"
"6/12/2016","1465689600","3581.6422"
"6/13/2016","1465776000","3714.9746"
"6/14/2016","1465862400","3749.4490"
"6/15/2016","1465948800","3718.5221"
"6/16/2016","1466035200","3717.1685"
"6/17/2016","1466121600","3864.3682"
"6/18/2016","1466208000","3764.2320"
"6/19/2016","1466294400","3855.0105"
"6/20/2016","1466380800","3814.1165"
"6/21/2016","1466467200","3755.1058"
"6/22/2016","1466553600","3914.4371"
"6/23/2016","1466640000","3993.7808"
"6/24/2016","1466726400","3987.4979"
"6/25/2016","1466812800","3971.3075"
"6/26/2016","1466899200","4090.5901"
"6/27/2016","1466985600","4165.2564"
"6/28/2016","1467072000","4215.9351"
"6/29/2016","1467158400","4114.6487"
"6/30/2016","1467244800","4137.6421"
"7/1/2016","1467331200","4235.8486"
"7/2/2016","1467417600","4246.5515"
"7/3/2016","1467504000","4343.8485"
"7/4/2016","1467590400","4332.1514"
"7/5/2016","1467676800","4335.0033"
"7/6/2016","1467763200","4336.5273"
"7/7/2016","1467849600","4320.9295"
"7/8/2016","1467936000","4345.7744"
"7/9/2016","1468022400","4356.4367"
"7/10/2016","1468108800","4385.4846"
"7/11/2016","1468195200","4454.8880"
"7/12/2016","1468281600","4453.2789"
"7/13/2016","1468368000","4517.2296"
"7/14/2016","1468454400","4472.3930"
"7/15/2016","1468540800","4402.0765"
"7/16/2016","1468627200","4426.8996"
"7/17/2016","1468713600","4446.0043"
"7/18/2016","1468800000","4569.4936"
"7/19/2016","1468886400","4514.7929"
"7/20/2016","1468972800","4425.8220"
"7/21/2016","1469059200","4602.5527"
"7/22/2016","1469145600","4434.4853"
"7/23/2016","1469232000","4619.5511"
"7/24/2016","1469318400","4498.6015"
"7/25/2016","1469404800","4353.0916"
"7/26/2016","1469491200","4147.0192"
"7/27/2016","1469577600","3975.9477"
"7/28/2016","1469664000","4230.6929"
"7/29/2016","1469750400","4137.8516"
"7/30/2016","1469836800","4057.8986"
"7/31/2016","1469923200","4120.2423"
"8/1/2016","1470009600","4033.4068"
"8/2/2016","1470096000","3736.2769"
"8/3/2016","1470182400","3614.2588"
"8/4/2016","1470268800","3936.9981"
"8/5/2016","1470355200","4031.1962"
"8/6/2016","1470441600","3924.4177"
"8/7/2016","1470528000","4058.0205"
"8/8/2016","1470614400","4136.7742"
"8/9/2016","1470700800","4353.1675"
"8/10/2016","1470787200","4442.4061"
"8/11/2016","1470873600","4538.8823"
"8/12/2016","1470960000","4529.4509"
"8/13/2016","1471046400","4479.0387"
"8/14/2016","1471132800","4488.9892"
"8/15/2016","1471219200","4512.4457"
"8/16/2016","1471305600","4623.2492"
"8/17/2016","1471392000","4616.8304"
"8/18/2016","1471478400","4717.6488"
"8/19/2016","1471564800","4666.3602"
"8/20/2016","1471651200","4807.7401"
"8/21/2016","1471737600","4860.5322"
"8/22/2016","1471824000","4890.1286"
"8/23/2016","1471910400","4980.5674"
"8/24/2016","1471996800","4968.8061"
"8/25/2016","1472083200","5076.8460"
"8/26/2016","1472169600","5242.0628"
"8/27/2016","1472256000","5241.1926"
"8/28/2016","1472342400","5174.1701"
"8/29/2016","1472428800","5110.3024"
"8/30/2016","1472515200","5104.6336"
"8/31/2016","1472601600","5212.9746"
"9/1/2016","1472688000","5264.4573"
"9/2/2016","1472774400","5339.3071"
"9/3/2016","1472860800","5064.5140"
"9/4/2016","1472947200","4925.8701"
"9/5/2016","1473033600","5116.8905"
"9/6/2016","1473120000","5066.0973"
"9/7/2016","1473206400","5193.0105"
"9/8/2016","1473292800","5135.7331"
"9/9/2016","1473379200","5165.9252"
"9/10/2016","1473465600","5212.7523"
"9/11/2016","1473552000","5414.1144"
"9/12/2016","1473638400","5397.9619"
"9/13/2016","1473724800","5369.0839"
"9/14/2016","1473811200","5550.9528"
"9/15/2016","1473897600","5538.7187"
"9/16/2016","1473984000","5504.7355"
"9/17/2016","1474070400","5705.4374"
"9/18/2016","1474156800","5038.1328"
"9/19/2016","1474243200","5155.0804"
"9/20/2016","1474329600","5747.8625"
"9/21/2016","1474416000","5918.6443"
"9/22/2016","1474502400","5443.3590"
"9/23/2016","1474588800","5966.6603"
"9/24/2016","1474675200","5995.2836"
"9/25/2016","1474761600","6227.8531"
"9/26/2016","1474848000","5867.8083"
"9/27/2016","1474934400","6199.3892"
"9/28/2016","1475020800","6242.7931"
"9/29/2016","1475107200","6382.9672"
"9/30/2016","1475193600","6211.6467"
"10/1/2016","1475280000","6435.5312"
"10/2/2016","1475366400","6609.1126"
"10/3/2016","1475452800","6480.4953"
"10/4/2016","1475539200","6618.6976"
"10/5/2016","1475625600","6594.0094"
"10/6/2016","1475712000","6644.5921"
"10/7/2016","1475798400","6417.1224"
"10/8/2016","1475884800","6698.4587"
"10/9/2016","1475971200","6812.7671"
"10/10/2016","1476057600","6857.1214"
"10/11/2016","1476144000","6937.1736"
"10/12/2016","1476230400","6700.3711"
"10/13/2016","1476316800","6965.8669"
"10/14/2016","1476403200","7226.2037"
"10/15/2016","1476489600","7301.6059"
"10/16/2016","1476576000","7491.1701"
"10/17/2016","1476662400","7121.9336"
"10/18/2016","1476748800","7396.8799"
"10/19/2016","1476835200","7431.3973"
"10/20/2016","1476921600","7670.9150"
"10/21/2016","1477008000","7757.4499"
"10/22/2016","1477094400","7767.7022"
"10/23/2016","1477180800","7558.2757"
"10/24/2016","1477267200","7712.7627"
"10/25/2016","1477353600","7817.4541"
"10/26/2016","1477440000","7897.5795"
"10/27/2016","1477526400","7754.9282"
"10/28/2016","1477612800","7447.6341"
"10/29/2016","1477699200","5933.8419"
"10/30/2016","1477785600","5768.4023"
"10/31/2016","1477872000","6170.1936"
"11/1/2016","1477958400","5264.4502"
"11/2/2016","1478044800","4743.8178"
"11/3/2016","1478131200","4528.1677"
"11/4/2016","1478217600","4164.5726"
"11/5/2016","1478304000","3926.9146"
"11/6/2016","1478390400","3870.5255"
"11/7/2016","1478476800","4601.8022"
"11/8/2016","1478563200","5126.5784"
"11/9/2016","1478649600","5000.3960"
"11/10/2016","1478736000","4596.5170"
"11/11/2016","1478822400","4470.7243"
"11/12/2016","1478908800","4555.8730"
"11/13/2016","1478995200","4937.1280"
"11/14/2016","1479081600","5122.3997"
"11/15/2016","1479168000","5155.4629"
"11/16/2016","1479254400","5050.1138"
"11/17/2016","1479340800","4838.0854"
"11/18/2016","1479427200","5193.5489"
"11/19/2016","1479513600","5480.2832"
"11/20/2016","1479600000","5987.5706"
"11/21/2016","1479686400","6324.9229"
"11/22/2016","1479772800","5955.0846"
"11/23/2016","1479859200","5908.0341"
"11/24/2016","1479945600","5287.2911"
"11/25/2016","1480032000","5301.8374"
"11/26/2016","1480118400","5364.8074"
"11/27/2016","1480204800","5348.1061"
"11/28/2016","1480291200","5544.2870"
"11/29/2016","1480377600","5456.1270"
"11/30/2016","1480464000","5209.9548"
"12/1/2016","1480550400","5268.3704"
"12/2/2016","1480636800","5341.6121"
"12/3/2016","1480723200","5614.5189"
"12/4/2016","1480809600","5551.9253"
"12/5/2016","1480896000","5409.3217"
"12/6/2016","1480982400","5367.7479"
"12/7/2016","1481068800","5496.8057"
"12/8/2016","1481155200","5783.3873"
"12/9/2016","1481241600","5914.8346"
"12/10/2016","1481328000","6040.1544"
"12/11/2016","1481414400","6204.0200"
"12/12/2016","1481500800","5975.0517"
"12/13/2016","1481587200","6168.7280"
"12/14/2016","1481673600","6132.4685"
"12/15/2016","1481760000","6097.3583"
"12/16/2016","1481846400","6290.8766"
"12/17/2016","1481932800","6370.3847"
"12/18/2016","1482019200","6594.1816"
"12/19/2016","1482105600","6588.4056"
"12/20/2016","1482192000","6748.3212"
"12/21/2016","1482278400","6696.8063"
"12/22/2016","1482364800","6475.3330"
"12/23/2016","1482451200","6022.6423"
"12/24/2016","1482537600","5671.6635"
"12/25/2016","1482624000","5939.9539"
"12/26/2016","1482710400","6147.6001"
"12/27/2016","1482796800","5943.6228"
"12/28/2016","1482883200","5906.9011"
"12/29/2016","1482969600","5885.5378"
"12/30/2016","1483056000","5892.7281"
"12/31/2016","1483142400","5957.5536"
"1/1/2017","1483228800","5962.5576"
"1/2/2017","1483315200","5979.9360"
"1/3/2017","1483401600","5984.9265"
"1/4/2017","1483488000","6603.4409"
"1/5/2017","1483574400","6748.8433"
"1/6/2017","1483660800","6783.5835"
"1/7/2017","1483747200","7025.7055"
"1/8/2017","1483833600","7052.8143"
"1/9/2017","1483920000","7281.1030"
"1/10/2017","1484006400","7283.0151"
"1/11/2017","1484092800","7356.4905"
"1/12/2017","1484179200","7432.2530"
"1/13/2017","1484265600","7568.8324"
"1/14/2017","1484352000","7587.9426"
"1/15/2017","1484438400","7741.9086"
"1/16/2017","1484524800","7735.3142"
"1/17/2017","1484611200","7657.6882"
"1/18/2017","1484697600","7592.5237"
"1/19/2017","1484784000","8114.4421"
"1/20/2017","1484870400","7838.6452"
"1/21/2017","1484956800","8044.0736"
"1/22/2017","1485043200","8083.9775"
"1/23/2017","1485129600","8232.8818"
"1/24/2017","1485216000","8124.3364"
"1/25/2017","1485302400","8145.8979"
"1/26/2017","1485388800","8367.5758"
"1/27/2017","1485475200","8244.2883"
"1/28/2017","1485561600","8279.3794"
"1/29/2017","1485648000","8111.2062"
"1/30/2017","1485734400","8348.0885"
"1/31/2017","1485820800","8339.1200"
"2/1/2017","1485907200","8226.0029"
"2/2/2017","1485993600","8407.2648"
"2/3/2017","1486080000","8271.9789"
"2/4/2017","1486166400","8427.7058"
"2/5/2017","1486252800","8773.2937"
"2/6/2017","1486339200","8877.6557"
"2/7/2017","1486425600","8865.7805"
"2/8/2017","1486512000","8981.8497"
"2/9/2017","1486598400","8947.4759"
"2/10/2017","1486684800","9217.8017"
"2/11/2017","1486771200","9275.2906"
"2/12/2017","1486857600","9392.2664"
"2/13/2017","1486944000","9522.8756"
"2/14/2017","1487030400","9629.3742"
"2/15/2017","1487116800","9674.3440"
"2/16/2017","1487203200","9633.6869"
"2/17/2017","1487289600","9813.8180"
"2/18/2017","1487376000","9910.4307"
"2/19/2017","1487462400","10076.9868"
"2/20/2017","1487548800","10118.1204"
"2/21/2017","1487635200","10342.9777"
"2/22/2017","1487721600","10225.6880"
"2/23/2017","1487808000","10249.8892"
"2/24/2017","1487894400","10300.8070"
"2/25/2017","1487980800","10613.2667"
"2/26/2017","1488067200","11038.1733"
"2/27/2017","1488153600","11078.6475"
"2/28/2017","1488240000","11579.1160"
"3/1/2017","1488326400","11193.1403"
"3/2/2017","1488412800","11369.6535"
"3/3/2017","1488499200","11791.9899"
"3/4/2017","1488585600","11641.3951"
"3/5/2017","1488672000","12169.6377"
"3/6/2017","1488758400","12202.0077"
"3/7/2017","1488844800","12126.1529"
"3/8/2017","1488931200","12566.0974"
"3/9/2017","1489017600","12593.1903"
"3/10/2017","1489104000","12622.6645"
"3/11/2017","1489190400","12870.7578"
"3/12/2017","1489276800","12911.1921"
"3/13/2017","1489363200","13434.1504"
"3/14/2017","1489449600","13255.2329"
"3/15/2017","1489536000","13628.7396"
"3/16/2017","1489622400","13794.9629"
"3/17/2017","1489708800","14518.7852"
"3/18/2017","1489795200","14696.5419"
"3/19/2017","1489881600","13915.1809"
"3/20/2017","1489968000","14863.3155"
"3/21/2017","1490054400","14561.0448"
"3/22/2017","1490140800","14914.7357"
"3/23/2017","1490227200","15425.4361"
"3/24/2017","1490313600","15334.1063"
"3/25/2017","1490400000","15439.4585"
"3/26/2017","1490486400","16219.4936"
"3/27/2017","1490572800","16894.3097"
"3/28/2017","1490659200","16458.9570"
"3/29/2017","1490745600","17141.8230"
"3/30/2017","1490832000","17183.9723"
"3/31/2017","1490918400","17643.5302"
"4/1/2017","1491004800","17342.0731"
"4/2/2017","1491091200","17320.8014"
"4/3/2017","1491177600","16564.8723"
"4/4/2017","1491264000","17593.0096"
"4/5/2017","1491350400","18094.6996"
"4/6/2017","1491436800","17967.3505"
"4/7/2017","1491523200","18253.0325"
"4/8/2017","1491609600","18340.2159"
"4/9/2017","1491696000","18009.4232"
"4/10/2017","1491782400","18072.1973"
"4/11/2017","1491868800","18671.3934"
"4/12/2017","1491955200","18555.8787"
"4/13/2017","1492041600","18205.0740"
"4/14/2017","1492128000","19833.8120"
"4/15/2017","1492214400","19260.1407"
"4/16/2017","1492300800","19591.7831"
"4/17/2017","1492387200","19889.9768"
"4/18/2017","1492473600","20302.3049"
"4/19/2017","1492560000","20078.8856"
"4/20/2017","1492646400","20288.8866"
"4/21/2017","1492732800","20805.2888"
"4/22/2017","1492819200","20900.9580"
"4/23/2017","1492905600","21389.0055"
"4/24/2017","1492992000","20664.8066"
"4/25/2017","1493078400","21582.4498"
"4/26/2017","1493164800","21292.6240"
"4/27/2017","1493251200","21617.4059"
"4/28/2017","1493337600","22951.0371"
"4/29/2017","1493424000","23467.3816"
"4/30/2017","1493510400","22938.2706"
"5/1/2017","1493596800","23205.2792"
"5/2/2017","1493683200","23246.7388"
"5/3/2017","1493769600","23614.2464"
"5/4/2017","1493856000","23265.2011"
"5/5/2017","1493942400","24468.9937"
"5/6/2017","1494028800","24415.8585"
"5/7/2017","1494115200","24862.0244"
"5/8/2017","1494201600","24481.3196"
"5/9/2017","1494288000","25606.8006"
"5/10/2017","1494374400","25352.2733"
"5/11/2017","1494460800","25792.7606"
"5/12/2017","1494547200","26696.7857"
"5/13/2017","1494633600","26056.3076"
"5/14/2017","1494720000","26882.1696"
"5/15/2017","1494806400","27814.0407"
"5/16/2017","1494892800","28230.1110"
"5/17/2017","1494979200","26762.9284"
"5/18/2017","1495065600","27740.2141"
"5/19/2017","1495152000","28816.6360"
"5/20/2017","1495238400","29609.4667"
"5/21/2017","1495324800","30501.1451"
"5/22/2017","1495411200","31382.7051"
"5/23/2017","1495497600","30236.4543"
"5/24/2017","1495584000","30975.7050"
"5/25/2017","1495670400","31139.2104"
"5/26/2017","1495756800","31197.0515"
"5/27/2017","1495843200","32153.7231"
"5/28/2017","1495929600","31940.9693"
"5/29/2017","1496016000","34015.7294"
"5/30/2017","1496102400","36263.7391"
"5/31/2017","1496188800","35309.9381"
"6/1/2017","1496275200","37244.2449"
"6/2/2017","1496361600","36298.9273"
"6/3/2017","1496448000","37390.2818"
"6/4/2017","1496534400","38378.7011"
"6/5/2017","1496620800","39283.0384"
"6/6/2017","1496707200","39838.9042"
"6/7/2017","1496793600","41466.1245"
"6/8/2017","1496880000","41827.9352"
"6/9/2017","1496966400","41762.2012"
"6/10/2017","1497052800","43934.2690"
"6/11/2017","1497139200","45025.9063"
"6/12/2017","1497225600","44971.3450"
"6/13/2017","1497312000","46524.8904"
"6/14/2017","1497398400","47653.2451"
"6/15/2017","1497484800","48524.7456"
"6/16/2017","1497571200","49363.4715"
"6/17/2017","1497657600","50988.9850"
"6/18/2017","1497744000","51996.5122"
"6/19/2017","1497830400","52568.3389"
"6/20/2017","1497916800","53605.3273"
"6/21/2017","1498003200","54107.9740"
"6/22/2017","1498089600","54738.2538"
"6/23/2017","1498176000","54340.7602"
"6/24/2017","1498262400","55696.7824"
"6/25/2017","1498348800","56394.2575"
"6/26/2017","1498435200","58414.4698"
"6/27/2017","1498521600","58319.7387"
"6/28/2017","1498608000","59928.6376"
"6/29/2017","1498694400","61553.5382"
"6/30/2017","1498780800","61650.5709"
"7/1/2017","1498867200","62556.7775"
"7/2/2017","1498953600","63113.6089"
"7/3/2017","1499040000","64997.0800"
"7/4/2017","1499126400","66569.3952"
"7/5/2017","1499212800","64822.7346"
"7/6/2017","1499299200","65978.5137"
"7/7/2017","1499385600","67085.5686"
"7/8/2017","1499472000","67464.2959"
"7/9/2017","1499558400","68072.3545"
"7/10/2017","1499644800","69107.6248"
"7/11/2017","1499731200","68636.1856"
"7/12/2017","1499817600","66929.7884"
"7/13/2017","1499904000","67583.3821"
"7/14/2017","1499990400","66162.8973"
"7/15/2017","1500076800","68590.0251"
"7/16/2017","1500163200","70207.4606"
"7/17/2017","1500249600","66693.2842"
"7/18/2017","1500336000","68408.1739"
"7/19/2017","1500422400","71183.4584"
"7/20/2017","1500508800","73430.2935"
"7/21/2017","1500595200","73178.0557"
"7/22/2017","1500681600","72967.3365"
"7/23/2017","1500768000","75690.2025"
"7/24/2017","1500854400","73612.8357"
"7/25/2017","1500940800","77165.6725"
"7/26/2017","1501027200","76836.4143"
"7/27/2017","1501113600","75616.4916"
"7/28/2017","1501200000","77536.4097"
"7/29/2017","1501286400","76584.8357"
"7/30/2017","1501372800","79028.5340"
"7/31/2017","1501459200","80870.2609"
"8/1/2017","1501545600","80820.0069"
"8/2/2017","1501632000","79694.0246"
"8/3/2017","1501718400","76659.2680"
"8/4/2017","1501804800","79754.3216"
"8/5/2017","1501891200","78990.8015"
"8/6/2017","1501977600","80020.6258"
"8/7/2017","1502064000","82348.3479"
"8/8/2017","1502150400","83308.9277"
"8/9/2017","1502236800","84931.8970"
"8/10/2017","1502323200","83442.1715"
"8/11/2017","1502409600","84627.2607"
"8/12/2017","1502496000","87270.9302"
"8/13/2017","1502582400","87653.9263"
"8/14/2017","1502668800","89584.3061"
"8/15/2017","1502755200","90812.4199"
"8/16/2017","1502841600","91289.1473"
"8/17/2017","1502928000","92534.9297"
"8/18/2017","1503014400","91777.3051"
"8/19/2017","1503100800","95425.5042"
"8/20/2017","1503187200","93281.2322"
"8/21/2017","1503273600","95741.8313"
"8/22/2017","1503360000","95942.1567"
"8/23/2017","1503446400","98296.3711"
"8/24/2017","1503532800","97228.3329"
"8/25/2017","1503619200","95339.2953"
"8/26/2017","1503705600","95944.7226"
"8/27/2017","1503792000","95506.9876"
"8/28/2017","1503878400","92566.5693"
"8/29/2017","1503964800","99235.3690"
"8/30/2017","1504051200","99678.7102"
"8/31/2017","1504137600","97955.4642"
"9/1/2017","1504224000","98985.3654"
"9/2/2017","1504310400","98883.0465"
"9/3/2017","1504396800","98450.1542"
"9/4/2017","1504483200","99991.3961"
"9/5/2017","1504569600","100474.3339"
"9/6/2017","1504656000","99614.2702"
"9/7/2017","1504742400","101735.9047"
"9/8/2017","1504828800","106728.0408"
"9/9/2017","1504915200","104087.0767"
"9/10/2017","1505001600","102462.2609"
"9/11/2017","1505088000","102521.0502"
"9/12/2017","1505174400","108070.1938"
"9/13/2017","1505260800","103537.1178"
"9/14/2017","1505347200","105590.7742"
"9/15/2017","1505433600","109240.2979"
"9/16/2017","1505520000","107169.6341"
"9/17/2017","1505606400","108004.7306"
"9/18/2017","1505692800","105851.5969"
"9/19/2017","1505779200","108650.3899"
"9/20/2017","1505865600","107391.0713"
"9/21/2017","1505952000","109411.5400"
"9/22/2017","1506038400","108415.5019"
"9/23/2017","1506124800","103936.5010"
"9/24/2017","1506211200","106744.3503"
"9/25/2017","1506297600","101530.2447"
"9/26/2017","1506384000","102987.1868"
"9/27/2017","1506470400","105672.8117"
"9/28/2017","1506556800","101865.3038"
"9/29/2017","1506643200","97747.1226"
"9/30/2017","1506729600","97246.8496"
"10/1/2017","1506816000","101856.5841"
"10/2/2017","1506902400","101498.7153"
"10/3/2017","1506988800","101330.3025"
"10/4/2017","1507075200","104322.3490"
"10/5/2017","1507161600","107720.1602"
"10/6/2017","1507248000","102813.1953"
"10/7/2017","1507334400","100704.8489"
"10/8/2017","1507420800","104067.9114"
"10/9/2017","1507507200","104686.6792"
"10/10/2017","1507593600","106119.6349"
"10/11/2017","1507680000","109279.7021"
"10/12/2017","1507766400","105449.0222"
"10/13/2017","1507852800","110049.5848"
"10/14/2017","1507939200","105135.7480"
"10/15/2017","1508025600","108556.0976"
"10/16/2017","1508112000","112491.5255"
"10/17/2017","1508198400","114496.6530"
"10/18/2017","1508284800","113792.9401"
"10/19/2017","1508371200","117973.6768"
"10/20/2017","1508457600","117268.4555"
"10/21/2017","1508544000","116687.3756"
"10/22/2017","1508630400","118870.2012"
"10/23/2017","1508716800","117763.0093"
"10/24/2017","1508803200","121642.1225"
"10/25/2017","1508889600","118684.8641"
"10/26/2017","1508976000","114761.8238"
"10/27/2017","1509062400","117091.7153"
"10/28/2017","1509148800","118629.8189"
"10/29/2017","1509235200","117105.7539"
"10/30/2017","1509321600","115204.0015"
"10/31/2017","1509408000","119297.9707"
"11/1/2017","1509494400","120477.0125"
"11/2/2017","1509580800","115774.5028"
"11/3/2017","1509667200","113706.9239"
"11/4/2017","1509753600","111929.8264"
"11/5/2017","1509840000","117028.6700"
"11/6/2017","1509926400","114621.4140"
"11/7/2017","1510012800","113925.2212"
"11/8/2017","1510099200","116144.1465"
"11/9/2017","1510185600","114107.8220"
"11/10/2017","1510272000","115773.7593"
"11/11/2017","1510358400","115718.4140"
"11/12/2017","1510444800","118263.4894"
"11/13/2017","1510531200","117469.6839"
"11/14/2017","1510617600","114709.8740"
"11/15/2017","1510704000","115382.9053"
"11/16/2017","1510790400","111657.6225"
"11/17/2017","1510876800","112630.8165"
"11/18/2017","1510963200","111516.8425"
"11/19/2017","1511049600","112980.6417"
"11/20/2017","1511136000","120188.5528"
"11/21/2017","1511222400","118772.9291"
"11/22/2017","1511308800","118382.3196"
"11/23/2017","1511395200","122161.9842"
"11/24/2017","1511481600","124844.7158"
"11/25/2017","1511568000","125309.3717"
"11/26/2017","1511654400","125187.2930"
"11/27/2017","1511740800","123438.9985"
"11/28/2017","1511827200","121376.5047"
"11/29/2017","1511913600","123404.9935"
"11/30/2017","1512000000","124830.2891"
"12/1/2017","1512086400","125492.7020"
"12/2/2017","1512172800","125605.2762"
"12/3/2017","1512259200","121828.5383"
"12/4/2017","1512345600","125869.5928"
"12/5/2017","1512432000","123432.1491"
"12/6/2017","1512518400","123628.5175"
"12/7/2017","1512604800","125209.8857"
"12/8/2017","1512691200","127322.6374"
"12/9/2017","1512777600","128300.9697"
"12/10/2017","1512864000","126733.7869"
"12/11/2017","1512950400","128336.6496"
"12/12/2017","1513036800","128931.8969"
"12/13/2017","1513123200","134096.1365"
"12/14/2017","1513209600","137629.7703"
"12/15/2017","1513296000","143758.2604"
"12/16/2017","1513382400","141945.8652"
"12/17/2017","1513468800","142954.4584"
"12/18/2017","1513555200","147283.4924"
"12/19/2017","1513641600","144785.8066"
"12/20/2017","1513728000","143787.1073"
"12/21/2017","1513814400","143918.9673"
"12/22/2017","1513900800","143237.6550"
"12/23/2017","1513987200","149570.4924"
"12/24/2017","1514073600","148933.7151"
"12/25/2017","1514160000","150660.6855"
"12/26/2017","1514246400","151469.2196"
"12/27/2017","1514332800","152530.5011"
"12/28/2017","1514419200","156618.8488"
"12/29/2017","1514505600","153605.9851"
"12/30/2017","1514592000","154787.9850"
"12/31/2017","1514678400","156919.1805"
"1/1/2018","1514764800","159441.8475"
"1/2/2018","1514851200","159057.5377"
"1/3/2018","1514937600","158805.4552"
"1/4/2018","1515024000","162473.4175"
"1/5/2018","1515110400","166391.1687"
"1/6/2018","1515196800","163074.7937"
"1/7/2018","1515283200","169010.8826"
"1/8/2018","1515369600","168775.8944"
"1/9/2018","1515456000","170785.6861"
"1/10/2018","1515542400","174332.6871"
"1/11/2018","1515628800","179701.7760"
"1/12/2018","1515715200","180394.1239"
"1/13/2018","1515801600","181051.4051"
"1/14/2018","1515888000","185408.6710"
"1/15/2018","1515974400","181636.7811"
"1/16/2018","1516060800","187122.9824"
"1/17/2018","1516147200","191023.8179"
"1/18/2018","1516233600","189281.4868"
"1/19/2018","1516320000","188933.6732"
"1/20/2018","1516406400","196739.0047"
"1/21/2018","1516492800","192489.0949"
"1/22/2018","1516579200","197018.3120"
"1/23/2018","1516665600","196608.2455"
"1/24/2018","1516752000","201694.5298"
"1/25/2018","1516838400","203394.4979"
"1/26/2018","1516924800","203454.7751"
"1/27/2018","1517011200","202106.5578"
"1/28/2018","1517097600","204748.6580"
"1/29/2018","1517184000","213099.1585"
"1/30/2018","1517270400","210494.5728"
"1/31/2018","1517356800","215826.4032"
"2/1/2018","1517443200","221004.0257"
"2/2/2018","1517529600","224386.6900"
"2/3/2018","1517616000","223750.0072"
"2/4/2018","1517702400","223628.1980"
"2/5/2018","1517788800","229317.1819"
"2/6/2018","1517875200","226643.5460"
"2/7/2018","1517961600","232001.6424"
"2/8/2018","1518048000","229493.3998"
"2/9/2018","1518134400","232843.1343"
"2/10/2018","1518220800","234466.2002"
"2/11/2018","1518307200","236401.4541"
"2/12/2018","1518393600","241154.4129"
"2/13/2018","1518480000","242643.0985"
"2/14/2018","1518566400","236293.6820"
"2/15/2018","1518652800","238380.5890"
"2/16/2018","1518739200","243106.1504"
"2/17/2018","1518825600","243542.0698"
"2/18/2018","1518912000","243539.0262"
"2/19/2018","1518998400","242911.4767"
"2/20/2018","1519084800","239653.9119"
"2/21/2018","1519171200","241642.4700"
"2/22/2018","1519257600","243671.4308"
"2/23/2018","1519344000","245866.6703"
"2/24/2018","1519430400","244536.0463"
"2/25/2018","1519516800","250331.8931"
"2/26/2018","1519603200","247528.6317"
"2/27/2018","1519689600","243300.4607"
"2/28/2018","1519776000","252048.8658"
"3/1/2018","1519862400","253200.9448"
"3/2/2018","1519948800","255012.3761"
"3/3/2018","1520035200","260398.6003"
"3/4/2018","1520121600","253539.2030"
"3/5/2018","1520208000","254483.1024"
"3/6/2018","1520294400","255139.4372"
"3/7/2018","1520380800","263414.6349"
"3/8/2018","1520467200","262514.1983"
"3/9/2018","1520553600","256561.6774"
"3/10/2018","1520640000","259056.4904"
"3/11/2018","1520726400","257997.7068"
"3/12/2018","1520812800","259747.3582"
"3/13/2018","1520899200","259172.2120"
"3/14/2018","1520985600","256444.9328"
"3/15/2018","1521072000","259568.9864"
"3/16/2018","1521158400","268730.4354"
"3/17/2018","1521244800","266964.9124"
"3/18/2018","1521331200","264836.0208"
"3/19/2018","1521417600","265871.0509"
"3/20/2018","1521504000","267110.5194"
"3/21/2018","1521590400","263506.8368"
"3/22/2018","1521676800","263150.0403"
"3/23/2018","1521763200","264344.1817"
"3/24/2018","1521849600","262566.4697"
"3/25/2018","1521936000","263810.3782"
"3/26/2018","1522022400","270957.8644"
"3/27/2018","1522108800","264771.4928"
"3/28/2018","1522195200","264397.7036"
"3/29/2018","1522281600","259874.6018"
"3/30/2018","1522368000","262829.8108"
"3/31/2018","1522454400","259223.1258"
"4/1/2018","1522540800","259619.4056"
"4/2/2018","1522627200","259753.6379"
"4/3/2018","1522713600","253904.2585"
"4/4/2018","1522800000","256180.9285"
"4/5/2018","1522886400","257751.3129"
"4/6/2018","1522972800","264227.0250"
"4/7/2018","1523059200","259807.1339"
"4/8/2018","1523145600","257932.3909"
"4/9/2018","1523232000","249655.5258"
"4/10/2018","1523318400","255877.3350"
"4/11/2018","1523404800","253513.7145"
"4/12/2018","1523491200","252079.5961"
"4/13/2018","1523577600","254808.1705"
"4/14/2018","1523664000","255080.6519"
"4/15/2018","1523750400","255100.7545"
"4/16/2018","1523836800","256052.3846"
"4/17/2018","1523923200","255808.7177"
"4/18/2018","1524009600","249352.2209"
"4/19/2018","1524096000","256511.2913"
"4/20/2018","1524182400","250405.9833"
"4/21/2018","1524268800","259913.5162"
"4/22/2018","1524355200","256619.2584"
"4/23/2018","1524441600","260832.2833"
"4/24/2018","1524528000","255641.5849"
"4/25/2018","1524614400","257805.5643"
"4/26/2018","1524700800","267393.1962"
"4/27/2018","1524787200","257910.9333"
"4/28/2018","1524873600","254255.7956"
"4/29/2018","1524960000","265643.9588"
"4/30/2018","1525046400","264176.9608"
"5/1/2018","1525132800","256434.1957"
"5/2/2018","1525219200","261978.5703"
"5/3/2018","1525305600","263056.9143"
"5/4/2018","1525392000","266084.0108"
"5/5/2018","1525478400","270333.0862"
"5/6/2018","1525564800","270847.4157"
"5/7/2018","1525651200","276583.2170"
"5/8/2018","1525737600","273677.2789"
"5/9/2018","1525824000","270175.0286"
"5/10/2018","1525910400","270049.0630"
"5/11/2018","1525996800","273083.2403"
"5/12/2018","1526083200","278875.4553"
"5/13/2018","1526169600","278287.4780"
"5/14/2018","1526256000","273117.6599"
"5/15/2018","1526342400","269469.4111"
"5/16/2018","1526428800","269830.2400"
"5/17/2018","1526515200","272613.0226"
"5/18/2018","1526601600","270655.4582"
"5/19/2018","1526688000","272017.1413"
"5/20/2018","1526774400","275816.8568"
"5/21/2018","1526860800","278244.7720"
"5/22/2018","1526947200","275055.3865"
"5/23/2018","1527033600","274364.4160"
"5/24/2018","1527120000","264380.7978"
"5/25/2018","1527206400","266471.1125"
"5/26/2018","1527292800","270868.0697"
"5/27/2018","1527379200","264353.7928"
"5/28/2018","1527465600","269029.2955"
"5/29/2018","1527552000","268134.3091"
"5/30/2018","1527638400","265948.7560"
"5/31/2018","1527724800","272316.5210"
"6/1/2018","1527811200","261144.0211"
"6/2/2018","1527897600","268099.8023"
"6/3/2018","1527984000","266067.2667"
"6/4/2018","1528070400","267430.5410"
"6/5/2018","1528156800","266560.0064"
"6/6/2018","1528243200","265007.3855"
"6/7/2018","1528329600","267538.3994"
"6/8/2018","1528416000","268957.8818"
"6/9/2018","1528502400","280223.7453"
"6/10/2018","1528588800","269619.0449"
"6/11/2018","1528675200","274305.6302"
"6/12/2018","1528761600","277830.7046"
"6/13/2018","1528848000","270306.5868"
"6/14/2018","1528934400","269852.2189"
"6/15/2018","1529020800","269008.4063"
"6/16/2018","1529107200","271809.3725"
"6/17/2018","1529193600","269649.1862"
"6/18/2018","1529280000","279860.2700"
"6/19/2018","1529366400","282435.7599"
"6/20/2018","1529452800","279162.6223"
"6/21/2018","1529539200","282764.1807"
"6/22/2018","1529625600","284625.7577"
"6/23/2018","1529712000","280672.2867"
"6/24/2018","1529798400","281667.0977"
"6/25/2018","1529884800","282781.5154"
"6/26/2018","1529971200","280157.7279"
"6/27/2018","1530057600","288133.7823"
"6/28/2018","1530144000","279301.5766"
"6/29/2018","1530230400","277277.2425"
"6/30/2018","1530316800","287848.4026"
"7/1/2018","1530403200","276235.7552"
"7/2/2018","1530489600","281066.2288"
"7/3/2018","1530576000","285353.1633"
"7/4/2018","1530662400","282978.2286"
"7/5/2018","1530748800","292250.0375"
"7/6/2018","1530835200","287617.8867"
"7/7/2018","1530921600","290970.1220"
"7/8/2018","1531008000","285211.1629"
"7/9/2018","1531094400","292711.4538"
"7/10/2018","1531180800","285475.5765"
"7/11/2018","1531267200","277618.9439"
"7/12/2018","1531353600","280736.7326"
"7/13/2018","1531440000","277972.6386"
"7/14/2018","1531526400","278402.5296"
"7/15/2018","1531612800","280223.7415"
"7/16/2018","1531699200","280468.6157"
"7/17/2018","1531785600","286575.5390"
"7/18/2018","1531872000","284188.3364"
"7/19/2018","1531958400","280865.4338"
"7/20/2018","1532044800","276215.2061"
"7/21/2018","1532131200","265356.9052"
"7/22/2018","1532217600","277879.9228"
"7/23/2018","1532304000","287300.9941"
"7/24/2018","1532390400","282719.1101"
"7/25/2018","1532476800","289873.6853"
"7/26/2018","1532563200","287517.1961"
"7/27/2018","1532649600","286980.1700"
"7/28/2018","1532736000","288229.5692"
"7/29/2018","1532822400","289579.6618"
"7/30/2018","1532908800","289075.2031"
"7/31/2018","1532995200","290345.5569"
"8/1/2018","1533081600","287162.3906"
"8/2/2018","1533168000","292800.3203"
"8/3/2018","1533254400","285672.7276"
"8/4/2018","1533340800","292889.4426"
"8/5/2018","1533427200","293048.5066"
"8/6/2018","1533513600","293327.1090"
"8/7/2018","1533600000","291954.5748"
"8/8/2018","1533686400","294985.5601"
"8/9/2018","1533772800","295911.9974"
"8/10/2018","1533859200","292146.4903"
"8/11/2018","1533945600","293393.2115"
"8/12/2018","1534032000","285376.3397"
"8/13/2018","1534118400","285178.2999"
"8/14/2018","1534204800","286578.1953"
"8/15/2018","1534291200","283434.3978"
"8/16/2018","1534377600","279030.9812"
"8/17/2018","1534464000","284891.2505"
"8/18/2018","1534550400","280430.8589"
"8/19/2018","1534636800","282006.0502"
"8/20/2018","1534723200","283826.5336"
"8/21/2018","1534809600","286170.3659"
"8/22/2018","1534896000","289763.7194"
"8/23/2018","1534982400","279114.1930"
"8/24/2018","1535068800","282957.4500"
"8/25/2018","1535155200","283524.6978"
"8/26/2018","1535241600","288842.6926"
"8/27/2018","1535328000","285297.4737"
"8/28/2018","1535414400","282969.4280"
"8/29/2018","1535500800","278007.4815"
"8/30/2018","1535587200","279549.2413"
"8/31/2018","1535673600","280439.7219"
"9/1/2018","1535760000","277588.8544"
"9/2/2018","1535846400","274831.7379"
"9/3/2018","1535932800","274967.4979"
"9/4/2018","1536019200","276727.4580"
"9/5/2018","1536105600","277065.2980"
"9/6/2018","1536192000","276862.3513"
"9/7/2018","1536278400","272247.9516"
"9/8/2018","1536364800","271323.9081"
"9/9/2018","1536451200","257770.4413"
"9/10/2018","1536537600","260772.6661"
"9/11/2018","1536624000","255565.1744"
"9/12/2018","1536710400","252569.2634"
"9/13/2018","1536796800","246361.6094"
"9/14/2018","1536883200","253565.5649"
"9/15/2018","1536969600","254429.8705"
"9/16/2018","1537056000","253293.4755"
"9/17/2018","1537142400","254187.1006"
"9/18/2018","1537228800","253649.0746"
"9/19/2018","1537315200","257726.2250"
"9/20/2018","1537401600","256660.2049"
"9/21/2018","1537488000","255415.9684"
"9/22/2018","1537574400","262892.1809"
"9/23/2018","1537660800","260332.2270"
"9/24/2018","1537747200","261741.3439"
"9/25/2018","1537833600","259333.6504"
"9/26/2018","1537920000","266760.1081"
"9/27/2018","1538006400","265516.5942"
"9/28/2018","1538092800","264448.9358"
"9/29/2018","1538179200","259938.0808"
"9/30/2018","1538265600","263793.7941"
"10/1/2018","1538352000","259027.1628"
"10/2/2018","1538438400","259556.2604"
"10/3/2018","1538524800","258086.8149"
"10/4/2018","1538611200","261317.7945"
"10/5/2018","1538697600","259922.3350"
"10/6/2018","1538784000","261827.4556"
"10/7/2018","1538870400","263804.8258"
"10/8/2018","1538956800","266039.6993"
"10/9/2018","1539043200","263567.6875"
"10/10/2018","1539129600","263745.3818"
"10/11/2018","1539216000","259550.9898"
"10/12/2018","1539302400","259276.4273"
"10/13/2018","1539388800","256898.5131"
"10/14/2018","1539475200","259153.1832"
"10/15/2018","1539561600","257050.9069"
"10/16/2018","1539648000","257301.1164"
"10/17/2018","1539734400","255963.6456"
"10/18/2018","1539820800","260467.6722"
"10/19/2018","1539907200","257014.0360"
"10/20/2018","1539993600","254001.5821"
"10/21/2018","1540080000","250880.7230"
"10/22/2018","1540166400","248448.5101"
"10/23/2018","1540252800","251290.4440"
"10/24/2018","1540339200","252624.5976"
"10/25/2018","1540425600","248587.8675"
"10/26/2018","1540512000","247418.1596"
"10/27/2018","1540598400","249171.0755"
"10/28/2018","1540684800","247255.9293"
"10/29/2018","1540771200","245030.1321"
"10/30/2018","1540857600","246201.3542"
"10/31/2018","1540944000","250905.0699"
"11/1/2018","1541030400","244006.5278"
"11/2/2018","1541116800","238273.7031"
"11/3/2018","1541203200","238121.4847"
"11/4/2018","1541289600","242188.0672"
"11/5/2018","1541376000","240396.5874"
"11/6/2018","1541462400","240620.5981"
"11/7/2018","1541548800","242339.0598"
"11/8/2018","1541635200","244303.6240"
"11/9/2018","1541721600","239347.1981"
"11/10/2018","1541808000","241506.2067"
"11/11/2018","1541894400","246520.2576"
"11/12/2018","1541980800","240140.4087"
"11/13/2018","1542067200","242075.0552"
"11/14/2018","1542153600","242719.7623"
"11/15/2018","1542240000","241426.5550"
"11/16/2018","1542326400","245905.3567"
"11/17/2018","1542412800","236757.3434"
"11/18/2018","1542499200","237403.7532"
"11/19/2018","1542585600","234641.4812"
"11/20/2018","1542672000","230234.6676"
"11/21/2018","1542758400","221561.8192"
"11/22/2018","1542844800","215752.1927"
"11/23/2018","1542931200","218447.3683"
"11/24/2018","1543017600","216064.3952"
"11/25/2018","1543104000","212268.4544"
"11/26/2018","1543190400","212144.5729"
"11/27/2018","1543276800","195098.6206"
"11/28/2018","1543363200","187566.5787"
"11/29/2018","1543449600","190642.8421"
"11/30/2018","1543536000","189699.1171"
"12/1/2018","1543622400","194472.9925"
"12/2/2018","1543708800","186119.0702"
"12/3/2018","1543795200","185698.7963"
"12/4/2018","1543881600","189779.3064"
"12/5/2018","1543968000","185236.3756"
"12/6/2018","1544054400","188467.1311"
"12/7/2018","1544140800","180043.8657"
"12/8/2018","1544227200","176367.3456"
"12/9/2018","1544313600","174777.9395"
"12/10/2018","1544400000","184534.7880"
"12/11/2018","1544486400","177759.9197"
"12/12/2018","1544572800","172754.9686"
"12/13/2018","1544659200","171179.1852"
"12/14/2018","1544745600","167959.6613"
"12/15/2018","1544832000","171971.1573"
"12/16/2018","1544918400","169448.7942"
"12/17/2018","1545004800","166783.1153"
"12/18/2018","1545091200","163361.8500"
"12/19/2018","1545177600","165252.0656"
"12/20/2018","1545264000","164235.7302"
"12/21/2018","1545350400","166137.2784"
"12/22/2018","1545436800","168323.7647"
"12/23/2018","1545523200","169348.9776"
"12/24/2018","1545609600","177137.1590"
"12/25/2018","1545696000","182556.3271"
"12/26/2018","1545782400","189689.6534"
"12/27/2018","1545868800","184499.9643"
"12/28/2018","1545955200","181452.6836"
"12/29/2018","1546041600","182108.4782"
"12/30/2018","1546128000","183085.9828"
"12/31/2018","1546214400","185526.8826"
"1/1/2019","1546300800","174844.3888"
"1/2/2019","1546387200","180873.7589"
"1/3/2019","1546473600","181264.0069"
"1/4/2019","1546560000","180399.7742"
"1/5/2019","1546646400","185468.0980"
"1/6/2019","1546732800","187186.1718"
"1/7/2019","1546819200","190298.3768"
"1/8/2019","1546905600","184981.6534"
"1/9/2019","1546992000","190211.5117"
"1/10/2019","1547078400","186276.7852"
"1/11/2019","1547164800","186790.9227"
"1/12/2019","1547251200","181093.0092"
"1/13/2019","1547337600","182569.7794"
"1/14/2019","1547424000","184943.4647"
"1/15/2019","1547510400","188708.0399"
"1/16/2019","1547596800","179529.6880"
"1/17/2019","1547683200","177700.9741"
"1/18/2019","1547769600","177754.3264"
"1/19/2019","1547856000","184503.3671"
"1/20/2019","1547942400","184550.3414"
"1/21/2019","1548028800","178144.5980"
"1/22/2019","1548115200","180021.9752"
"1/23/2019","1548201600","168483.6724"
"1/24/2019","1548288000","175286.5866"
"1/25/2019","1548374400","175620.0016"
"1/26/2019","1548460800","170993.5618"
"1/27/2019","1548547200","168650.5178"
"1/28/2019","1548633600","155983.8223"
"1/29/2019","1548720000","146880.6219"
"1/30/2019","1548806400","145301.9116"
"1/31/2019","1548892800","150028.8135"
"2/1/2019","1548979200","143116.0140"
"2/2/2019","1549065600","143036.2313"
"2/3/2019","1549152000","139150.9121"
"2/4/2019","1549238400","141058.0782"
"2/5/2019","1549324800","141593.6815"
"2/6/2019","1549411200","139435.1741"
"2/7/2019","1549497600","139449.9210"
"2/8/2019","1549584000","142467.7242"
"2/9/2019","1549670400","141162.9802"
"2/10/2019","1549756800","145132.8832"
"2/11/2019","1549843200","142235.6399"
"2/12/2019","1549929600","147544.2715"
"2/13/2019","1550016000","142540.4061"
"2/14/2019","1550102400","140337.5751"
"2/15/2019","1550188800","139939.2522"
"2/16/2019","1550275200","144000.9622"
"2/17/2019","1550361600","140520.5263"
"2/18/2019","1550448000","144791.9973"
"2/19/2019","1550534400","154063.7497"
"2/20/2019","1550620800","152931.5965"
"2/21/2019","1550707200","152031.7369"
"2/22/2019","1550793600","150079.7621"
"2/23/2019","1550880000","159998.9286"
"2/24/2019","1550966400","156160.2762"
"2/25/2019","1551052800","154106.7468"
"2/26/2019","1551139200","156426.1998"
"2/27/2019","1551225600","156143.0510"
"2/28/2019","1551312000","157689.3983"
"3/1/2019","1551398400","153097.6788"
"3/2/2019","1551484800","153058.8872"
"3/3/2019","1551571200","151531.1136"
"3/4/2019","1551657600","150458.7982"
"3/5/2019","1551744000","152786.6159"
"3/6/2019","1551830400","151340.1074"
"3/7/2019","1551916800","151877.0796"
"3/8/2019","1552003200","153458.7686"
"3/9/2019","1552089600","148650.1467"
"3/10/2019","1552176000","152288.5413"
"3/11/2019","1552262400","148706.8400"
"3/12/2019","1552348800","147963.0717"
"3/13/2019","1552435200","146450.3292"
"3/14/2019","1552521600","147584.4770"
"3/15/2019","1552608000","147372.3030"
"3/16/2019","1552694400","153072.7414"
"3/17/2019","1552780800","150878.2844"
"3/18/2019","1552867200","148627.3403"
"3/19/2019","1552953600","144234.0276"
"3/20/2019","1553040000","150209.6171"
"3/21/2019","1553126400","148069.7725"
"3/22/2019","1553212800","146786.8620"
"3/23/2019","1553299200","147430.1559"
"3/24/2019","1553385600","147221.5813"
"3/25/2019","1553472000","147020.8267"
"3/26/2019","1553558400","142510.2071"
"3/27/2019","1553644800","141617.4885"
"3/28/2019","1553731200","141422.8001"
"3/29/2019","1553817600","141987.9888"
"3/30/2019","1553904000","136800.3330"
"3/31/2019","1553990400","137794.0603"
"4/1/2019","1554076800","145052.8084"
"4/2/2019","1554163200","143434.3513"
"4/3/2019","1554249600","142099.9699"
"4/4/2019","1554336000","146678.0654"
"4/5/2019","1554422400","145454.2284"
"4/6/2019","1554508800","146623.5430"
"4/7/2019","1554595200","145749.6505"
"4/8/2019","1554681600","146577.5911"
"4/9/2019","1554768000","147734.0918"
"4/10/2019","1554854400","151042.7971"
"4/11/2019","1554940800","150418.3563"
"4/12/2019","1555027200","149367.7831"
"4/13/2019","1555113600","152091.1421"
"4/14/2019","1555200000","153896.4586"
"4/15/2019","1555286400","154386.8729"
"4/16/2019","1555372800","151780.8453"
"4/17/2019","1555459200","148013.0854"
"4/18/2019","1555545600","147588.2697"
"4/19/2019","1555632000","150842.0119"
"4/20/2019","1555718400","149431.5319"
"4/21/2019","1555804800","150581.2768"
"4/22/2019","1555891200","152211.0941"
"4/23/2019","1555977600","150491.5580"
"4/24/2019","1556064000","147605.7983"
"4/25/2019","1556150400","148047.3709"
"4/26/2019","1556236800","148934.0643"
"4/27/2019","1556323200","151569.4474"
"4/28/2019","1556409600","150065.7930"
"4/29/2019","1556496000","152499.3160"
"4/30/2019","1556582400","154027.7600"
"5/1/2019","1556668800","153722.9371"
"5/2/2019","1556755200","152292.7053"
"5/3/2019","1556841600","149734.1014"
"5/4/2019","1556928000","157316.5166"
"5/5/2019","1557014400","156285.5768"
"5/6/2019","1557100800","152371.8572"
"5/7/2019","1557187200","155268.5990"
"5/8/2019","1557273600","153710.6000"
"5/9/2019","1557360000","154275.3123"
"5/10/2019","1557446400","154745.8825"
"5/11/2019","1557532800","155036.8502"
"5/12/2019","1557619200","157778.9209"
"5/13/2019","1557705600","155740.5065"
"5/14/2019","1557792000","160908.9520"
"5/15/2019","1557878400","162979.1160"
"5/16/2019","1557964800","161412.0335"
"5/17/2019","1558051200","170929.3098"
"5/18/2019","1558137600","171711.2012"
"5/19/2019","1558224000","168230.6420"
"5/20/2019","1558310400","165541.0784"
"5/21/2019","1558396800","163076.6483"
"5/22/2019","1558483200","164945.5750"
"5/23/2019","1558569600","162420.2795"
"5/24/2019","1558656000","159701.1251"
"5/25/2019","1558742400","162225.7339"
"5/26/2019","1558828800","161032.7064"
"5/27/2019","1558915200","165801.4740"
"5/28/2019","1559001600","161367.1711"
"5/29/2019","1559088000","171496.9579"
"5/30/2019","1559174400","168020.9482"
"5/31/2019","1559260800","169060.8842"
"6/1/2019","1559347200","169032.1384"
"6/2/2019","1559433600","170485.9048"
"6/3/2019","1559520000","163195.0397"
"6/4/2019","1559606400","164488.7217"
"6/5/2019","1559692800","162120.4283"
"6/6/2019","1559779200","168419.0153"
"6/7/2019","1559865600","167649.4198"
"6/8/2019","1559952000","163030.2239"
"6/9/2019","1560038400","159778.6588"
"6/10/2019","1560124800","163745.7268"
"6/11/2019","1560211200","161584.9525"
"6/12/2019","1560297600","161245.1261"
"6/13/2019","1560384000","158745.7391"
"6/14/2019","1560470400","159829.0172"
"6/15/2019","1560556800","160137.3641"
"6/16/2019","1560643200","160811.7646"
"6/17/2019","1560729600","161713.7849"
"6/18/2019","1560816000","160000.6762"
"6/19/2019","1560902400","163011.8685"
"6/20/2019","1560988800","162069.9412"
"6/21/2019","1561075200","159418.4325"
"6/22/2019","1561161600","159827.2427"
"6/23/2019","1561248000","162318.9054"
"6/24/2019","1561334400","166178.5326"
"6/25/2019","1561420800","167034.8124"
"6/26/2019","1561507200","174451.6268"
"6/27/2019","1561593600","172580.4660"
"6/28/2019","1561680000","169995.0119"
"6/29/2019","1561766400","174666.3416"
"6/30/2019","1561852800","174456.9459"
"7/1/2019","1561939200","172460.4335"
"7/2/2019","1562025600","175169.9131"
"7/3/2019","1562112000","169411.2432"
"7/4/2019","1562198400","168938.6016"
"7/5/2019","1562284800","169048.8549"
"7/6/2019","1562371200","174383.7818"
"7/7/2019","1562457600","171995.4145"
"7/8/2019","1562544000","170731.7849"
"7/9/2019","1562630400","174574.8690"
"7/10/2019","1562716800","175227.6061"
"7/11/2019","1562803200","179304.7615"
"7/12/2019","1562889600","179359.1291"
"7/13/2019","1562976000","178738.4731"
"7/14/2019","1563062400","182054.5074"
"7/15/2019","1563148800","180056.6460"
"7/16/2019","1563235200","174846.4557"
"7/17/2019","1563321600","179646.5336"
"7/18/2019","1563408000","179801.3623"
"7/19/2019","1563494400","173673.0553"
"7/20/2019","1563580800","177854.7534"
"7/21/2019","1563667200","173257.4950"
"7/22/2019","1563753600","172778.6891"
"7/23/2019","1563840000","175478.3440"
"7/24/2019","1563926400","176912.3762"
"7/25/2019","1564012800","175360.1291"
"7/26/2019","1564099200","174397.9111"
"7/27/2019","1564185600","179382.5403"
"7/28/2019","1564272000","176411.9848"
"7/29/2019","1564358400","175646.1396"
"7/30/2019","1564444800","180307.3545"
"7/31/2019","1564531200","174941.3510"
"8/1/2019","1564617600","173228.7337"
"8/2/2019","1564704000","176081.4457"
"8/3/2019","1564790400","178405.7882"
"8/4/2019","1564876800","180738.4185"
"8/5/2019","1564963200","183235.7199"
"8/6/2019","1565049600","182823.2826"
"8/7/2019","1565136000","184308.3472"
"8/8/2019","1565222400","182923.0343"
"8/9/2019","1565308800","181114.8757"
"8/10/2019","1565395200","186207.4469"
"8/11/2019","1565481600","181715.4689"
"8/12/2019","1565568000","184513.6914"
"8/13/2019","1565654400","183968.9350"
"8/14/2019","1565740800","182841.3072"
"8/15/2019","1565827200","182862.8915"
"8/16/2019","1565913600","182737.0873"
"8/17/2019","1566000000","186578.2674"
"8/18/2019","1566086400","179556.5396"
"8/19/2019","1566172800","179945.7710"
"8/20/2019","1566259200","178785.0863"
"8/21/2019","1566345600","177566.9045"
"8/22/2019","1566432000","171272.3935"
"8/23/2019","1566518400","177598.6117"
"8/24/2019","1566604800","173067.8396"
"8/25/2019","1566691200","174801.3614"
"8/26/2019","1566777600","177089.2406"
"8/27/2019","1566864000","170420.4691"
"8/28/2019","1566950400","173711.3269"
"8/29/2019","1567036800","179236.6472"
"8/30/2019","1567123200","180476.1969"
"8/31/2019","1567209600","177978.4232"
"9/1/2019","1567296000","176687.9581"
"9/2/2019","1567382400","178611.1120"
"9/3/2019","1567468800","179057.3439"
"9/4/2019","1567555200","175086.6283"
"9/5/2019","1567641600","178184.2536"
"9/6/2019","1567728000","172733.3243"
"9/7/2019","1567814400","181098.5111"
"9/8/2019","1567900800","180477.0910"
"9/9/2019","1567987200","177112.0631"
"9/10/2019","1568073600","178378.5661"
"9/11/2019","1568160000","179039.0460"
"9/12/2019","1568246400","185563.6201"
"9/13/2019","1568332800","181414.6861"
"9/14/2019","1568419200","184795.1620"
"9/15/2019","1568505600","183581.7865"
"9/16/2019","1568592000","189304.7567"
"9/17/2019","1568678400","192000.1552"
"9/18/2019","1568764800","196018.5435"
"9/19/2019","1568851200","190494.7857"
"9/20/2019","1568937600","193637.0258"
"9/21/2019","1569024000","198978.4597"
"9/22/2019","1569110400","192734.9286"
"9/23/2019","1569196800","199333.5360"
"9/24/2019","1569283200","191290.0079"
"9/25/2019","1569369600","196682.8169"
"9/26/2019","1569456000","197297.1021"
"9/27/2019","1569542400","194629.5574"
"9/28/2019","1569628800","195699.3392"
"9/29/2019","1569715200","194449.6847"
"9/30/2019","1569801600","193290.9662"
"10/1/2019","1569888000","194142.7961"
"10/2/2019","1569974400","188135.7534"
"10/3/2019","1570060800","186885.8356"
"10/4/2019","1570147200","188236.1630"
"10/5/2019","1570233600","188788.1289"
"10/6/2019","1570320000","189711.3362"
"10/7/2019","1570406400","187555.9301"
"10/8/2019","1570492800","186244.7815"
"10/9/2019","1570579200","185639.6907"
"10/10/2019","1570665600","188842.2452"
"10/11/2019","1570752000","193819.3686"
"10/12/2019","1570838400","187123.4417"
"10/13/2019","1570924800","192904.6556"
"10/14/2019","1571011200","188728.8483"
"10/15/2019","1571097600","199635.4789"
"10/16/2019","1571184000","193962.3520"
"10/17/2019","1571270400","193195.3343"
"10/18/2019","1571356800","187021.2994"
"10/19/2019","1571443200","193141.7473"
"10/20/2019","1571529600","193542.0555"
"10/21/2019","1571616000","186014.7475"
"10/22/2019","1571702400","187596.6071"
"10/23/2019","1571788800","194378.8577"
"10/24/2019","1571875200","189521.9698"
"10/25/2019","1571961600","182920.1315"
"10/26/2019","1572048000","187611.5163"
"10/27/2019","1572134400","182320.5677"
"10/28/2019","1572220800","184699.5557"
"10/29/2019","1572307200","185683.4638"
"10/30/2019","1572393600","188925.8577"
"10/31/2019","1572480000","188955.6530"
"11/1/2019","1572566400","190522.2155"
"11/2/2019","1572652800","187497.2537"
"11/3/2019","1572739200","186341.3478"
"11/4/2019","1572825600","183158.2215"
"11/5/2019","1572912000","185653.8604"
"11/6/2019","1572998400","188146.3516"
"11/7/2019","1573084800","187902.6798"
"11/8/2019","1573171200","186125.1496"
"11/9/2019","1573257600","185629.0391"
"11/10/2019","1573344000","185993.7726"
"11/11/2019","1573430400","183827.7149"
"11/12/2019","1573516800","186497.6129"
"11/13/2019","1573603200","189834.3566"
"11/14/2019","1573689600","185732.0410"
"11/15/2019","1573776000","184339.1196"
"11/16/2019","1573862400","180723.6621"
"11/17/2019","1573948800","185684.0567"
"11/18/2019","1574035200","186160.7828"
"11/19/2019","1574121600","175333.3710"
"11/20/2019","1574208000","173702.3998"
"11/21/2019","1574294400","183109.0627"
"11/22/2019","1574380800","178083.5605"
"11/23/2019","1574467200","180500.2788"
"11/24/2019","1574553600","180480.0363"
"11/25/2019","1574640000","183588.5360"
"11/26/2019","1574726400","168897.6230"
"11/27/2019","1574812800","174877.5321"
"11/28/2019","1574899200","174311.4474"
"11/29/2019","1574985600","174000.1415"
"11/30/2019","1575072000","176390.3669"
"12/1/2019","1575158400","172298.0926"
"12/2/2019","1575244800","175854.8519"
"12/3/2019","1575331200","178911.1430"
"12/4/2019","1575417600","175050.2398"
"12/5/2019","1575504000","172730.8160"
"12/6/2019","1575590400","171233.5507"
"12/7/2019","1575676800","176272.2813"
"12/8/2019","1575763200","169367.0811"
"12/9/2019","1575849600","172054.7120"
"12/10/2019","1575936000","179249.6091"
"12/11/2019","1576022400","171878.7392"
"12/12/2019","1576108800","174150.7808"
"12/13/2019","1576195200","174481.2401"
"12/14/2019","1576281600","175955.0134"
"12/15/2019","1576368000","174569.0659"
"12/16/2019","1576454400","172713.1110"
"12/17/2019","1576540800","165001.0049"
"12/18/2019","1576627200","157833.9578"
"12/19/2019","1576713600","157333.8268"
"12/20/2019","1576800000","152167.8760"
"12/21/2019","1576886400","156301.3854"
"12/22/2019","1576972800","153702.3630"
"12/23/2019","1577059200","154446.2514"
"12/24/2019","1577145600","154675.0497"
"12/25/2019","1577232000","150677.2825"
"12/26/2019","1577318400","150043.9567"
"12/27/2019","1577404800","151261.3112"
"12/28/2019","1577491200","154481.3106"
"12/29/2019","1577577600","154880.2767"
"12/30/2019","1577664000","154669.2561"
"12/31/2019","1577750400","152624.5334"
"1/1/2020","1577836800","147405.0591"
"1/2/2020","1577923200","153540.7797"
"1/3/2020","1578009600","157936.4610"
"1/4/2020","1578096000","166126.2541"
"1/5/2020","1578182400","160833.3584"
"1/6/2020","1578268800","163488.3609"
"1/7/2020","1578355200","167175.9771"
"1/8/2020","1578441600","163834.6991"
"1/9/2020","1578528000","159783.4716"
"1/10/2020","1578614400","165545.2952"
"1/11/2020","1578700800","166705.0085"
"1/12/2020","1578787200","165169.4178"
"1/13/2020","1578873600","165180.9953"
"1/14/2020","1578960000","164961.5290"
"1/15/2020","1579046400","167670.5050"
"1/16/2020","1579132800","165250.7085"
"1/17/2020","1579219200","167107.4379"
"1/18/2020","1579305600","164400.5557"
"1/19/2020","1579392000","165779.1695"
"1/20/2020","1579478400","165912.9610"
"1/21/2020","1579564800","167454.6893"
"1/22/2020","1579651200","164662.2315"
"1/23/2020","1579737600","166597.4955"
"1/24/2020","1579824000","168238.2329"
"1/25/2020","1579910400","165886.0094"
"1/26/2020","1579996800","163876.5952"
"1/27/2020","1580083200","165508.1396"
"1/28/2020","1580169600","162239.4780"
"1/29/2020","1580256000","166197.8155"
"1/30/2020","1580342400","162017.7441"
"1/31/2020","1580428800","163956.0520"
"2/1/2020","1580515200","161285.6779"
"2/2/2020","1580601600","166373.2284"
"2/3/2020","1580688000","165951.0448"
"2/4/2020","1580774400","169235.5531"
"2/5/2020","1580860800","166350.6544"
"2/6/2020","1580947200","167236.1033"
"2/7/2020","1581033600","166976.9560"
"2/8/2020","1581120000","169782.3201"
"2/9/2020","1581206400","167141.6776"
"2/10/2020","1581292800","169133.5830"
"2/11/2020","1581379200","171016.5903"
"2/12/2020","1581465600","171999.2678"
"2/13/2020","1581552000","174669.8601"
"2/14/2020","1581638400","176201.7851"
"2/15/2020","1581724800","175960.8209"
"2/16/2020","1581811200","177480.6060"
"2/17/2020","1581897600","177058.5556"
"2/18/2020","1581984000","178181.3898"
"2/19/2020","1582070400","186380.1308"
"2/20/2020","1582156800","179729.8399"
"2/21/2020","1582243200","176910.3998"
"2/22/2020","1582329600","181624.5650"
"2/23/2020","1582416000","180174.6165"
"2/24/2020","1582502400","182405.6804"
"2/25/2020","1582588800","177630.0342"
"2/26/2020","1582675200","179982.0467"
"2/27/2020","1582761600","186077.8083"
"2/28/2020","1582848000","181946.0373"
"2/29/2020","1582934400","182091.2526"
"3/1/2020","1583020800","179991.3884"
"3/2/2020","1583107200","178671.1802"
"3/3/2020","1583193600","180471.7872"
"3/4/2020","1583280000","182760.3248"
"3/5/2020","1583366400","181102.9681"
"3/6/2020","1583452800","178353.2062"
"3/7/2020","1583539200","181256.3073"
"3/8/2020","1583625600","185905.5478"
"3/9/2020","1583712000","181825.0150"
"3/10/2020","1583798400","182248.8650"
"3/11/2020","1583884800","179478.6731"
"3/12/2020","1583971200","181893.0697"
"3/13/2020","1584057600","175549.6073"
"3/14/2020","1584144000","172709.6044"
"3/15/2020","1584230400","173963.8993"
"3/16/2020","1584316800","174899.7895"
"3/17/2020","1584403200","170012.8814"
"3/18/2020","1584489600","174364.8188"
"3/19/2020","1584576000","174894.1210"
"3/20/2020","1584662400","174054.6792"
"3/21/2020","1584748800","180106.6438"
"3/22/2020","1584835200","171178.0093"
"3/23/2020","1584921600","175188.2453"
"3/24/2020","1585008000","177982.9948"
"3/25/2020","1585094400","175666.9651"
"3/26/2020","1585180800","176100.0611"
"3/27/2020","1585267200","176455.2315"
"3/28/2020","1585353600","175777.2138"
"3/29/2020","1585440000","179550.9457"
"3/30/2020","1585526400","178537.4684"
"3/31/2020","1585612800","173915.7244"
"4/1/2020","1585699200","175437.1217"
"4/2/2020","1585785600","179392.9219"
"4/3/2020","1585872000","176900.7739"
"4/4/2020","1585958400","173156.1962"
"4/5/2020","1586044800","175373.6226"
"4/6/2020","1586131200","169202.2306"
"4/7/2020","1586217600","175025.1447"
"4/8/2020","1586304000","175128.6673"
"4/9/2020","1586390400","175967.1102"
"4/10/2020","1586476800","179741.0364"
"4/11/2020","1586563200","172886.6181"
"4/12/2020","1586649600","179009.2760"
"4/13/2020","1586736000","177007.9711"
"4/14/2020","1586822400","180310.8990"
"4/15/2020","1586908800","179367.6687"
"4/16/2020","1586995200","180755.6439"
"4/17/2020","1587081600","177414.4765"
"4/18/2020","1587168000","178317.7031"
"4/19/2020","1587254400","174688.5976"
"4/20/2020","1587340800","174358.8137"
"4/21/2020","1587427200","176861.6965"
"4/22/2020","1587513600","176800.2512"
"4/23/2020","1587600000","180267.5215"
"4/24/2020","1587686400","177248.1154"
"4/25/2020","1587772800","175986.0193"
"4/26/2020","1587859200","176996.6145"
"4/27/2020","1587945600","173346.0474"
"4/28/2020","1588032000","172852.1464"
"4/29/2020","1588118400","179635.5417"
"4/30/2020","1588204800","182026.9342"
"5/1/2020","1588291200","187072.9465"
"5/2/2020","1588377600","185525.6094"
"5/3/2020","1588464000","180677.0771"
"5/4/2020","1588550400","187491.3243"
"5/5/2020","1588636800","186883.6871"
"5/6/2020","1588723200","180890.2501"
"5/7/2020","1588809600","178858.6722"
"5/8/2020","1588896000","182842.5816"
"5/9/2020","1588982400","181423.8739"
"5/10/2020","1589068800","179648.2506"
"5/11/2020","1589155200","180380.3095"
"5/12/2020","1589241600","180024.9859"
"5/13/2020","1589328000","179815.0142"
"5/14/2020","1589414400","182810.0862"
"5/15/2020","1589500800","184975.6186"
"5/16/2020","1589587200","180021.6285"
"5/17/2020","1589673600","186270.6822"
"5/18/2020","1589760000","179821.4184"
"5/19/2020","1589846400","177233.7735"
"5/20/2020","1589932800","183119.6911"
"5/21/2020","1590019200","178439.1463"
"5/22/2020","1590105600","178254.4489"
"5/23/2020","1590192000","183802.3927"
"5/24/2020","1590278400","182768.8961"
"5/25/2020","1590364800","178237.2261"
"5/26/2020","1590451200","179206.0128"
"5/27/2020","1590537600","182878.1103"
"5/28/2020","1590624000","178634.5644"
"5/29/2020","1590710400","181030.9257"
"5/30/2020","1590796800","183447.9762"
"5/31/2020","1590883200","186409.6740"
"6/1/2020","1590969600","182664.2025"
"6/2/2020","1591056000","185110.4610"
"6/3/2020","1591142400","186574.1541"
"6/4/2020","1591228800","187369.4002"
"6/5/2020","1591315200","186074.6592"
"6/6/2020","1591401600","186023.9917"
"6/7/2020","1591488000","188580.2037"
"6/8/2020","1591574400","185010.9266"
"6/9/2020","1591660800","183292.2598"
"6/10/2020","1591747200","179062.9459"
"6/11/2020","1591833600","181450.5696"
"6/12/2020","1591920000","182327.0387"
"6/13/2020","1592006400","182747.7365"
"6/14/2020","1592092800","183596.2569"
"6/15/2020","1592179200","183324.2542"
"6/16/2020","1592265600","186231.7117"
"6/17/2020","1592352000","181591.9844"
"6/18/2020","1592438400","183042.3685"
"6/19/2020","1592524800","187071.0167"
"6/20/2020","1592611200","187926.7704"
"6/21/2020","1592697600","187588.6189"
"6/22/2020","1592784000","184143.0795"
"6/23/2020","1592870400","187652.3397"
"6/24/2020","1592956800","188992.2743"
"6/25/2020","1593043200","191614.8727"
"6/26/2020","1593129600","191549.0379"
"6/27/2020","1593216000","187756.7497"
"6/28/2020","1593302400","188072.1358"
"6/29/2020","1593388800","189963.4223"
"6/30/2020","1593475200","189228.7371"
"7/1/2020","1593561600","185545.7100"
"7/2/2020","1593648000","186918.4078"
"7/3/2020","1593734400","190406.3447"
"7/4/2020","1593820800","190449.2609"
"7/5/2020","1593907200","188952.1425"
"7/6/2020","1593993600","190273.3022"
"7/7/2020","1594080000","188128.8811"
"7/8/2020","1594166400","194438.6022"
"7/9/2020","1594252800","191400.8872"
"7/10/2020","1594339200","188557.7734"
"7/11/2020","1594425600","192487.6551"
"7/12/2020","1594512000","193606.8197"
"7/13/2020","1594598400","195185.0935"
"7/14/2020","1594684800","190762.5661"
"7/15/2020","1594771200","190147.5158"
"7/16/2020","1594857600","190666.2482"
"7/17/2020","1594944000","186762.8145"
"7/18/2020","1595030400","192865.5901"
"7/19/2020","1595116800","191833.4859"
"7/20/2020","1595203200","187914.2271"
"7/21/2020","1595289600","182592.6446"
"7/22/2020","1595376000","180690.7122"
"7/23/2020","1595462400","189843.8271"
"7/24/2020","1595548800","195802.2415"
"7/25/2020","1595635200","186965.8875"
"7/26/2020","1595721600","194586.5201"
"7/27/2020","1595808000","194650.5431"
"7/28/2020","1595894400","200572.0905"
"7/29/2020","1595980800","201604.2163"
"7/30/2020","1596067200","196434.3489"
"7/31/2020","1596153600","191051.4298"
"8/1/2020","1596240000","195149.3351"
"8/2/2020","1596326400","200624.1553"
"8/3/2020","1596412800","193873.5688"
"8/4/2020","1596499200","195108.6717"
"8/5/2020","1596585600","194383.8445"
"8/6/2020","1596672000","197226.2640"
"8/7/2020","1596758400","200371.0910"
"8/8/2020","1596844800","201237.8237"
"8/9/2020","1596931200","206618.5654"
"8/10/2020","1597017600","204235.9306"
"8/11/2020","1597104000","201388.7400"
"8/12/2020","1597190400","204993.2998"
"8/13/2020","1597276800","204911.4056"
"8/14/2020","1597363200","212972.5266"
"8/15/2020","1597449600","216288.0682"
"8/16/2020","1597536000","210989.8461"
"8/17/2020","1597622400","201924.5938"
"8/18/2020","1597708800","198715.7410"
"8/19/2020","1597795200","207161.0726"
"8/20/2020","1597881600","211546.0195"
"8/21/2020","1597968000","216400.1501"
"8/22/2020","1598054400","213028.1383"
"8/23/2020","1598140800","218512.3304"
"8/24/2020","1598227200","215700.7195"
"8/25/2020","1598313600","216519.2237"
"8/26/2020","1598400000","219546.5723"
"8/27/2020","1598486400","215614.0542"
"8/28/2020","1598572800","220801.5637"
"8/29/2020","1598659200","214522.2972"
"8/30/2020","1598745600","218630.3631"
"8/31/2020","1598832000","219795.4565"
"9/1/2020","1598918400","228234.5557"
"9/2/2020","1599004800","227655.0292"
"9/3/2020","1599091200","223022.8005"
"9/4/2020","1599177600","234450.5062"
"9/5/2020","1599264000","233423.1502"
"9/6/2020","1599350400","241698.6327"
"9/7/2020","1599436800","241281.8019"
"9/8/2020","1599523200","239313.3931"
"9/9/2020","1599609600","237497.0047"
"9/10/2020","1599696000","234123.9587"
"9/11/2020","1599782400","241833.8269"
"9/12/2020","1599868800","246616.9677"
"9/13/2020","1599955200","245792.1241"
"9/14/2020","1600041600","243008.2427"
"9/15/2020","1600128000","246299.1695"
"9/16/2020","1600214400","240506.6408"
"9/17/2020","1600300800","254113.4795"
"9/18/2020","1600387200","244661.5442"
"9/19/2020","1600473600","249157.4172"
"9/20/2020","1600560000","252148.0498"
"9/21/2020","1600646400","255543.1583"
"9/22/2020","1600732800","249373.9827"
"9/23/2020","1600819200","256221.4679"
"9/24/2020","1600905600","248121.4467"
"9/25/2020","1600992000","247769.8252"
"9/26/2020","1601078400","254199.3072"
"9/27/2020","1601164800","252519.4224"
"9/28/2020","1601251200","251418.9419"
"9/29/2020","1601337600","250888.4762"
"9/30/2020","1601424000","253214.6819"
"10/1/2020","1601510400","253031.2371"
"10/2/2020","1601596800","254357.3820"
"10/3/2020","1601683200","249457.7118"
"10/4/2020","1601769600","251323.8346"
"10/5/2020","1601856000","254987.7643"
"10/6/2020","1601942400","265383.1585"
"10/7/2020","1602028800","259382.3062"
"10/8/2020","1602115200","254594.1659"
"10/9/2020","1602201600","257731.4794"
"10/10/2020","1602288000","262559.7762"
"10/11/2020","1602374400","260752.4476"
"10/12/2020","1602460800","259780.9543"
"10/13/2020","1602547200","265919.1653"
"10/14/2020","1602633600","260079.1790"
"10/15/2020","1602720000","265545.7480"
"10/16/2020","1602806400","262450.2101"
"10/17/2020","1602892800","264144.0378"
"10/18/2020","1602979200","253714.0929"
"10/19/2020","1603065600","267424.9409"
"10/20/2020","1603152000","264326.5699"
"10/21/2020","1603238400","262889.3283"
"10/22/2020","1603324800","264632.0375"
"10/23/2020","1603411200","265293.0131"
"10/24/2020","1603497600","270618.4473"
"10/25/2020","1603584000","263123.7684"
"10/26/2020","1603670400","255042.5903"
"10/27/2020","1603756800","261270.7462"
"10/28/2020","1603843200","264434.5193"
"10/29/2020","1603929600","269899.6122"
"10/30/2020","1604016000","262882.3879"
"10/31/2020","1604102400","264362.7692"
"11/1/2020","1604188800","268618.7783"
"11/2/2020","1604275200","257635.8240"
"11/3/2020","1604361600","264416.6088"
"11/4/2020","1604448000","262921.7818"
"11/5/2020","1604534400","260937.2006"
"11/6/2020","1604620800","268987.9676"
"11/7/2020","1604707200","270855.0568"
"11/8/2020","1604793600","261643.3650"
"11/9/2020","1604880000","264378.0815"
"11/10/2020","1604966400","265163.0229"
"11/11/2020","1605052800","268484.3011"
"11/12/2020","1605139200","264618.1822"
"11/13/2020","1605225600","270725.9898"
"11/14/2020","1605312000","265454.2954"
"11/15/2020","1605398400","273273.2668"
"11/16/2020","1605484800","264013.4807"
"11/17/2020","1605571200","269938.1603"
"11/18/2020","1605657600","266830.9124"
"11/19/2020","1605744000","275283.4507"
"11/20/2020","1605830400","274936.7927"
"11/21/2020","1605916800","278233.8347"
"11/22/2020","1606003200","280235.5571"
"11/23/2020","1606089600","268619.2702"
"11/24/2020","1606176000","280066.8046"
"11/25/2020","1606262400","280107.1251"
"11/26/2020","1606348800","277569.0916"
"11/27/2020","1606435200","276594.2306"
"11/28/2020","1606521600","276630.2627"
"11/29/2020","1606608000","285270.8271"
"11/30/2020","1606694400","288183.5567"
"12/1/2020","1606780800","291797.5556"
"12/2/2020","1606867200","274311.2988"
"12/3/2020","1606953600","286334.5167"
"12/4/2020","1607040000","284417.8054"
"12/5/2020","1607126400","284714.3389"
"12/6/2020","1607212800","287939.1606"
"12/7/2020","1607299200","283120.0076"
"12/8/2020","1607385600","285510.2449"
"12/9/2020","1607472000","289906.1899"
"12/10/2020","1607558400","286073.0634"
"12/11/2020","1607644800","280182.3860"
"12/12/2020","1607731200","283508.9806"
"12/13/2020","1607817600","285898.3644"
"12/14/2020","1607904000","278583.3886"
"12/15/2020","1607990400","279636.5702"
"12/16/2020","1608076800","281807.8559"
"12/17/2020","1608163200","283549.4698"
"12/18/2020","1608249600","285546.1857"
"12/19/2020","1608336000","280966.9359"
"12/20/2020","1608422400","286901.0897"
"12/21/2020","1608508800","289574.4372"
"12/22/2020","1608595200","287688.3518"
"12/23/2020","1608681600","295181.6095"
"12/24/2020","1608768000","286676.6523"
"12/25/2020","1608854400","281844.0350"
"12/26/2020","1608940800","292173.1417"
"12/27/2020","1609027200","286869.8532"
"12/28/2020","1609113600","300739.6361"
"12/29/2020","1609200000","292932.1504"
"12/30/2020","1609286400","289658.8006"
"12/31/2020","1609372800","293670.9535"
"1/1/2021","1609459200","293762.6595"
"1/2/2021","1609545600","306346.6018"
"1/3/2021","1609632000","303868.9075"
"1/4/2021","1609718400","303251.2505"
"1/5/2021","1609804800","306097.1481"
"1/6/2021","1609891200","308011.7001"
"1/7/2021","1609977600","306700.5055"
"1/8/2021","1610064000","314493.4455"
"1/9/2021","1610150400","311835.6593"
"1/10/2021","1610236800","317391.2220"
"1/11/2021","1610323200","321688.6868"
"1/12/2021","1610409600","324396.8739"
"1/13/2021","1610496000","325770.1104"
"1/14/2021","1610582400","328131.9598"
"1/15/2021","1610668800","326202.6343"
"1/16/2021","1610755200","332255.1144"
"1/17/2021","1610841600","323388.4920"
"1/18/2021","1610928000","328427.9815"
"1/19/2021","1611014400","330782.0894"
"1/20/2021","1611100800","338213.5899"
"1/21/2021","1611187200","333611.3356"
"1/22/2021","1611273600","337203.7795"
"1/23/2021","1611360000","342782.1891"
"1/24/2021","1611446400","344284.8207"
"1/25/2021","1611532800","349323.0236"
"1/26/2021","1611619200","350582.3676"
"1/27/2021","1611705600","356131.1840"
"1/28/2021","1611792000","353864.8024"
"1/29/2021","1611878400","346680.4233"
"1/30/2021","1611964800","344782.5762"
"1/31/2021","1612051200","355631.6947"
"2/1/2021","1612137600","363456.7296"
"2/2/2021","1612224000","363476.4797"
"2/3/2021","1612310400","359884.1034"
"2/4/2021","1612396800","368332.2937"
"2/5/2021","1612483200","367925.2545"
"2/6/2021","1612569600","369168.7526"
"2/7/2021","1612656000","383343.6912"
"2/8/2021","1612742400","380557.1218"
"2/9/2021","1612828800","378192.1621"
"2/10/2021","1612915200","379900.8951"
"2/11/2021","1613001600","385283.5901"
"2/12/2021","1613088000","394544.4684"
"2/13/2021","1613174400","388371.9376"
"2/14/2021","1613260800","397958.5405"
"2/15/2021","1613347200","397183.1821"
"2/16/2021","1613433600","397159.1304"
"2/17/2021","1613520000","403378.9310"
"2/18/2021","1613606400","395667.3644"
"2/19/2021","1613692800","409076.0251"
"2/20/2021","1613779200","402686.4210"
"2/21/2021","1613865600","394283.8840"
"2/22/2021","1613952000","411064.5227"
"2/23/2021","1614038400","408130.2134"
"2/24/2021","1614124800","416083.7354"
"2/25/2021","1614211200","413567.4142"
"2/26/2021","1614297600","415820.2382"
"2/27/2021","1614384000","419010.0404"
"2/28/2021","1614470400","418148.8532"
"3/1/2021","1614556800","419972.2420"
"3/2/2021","1614643200","423581.9243"
"3/3/2021","1614729600","408669.6429"
"3/4/2021","1614816000","413048.9933"
"3/5/2021","1614902400","424898.9037"
"3/6/2021","1614988800","437561.5037"
"3/7/2021","1615075200","432345.8003"
"3/8/2021","1615161600","434026.8071"
"3/9/2021","1615248000","429447.3496"
"3/10/2021","1615334400","432057.6987"
"3/11/2021","1615420800","429179.5044"
"3/12/2021","1615507200","426231.8747"
"3/13/2021","1615593600","436440.2978"
"3/14/2021","1615680000","446680.9060"
"3/15/2021","1615766400","439958.3667"
"3/16/2021","1615852800","447640.4158"
"3/17/2021","1615939200","451434.9381"
"3/18/2021","1616025600","445481.0982"
"3/19/2021","1616112000","452384.3821"
"3/20/2021","1616198400","463782.8908"
"3/21/2021","1616284800","457142.7044"
"3/22/2021","1616371200","453702.2598"
"3/23/2021","1616457600","458818.2224"
"3/24/2021","1616544000","456644.1132"
"3/25/2021","1616630400","466920.5202"
"3/26/2021","1616716800","478075.4561"
"3/27/2021","1616803200","473457.0397"
"3/28/2021","1616889600","477351.3128"
"3/29/2021","1616976000","487236.7320"
"3/30/2021","1617062400","486381.4378"
"3/31/2021","1617148800","482269.2595"
"4/1/2021","1617235200","488263.6552"
"4/2/2021","1617321600","490883.6004"
"4/3/2021","1617408000","493933.1209"
"4/4/2021","1617494400","504661.3626"
"4/5/2021","1617580800","514496.8107"
"4/6/2021","1617667200","507911.9863"
"4/7/2021","1617753600","510173.0421"
"4/8/2021","1617840000","520164.6427"
"4/9/2021","1617926400","512284.6100"
"4/10/2021","1618012800","518135.0877"
"4/11/2021","1618099200","510258.7918"
"4/12/2021","1618185600","539964.1183"
"4/13/2021","1618272000","536439.3516"
"4/14/2021","1618358400","534784.8071"
"4/15/2021","1618444800","534788.5007"
"4/16/2021","1618531200","514120.6001"
"4/17/2021","1618617600","522224.9023"
"4/18/2021","1618704000","531046.4509"
"4/19/2021","1618790400","510461.8510"
"4/20/2021","1618876800","530846.8549"
"4/21/2021","1618963200","541356.0007"
"4/22/2021","1619049600","538949.1996"
"4/23/2021","1619136000","539129.7506"
"4/24/2021","1619222400","541480.4112"
"4/25/2021","1619308800","558255.7629"
"4/26/2021","1619395200","562430.6079"
"4/27/2021","1619481600","557235.5988"
"4/28/2021","1619568000","575053.3189"
"4/29/2021","1619654400","568263.8620"
"4/30/2021","1619740800","566158.3993"
"5/1/2021","1619827200","572189.3644"
"5/2/2021","1619913600","572049.1138"
"5/3/2021","1620000000","573040.0690"
"5/4/2021","1620086400","588043.6014"
"5/5/2021","1620172800","583361.0688"
"5/6/2021","1620259200","596101.3131"
"5/7/2021","1620345600","580225.3202"
"5/8/2021","1620432000","592468.3454"
"5/9/2021","1620518400","601085.7840"
"5/10/2021","1620604800","603241.7421"
"5/11/2021","1620691200","604036.8695"
"5/12/2021","1620777600","604529.3351"
"5/13/2021","1620864000","618543.8060"
"5/14/2021","1620950400","619395.1676"
"5/15/2021","1621036800","612776.0556"
"5/16/2021","1621123200","629683.3096"
"5/17/2021","1621209600","613785.9781"
"5/18/2021","1621296000","628525.0569"
"5/19/2021","1621382400","632820.4407"
"5/20/2021","1621468800","643805.8731"
"5/21/2021","1621555200","621500.1284"
"5/22/2021","1621641600","621794.6472"
"5/23/2021","1621728000","613847.6693"
"5/24/2021","1621814400","608751.5610"
"5/25/2021","1621900800","605002.7384"
"5/26/2021","1621987200","606507.4136"
"5/27/2021","1622073600","600159.3541"
"5/28/2021","1622160000","599444.4848"
"5/29/2021","1622246400","597052.0837"
"5/30/2021","1622332800","604655.8902"
"5/31/2021","1622419200","597041.8277"
"6/1/2021","1622505600","584926.6125"
"6/2/2021","1622592000","598298.2993"
"6/3/2021","1622678400","598452.2507"
"6/4/2021","1622764800","613283.3011"
"6/5/2021","1622851200","610328.8732"
"6/6/2021","1622937600","618001.7688"
"6/7/2021","1623024000","615433.2874"
"6/8/2021","1623110400","618766.2420"
"6/9/2021","1623196800","607484.1950"
"6/10/2021","1623283200","590863.3448"
"6/11/2021","1623369600","595853.4882"
"6/12/2021","1623456000","584148.7717"
"6/13/2021","1623542400","577674.1624"
"6/14/2021","1623628800","576504.4610"
"6/15/2021","1623715200","594816.7019"
"6/16/2021","1623801600","575448.0231"
"6/17/2021","1623888000","575288.5991"
"6/18/2021","1623974400","580292.3843"
"6/19/2021","1624060800","562051.9340"
"6/20/2021","1624147200","548704.7631"
"6/21/2021","1624233600","524813.2149"
"6/22/2021","1624320000","515327.1330"
"6/23/2021","1624406400","496967.5813"
"6/24/2021","1624492800","493929.6709"
"6/25/2021","1624579200","481062.9144"
"6/26/2021","1624665600","477535.4945"
"6/27/2021","1624752000","479153.7314"
"6/28/2021","1624838400","489265.9778"
"6/29/2021","1624924800","492151.2463"
"6/30/2021","1625011200","497653.3399"
"7/1/2021","1625097600","487720.8927"
"7/2/2021","1625184000","495779.9851"
"7/3/2021","1625270400","494127.4956"
"7/4/2021","1625356800","499551.5131"
"7/5/2021","1625443200","505770.1308"
"7/6/2021","1625529600","513556.1927"
"7/7/2021","1625616000","508001.4730"
"7/8/2021","1625702400","511075.8048"
"7/9/2021","1625788800","507214.5453"
"7/10/2021","1625875200","528498.1002"
"7/11/2021","1625961600","521012.5675"
"7/12/2021","1626048000","525741.0230"
"7/13/2021","1626134400","505946.1635"
"7/14/2021","1626220800","507499.7781"
"7/15/2021","1626307200","515497.2254"
"7/16/2021","1626393600","514131.7288"
"7/17/2021","1626480000","519579.1713"
"7/18/2021","1626566400","515027.2984"
"7/19/2021","1626652800","522639.5428"
"7/20/2021","1626739200","517260.5830"
"7/21/2021","1626825600","527143.7987"
"7/22/2021","1626912000","526677.2509"
"7/23/2021","1626998400","530400.8128"
"7/24/2021","1627084800","539441.5048"
"7/25/2021","1627171200","546510.6980"
"7/26/2021","1627257600","549463.3409"
"7/27/2021","1627344000","545518.1575"
"7/28/2021","1627430400","552945.8608"
"7/29/2021","1627516800","554991.0310"
"7/30/2021","1627603200","535578.7820"
"7/31/2021","1627689600","554898.3120"
"8/1/2021","1627776000","560842.4677"
"8/2/2021","1627862400","572773.3879"
"8/3/2021","1627948800","583146.7292"
"8/4/2021","1628035200","589185.1148"
"8/5/2021","1628121600","586145.8508"
"8/6/2021","1628208000","583001.5046"
"8/7/2021","1628294400","593179.9125"
"8/8/2021","1628380800","591121.9159"
"8/9/2021","1628467200","607369.4509"
"8/10/2021","1628553600","619487.7875"
"8/11/2021","1628640000","597295.3268"
"8/12/2021","1628726400","611582.3824"
"8/13/2021","1628812800","608645.1900"
"8/14/2021","1628899200","608912.5631"
"8/15/2021","1628985600","599448.6015"
"8/16/2021","1629072000","600680.3239"
"8/17/2021","1629158400","612692.7613"
"8/18/2021","1629244800","614434.5584"
"8/19/2021","1629331200","639189.3216"
"8/20/2021","1629417600","620184.9921"
"8/21/2021","1629504000","634292.4571"
"8/22/2021","1629590400","637515.1922"
"8/23/2021","1629676800","622243.7809"
"8/24/2021","1629763200","641082.4804"
"8/25/2021","1629849600","646723.3124"
"8/26/2021","1629936000","650815.1401"
"8/27/2021","1630022400","649086.6499"
"8/28/2021","1630108800","641075.5588"
"8/29/2021","1630195200","644359.7186"
"8/30/2021","1630281600","653900.8128"
"8/31/2021","1630368000","663087.1763"
"9/1/2021","1630454400","652124.3965"
"9/2/2021","1630540800","675293.7002"
"9/3/2021","1630627200","676634.6325"
"9/4/2021","1630713600","665850.3958"
"9/5/2021","1630800000","689556.6066"
"9/6/2021","1630886400","686845.3031"
"9/7/2021","1630972800","684865.9509"
"9/8/2021","1631059200","695160.1981"
"9/9/2021","1631145600","689976.9123"
"9/10/2021","1631232000","693490.5537"
"9/11/2021","1631318400","695994.1011"
"9/12/2021","1631404800","715404.4068"
"9/13/2021","1631491200","695488.6943"
"9/14/2021","1631577600","693885.5498"
"9/15/2021","1631664000","701955.9772"
"9/16/2021","1631750400","703614.8161"
"9/17/2021","1631836800","701845.7732"
"9/18/2021","1631923200","709714.9578"
"9/19/2021","1632009600","713020.5052"
"9/20/2021","1632096000","708289.5205"
"9/21/2021","1632182400","729828.4272"
"9/22/2021","1632268800","713263.1751"
"9/23/2021","1632355200","696252.0361"
"9/24/2021","1632441600","709173.8740"
"9/25/2021","1632528000","736674.3172"
"9/26/2021","1632614400","718439.2308"
"9/27/2021","1632700800","719363.9870"
"9/28/2021","1632787200","703279.6032"
"9/29/2021","1632873600","714292.5673"
"9/30/2021","1632960000","705663.7216"
"10/1/2021","1633046400","729106.0202"
"10/2/2021","1633132800","728724.3801"
"10/3/2021","1633219200","721702.9948"
"10/4/2021","1633305600","718428.7103"
"10/5/2021","1633392000","745227.6862"
"10/6/2021","1633478400","744109.3803"
"10/7/2021","1633564800","732914.1220"
"10/8/2021","1633651200","755056.9149"
"10/9/2021","1633737600","734342.6853"
"10/10/2021","1633824000","734875.5102"
"10/11/2021","1633910400","753653.3135"
"10/12/2021","1633996800","751624.8591"
"10/13/2021","1634083200","755125.0721"
"10/14/2021","1634169600","750305.2634"
"10/15/2021","1634256000","730258.3181"
"10/16/2021","1634342400","750456.8859"
"10/17/2021","1634428800","750143.6308"
"10/18/2021","1634515200","743880.9098"
"10/19/2021","1634601600","747945.6305"
"10/20/2021","1634688000","754709.6163"
"10/21/2021","1634774400","764763.9938"
"10/22/2021","1634860800","775464.5922"
"10/23/2021","1634947200","762041.8258"
"10/24/2021","1635033600","771219.5668"
"10/25/2021","1635120000","791071.4421"
"10/26/2021","1635206400","796164.1634"
"10/27/2021","1635292800","792962.2137"
"10/28/2021","1635379200","782103.3856"
"10/29/2021","1635465600","784257.7310"
"10/30/2021","1635552000","798599.3610"
"10/31/2021","1635638400","778448.5875"
"11/1/2021","1635724800","812768.9228"
"11/2/2021","1635811200","813533.6271"
"11/3/2021","1635897600","821207.0578"
"11/4/2021","1635984000","786898.5689"
"11/5/2021","1636070400","809414.9277"
"11/6/2021","1636156800","803254.6443"
"11/7/2021","1636243200","830058.8955"
"11/8/2021","1636329600","828352.8021"
"11/9/2021","1636416000","843908.6252"
"11/10/2021","1636502400","827627.5242"
"11/11/2021","1636588800","852646.6571"
"11/12/2021","1636675200","851709.6849"
"11/13/2021","1636761600","858640.8968"
"11/14/2021","1636848000","846521.7889"
"11/15/2021","1636934400","860730.2002"
"11/16/2021","1637020800","840451.8551"
"11/17/2021","1637107200","876388.0683"
"11/18/2021","1637193600","892219.4763"
"11/19/2021","1637280000","846258.9856"
"11/20/2021","1637366400","841135.7763"
"11/21/2021","1637452800","837845.0236"
"11/22/2021","1637539200","863875.1297"
"11/23/2021","1637625600","862727.0348"
"11/24/2021","1637712000","863950.8831"
"11/25/2021","1637798400","836120.0865"
"11/26/2021","1637884800","810891.6785"
"11/27/2021","1637971200","846268.2485"
"11/28/2021","1638057600","853575.8145"
"11/29/2021","1638144000","856967.8171"
"11/30/2021","1638230400","856030.0567"
