Date,lower,best,upper
2015-07-30,0.000053,0.000093,0.000208
2015-07-31,0.000235,0.000413,0.000928
2015-08-01,0.000264,0.000463,0.001041
2015-08-02,0.000310,0.000544,0.001222
2015-08-03,0.000341,0.000597,0.001340
2015-08-04,0.000375,0.000656,0.001472
2015-08-05,0.000393,0.000688,0.001544
2015-08-06,0.000403,0.000705,0.001581
2015-08-07,0.000435,0.000760,0.001703
2015-08-08,0.000478,0.000836,0.001872
2015-08-09,0.000500,0.000874,0.001955
2015-08-10,0.000549,0.000960,0.002146
2015-08-11,0.000613,0.001072,0.002395
2015-08-12,0.000650,0.001137,0.002538
2015-08-13,0.000712,0.001244,0.002776
2015-08-14,0.000894,0.001562,0.003483
2015-08-15,0.001034,0.001806,0.004024
2015-08-16,0.001053,0.001838,0.004094
2015-08-17,0.001175,0.002051,0.004564
2015-08-18,0.001227,0.002141,0.004762
2015-08-19,0.001288,0.002247,0.004994
2015-08-20,0.001003,0.001750,0.003888
2015-08-21,0.001256,0.002190,0.004862
2015-08-22,0.001415,0.002468,0.005474
2015-08-23,0.001435,0.002502,0.005547
2015-08-24,0.001508,0.002628,0.005822
2015-08-25,0.001470,0.002562,0.005673
2015-08-26,0.001550,0.002701,0.005977
2015-08-27,0.001541,0.002683,0.005934
2015-08-28,0.001604,0.002792,0.006171
2015-08-29,0.001586,0.002761,0.006098
2015-08-30,0.001534,0.002670,0.005894
2015-08-31,0.001620,0.002819,0.006218
2015-09-01,0.001637,0.002849,0.006280
2015-09-02,0.001603,0.002788,0.006142
2015-09-03,0.001527,0.002656,0.005848
2015-09-04,0.001575,0.002738,0.006026
2015-09-05,0.001686,0.002931,0.006445
2015-09-06,0.001746,0.003034,0.006669
2015-09-07,0.001707,0.002965,0.006513
2015-09-08,0.001665,0.002892,0.006348
2015-09-09,0.001733,0.003010,0.006604
2015-09-10,0.001759,0.003054,0.006696
2015-09-11,0.001891,0.003282,0.007192
2015-09-12,0.001902,0.003300,0.007227
2015-09-13,0.001939,0.003364,0.007361
2015-09-14,0.001790,0.003104,0.006790
2015-09-15,0.001736,0.003010,0.006580
2015-09-16,0.001717,0.002978,0.006506
2015-09-17,0.001619,0.002807,0.006129
2015-09-18,0.001547,0.002682,0.005852
2015-09-19,0.001597,0.002768,0.006036
2015-09-20,0.001825,0.003162,0.006891
2015-09-21,0.001830,0.003169,0.006903
2015-09-22,0.001829,0.003168,0.006896
2015-09-23,0.001957,0.003388,0.007371
2015-09-24,0.001944,0.003365,0.007317
2015-09-25,0.001976,0.003419,0.007430
2015-09-26,0.001962,0.003395,0.007372
2015-09-27,0.001898,0.003283,0.007126
2015-09-28,0.001741,0.003012,0.006533
2015-09-29,0.001544,0.002670,0.005789
2015-09-30,0.001479,0.002558,0.005541
2015-10-01,0.001623,0.002804,0.006073
2015-10-02,0.001681,0.002904,0.006285
2015-10-03,0.001735,0.002997,0.006483
2015-10-04,0.001646,0.002844,0.006147
2015-10-05,0.001710,0.002952,0.006378
2015-10-06,0.001633,0.002819,0.006087
2015-10-07,0.001626,0.002806,0.006055
2015-10-08,0.001661,0.002866,0.006182
2015-10-09,0.001615,0.002787,0.006006
2015-10-10,0.001595,0.002752,0.005928
2015-10-11,0.001688,0.002912,0.006269
2015-10-12,0.001707,0.002944,0.006335
2015-10-13,0.001758,0.003031,0.006517
2015-10-14,0.001741,0.003000,0.006447
2015-10-15,0.001646,0.002836,0.006092
2015-10-16,0.001531,0.002637,0.005662
2015-10-17,0.001645,0.002833,0.006079
2015-10-18,0.001597,0.002751,0.005899
2015-10-19,0.001590,0.002737,0.005867
2015-10-20,0.001583,0.002724,0.005835
2015-10-21,0.001580,0.002719,0.005821
2015-10-22,0.001501,0.002582,0.005525
2015-10-23,0.001674,0.002879,0.006156
2015-10-24,0.001762,0.003030,0.006475
2015-10-25,0.001825,0.003138,0.006703
2015-10-26,0.001753,0.003014,0.006434
2015-10-27,0.001860,0.003196,0.006820
2015-10-28,0.001865,0.003205,0.006834
2015-10-29,0.002005,0.003444,0.007341
2015-10-30,0.002126,0.003651,0.007778
2015-10-31,0.002246,0.003856,0.008210
2015-11-01,0.002280,0.003915,0.008331
2015-11-02,0.002164,0.003715,0.007899
2015-11-03,0.002101,0.003605,0.007663
2015-11-04,0.002223,0.003815,0.008104
2015-11-05,0.002139,0.003669,0.007790
2015-11-06,0.002147,0.003682,0.007813
2015-11-07,0.002088,0.003581,0.007593
2015-11-08,0.002177,0.003733,0.007913
2015-11-09,0.002166,0.003713,0.007867
2015-11-10,0.002204,0.003777,0.007997
2015-11-11,0.002218,0.003800,0.008042
2015-11-12,0.002254,0.003862,0.008169
2015-11-13,0.002301,0.003940,0.008329
2015-11-14,0.002328,0.003987,0.008423
2015-11-15,0.002394,0.004099,0.008654
2015-11-16,0.002354,0.004029,0.008503
2015-11-17,0.002329,0.003986,0.008407
2015-11-18,0.002392,0.004093,0.008629
2015-11-19,0.002400,0.004106,0.008652
2015-11-20,0.002053,0.003511,0.007395
2015-11-21,0.002083,0.003561,0.007496
2015-11-22,0.002083,0.003561,0.007491
2015-11-23,0.002115,0.003615,0.007602
2015-11-24,0.002108,0.003603,0.007571
2015-11-25,0.002036,0.003479,0.007307
2015-11-26,0.002038,0.003482,0.007309
2015-11-27,0.002133,0.003643,0.007644
2015-11-28,0.002156,0.003682,0.007721
2015-11-29,0.002163,0.003693,0.007742
2015-11-30,0.002178,0.003717,0.007786
2015-12-01,0.002221,0.003791,0.007937
2015-12-02,0.002080,0.003549,0.007427
2015-12-03,0.002176,0.003712,0.007764
2015-12-04,0.002127,0.003628,0.007584
2015-12-05,0.002207,0.003763,0.007863
2015-12-06,0.002101,0.003582,0.007482
2015-12-07,0.002083,0.003551,0.007412
2015-12-08,0.002022,0.003445,0.007187
2015-12-09,0.002127,0.003624,0.007557
2015-12-10,0.002171,0.003699,0.007708
2015-12-11,0.002212,0.003768,0.007849
2015-12-12,0.002226,0.003790,0.007891
2015-12-13,0.002392,0.004072,0.008474
2015-12-14,0.002324,0.003956,0.008229
2015-12-15,0.002402,0.004088,0.008498
2015-12-16,0.002291,0.003898,0.008099
2015-12-17,0.002375,0.004040,0.008391
2015-12-18,0.002367,0.004025,0.008355
2015-12-19,0.002351,0.003998,0.008295
2015-12-20,0.002283,0.003881,0.008048
2015-12-21,0.002275,0.003866,0.008013
2015-12-22,0.002417,0.004107,0.008509
2015-12-23,0.002365,0.004018,0.008319
2015-12-24,0.002306,0.003917,0.008107
2015-12-25,0.002304,0.003912,0.008093
2015-12-26,0.002261,0.003839,0.007936
2015-12-27,0.002328,0.003952,0.008167
2015-12-28,0.002326,0.003948,0.008153
2015-12-29,0.002312,0.003924,0.008101
2015-12-30,0.002279,0.003866,0.007978
2015-12-31,0.002312,0.003923,0.008090
2016-01-01,0.002241,0.003801,0.007835
2016-01-02,0.002248,0.003812,0.007854
2016-01-03,0.002318,0.003930,0.008094
2016-01-04,0.002302,0.003903,0.008033
2016-01-05,0.002333,0.003954,0.008135
2016-01-06,0.002347,0.003976,0.008177
2016-01-07,0.002236,0.003787,0.007784
2016-01-08,0.002338,0.003960,0.008136
2016-01-09,0.002341,0.003964,0.008140
2016-01-10,0.002282,0.003864,0.007930
2016-01-11,0.002381,0.004031,0.008268
2016-01-12,0.002293,0.003881,0.007958
2016-01-13,0.002248,0.003804,0.007795
2016-01-14,0.002345,0.003967,0.008126
2016-01-15,0.002400,0.004060,0.008313
2016-01-16,0.002429,0.004107,0.008405
2016-01-17,0.002403,0.004063,0.008312
2016-01-18,0.002500,0.004226,0.008640
2016-01-19,0.002471,0.004177,0.008535
2016-01-20,0.002484,0.004197,0.008573
2016-01-21,0.002466,0.004166,0.008505
2016-01-22,0.002576,0.004352,0.008881
2016-01-23,0.002568,0.004337,0.008845
2016-01-24,0.002742,0.004631,0.009441
2016-01-25,0.002633,0.004445,0.009057
2016-01-26,0.002834,0.004784,0.009743
2016-01-27,0.002794,0.004716,0.009600
2016-01-28,0.002744,0.004631,0.009423
2016-01-29,0.002819,0.004755,0.009671
2016-01-30,0.002812,0.004743,0.009642
2016-01-31,0.002718,0.004583,0.009313
2016-02-01,0.002853,0.004810,0.009770
2016-02-02,0.002723,0.004590,0.009318
2016-02-03,0.002925,0.004930,0.010003
2016-02-04,0.002912,0.004907,0.009953
2016-02-05,0.002929,0.004936,0.010006
2016-02-06,0.002828,0.004763,0.009652
2016-02-07,0.002905,0.004892,0.009908
2016-02-08,0.003029,0.005100,0.010324
2016-02-09,0.002928,0.004929,0.009974
2016-02-10,0.003004,0.005057,0.010228
2016-02-11,0.003126,0.005261,0.010636
2016-02-12,0.003013,0.005069,0.010244
2016-02-13,0.003201,0.005385,0.010876
2016-02-14,0.003238,0.005446,0.010995
2016-02-15,0.003318,0.005579,0.011259
2016-02-16,0.003295,0.005540,0.011176
2016-02-17,0.003212,0.005400,0.010887
2016-02-18,0.003131,0.005262,0.010605
2016-02-19,0.003312,0.005566,0.011212
2016-02-20,0.003334,0.005601,0.011277
2016-02-21,0.003368,0.005657,0.011386
2016-02-22,0.003515,0.005904,0.011876
2016-02-23,0.003534,0.005934,0.011932
2016-02-24,0.003520,0.005910,0.011878
2016-02-25,0.003557,0.005971,0.011996
2016-02-26,0.003662,0.006146,0.012342
2016-02-27,0.003724,0.006248,0.012541
2016-02-28,0.003802,0.006379,0.012797
2016-02-29,0.003676,0.006166,0.012365
2016-03-01,0.003735,0.006263,0.012554
2016-03-02,0.003893,0.006528,0.013079
2016-03-03,0.003966,0.006649,0.013317
2016-03-04,0.004070,0.006822,0.013656
2016-03-05,0.004266,0.007148,0.014304
2016-03-06,0.004290,0.007188,0.014377
2016-03-07,0.004333,0.007259,0.014512
2016-03-08,0.004384,0.007342,0.014673
2016-03-09,0.004466,0.007479,0.014940
2016-03-10,0.004646,0.007778,0.015530
2016-03-11,0.004758,0.007965,0.015896
2016-03-12,0.005018,0.008398,0.016753
2016-03-13,0.005327,0.008915,0.017776
2016-03-14,0.005140,0.008600,0.017141
2016-03-15,0.005340,0.008934,0.017798
2016-03-16,0.005448,0.009112,0.018146
2016-03-17,0.005640,0.009431,0.018774
2016-03-18,0.005577,0.009325,0.018553
2016-03-19,0.005842,0.009765,0.019421
2016-03-20,0.005966,0.009971,0.019823
2016-03-21,0.005880,0.009826,0.019526
2016-03-22,0.006027,0.010069,0.020000
2016-03-23,0.005707,0.009533,0.018927
2016-03-24,0.006181,0.010323,0.020486
2016-03-25,0.006461,0.010790,0.021404
2016-03-26,0.006647,0.011097,0.022005
2016-03-27,0.006733,0.011239,0.022277
2016-03-28,0.006594,0.011005,0.021803
2016-03-29,0.006846,0.011423,0.022622
2016-03-30,0.007012,0.011699,0.023159
2016-03-31,0.007242,0.012080,0.023903
2016-04-01,0.007323,0.012214,0.024158
2016-04-02,0.007064,0.011778,0.023286
2016-04-03,0.007465,0.012445,0.024595
2016-04-04,0.007802,0.013006,0.025691
2016-04-05,0.007837,0.013060,0.025789
2016-04-06,0.007735,0.012889,0.025440
2016-04-07,0.007398,0.012325,0.024317
2016-04-08,0.008050,0.013409,0.026444
2016-04-09,0.007992,0.013310,0.026238
2016-04-10,0.008300,0.013821,0.027234
2016-04-11,0.008034,0.013375,0.026345
2016-04-12,0.007864,0.013090,0.025772
2016-04-13,0.008254,0.013736,0.027033
2016-04-14,0.008303,0.013815,0.027178
2016-04-15,0.008631,0.014359,0.028237
2016-04-16,0.008745,0.014547,0.028594
2016-04-17,0.008531,0.014189,0.027878
2016-04-18,0.009039,0.015031,0.029520
2016-04-19,0.009031,0.015014,0.029475
2016-04-20,0.009212,0.015313,0.030050
2016-04-21,0.009288,0.015436,0.030279
2016-04-22,0.008998,0.014951,0.029317
2016-04-23,0.009382,0.015587,0.030550
2016-04-24,0.009244,0.015355,0.030084
2016-04-25,0.009713,0.016131,0.031592
2016-04-26,0.009423,0.015648,0.030633
2016-04-27,0.009483,0.015744,0.030809
2016-04-28,0.009700,0.016102,0.031495
2016-04-29,0.009887,0.016409,0.032085
2016-04-30,0.010269,0.017041,0.033306
2016-05-01,0.010177,0.016885,0.032988
2016-05-02,0.009834,0.016312,0.031856
2016-05-03,0.010377,0.017210,0.033596
2016-05-04,0.010249,0.016996,0.033165
2016-05-05,0.010278,0.017041,0.033240
2016-05-06,0.010315,0.017099,0.033339
2016-05-07,0.010263,0.017009,0.033152
2016-05-08,0.010459,0.017332,0.033766
2016-05-09,0.010547,0.017475,0.034033
2016-05-10,0.010779,0.017857,0.034762
2016-05-11,0.010365,0.017167,0.033407
2016-05-12,0.010617,0.017582,0.034200
2016-05-13,0.011308,0.018723,0.036405
2016-05-14,0.011123,0.018413,0.035789
2016-05-15,0.011196,0.018531,0.036003
2016-05-16,0.011167,0.018481,0.035892
2016-05-17,0.011144,0.018439,0.035796
2016-05-18,0.011603,0.019195,0.037251
2016-05-19,0.011864,0.019623,0.038066
2016-05-20,0.012101,0.020013,0.038807
2016-05-21,0.012187,0.020151,0.039060
2016-05-22,0.012148,0.020084,0.038914
2016-05-23,0.012198,0.020163,0.039052
2016-05-24,0.012392,0.020480,0.039651
2016-05-25,0.012502,0.020659,0.039983
2016-05-26,0.012636,0.020877,0.040388
2016-05-27,0.012686,0.020956,0.040525
2016-05-28,0.012993,0.021458,0.041481
2016-05-29,0.013076,0.021592,0.041724
2016-05-30,0.013037,0.021524,0.041577
2016-05-31,0.012868,0.021242,0.041016
2016-06-01,0.012641,0.020863,0.040270
2016-06-02,0.012915,0.021312,0.041121
2016-06-03,0.013598,0.022436,0.043273
2016-06-04,0.013526,0.022314,0.043021
2016-06-05,0.013239,0.021836,0.042084
2016-06-06,0.013695,0.022584,0.043508
2016-06-07,0.013783,0.022726,0.043764
2016-06-08,0.013827,0.022794,0.043880
2016-06-09,0.014463,0.023840,0.045875
2016-06-10,0.013601,0.022414,0.043116
2016-06-11,0.014116,0.023259,0.044724
2016-06-12,0.014215,0.023419,0.045014
2016-06-13,0.014738,0.024276,0.046645
2016-06-14,0.014868,0.024487,0.047033
2016-06-15,0.014739,0.024271,0.046600
2016-06-16,0.014728,0.024248,0.046539
2016-06-17,0.015305,0.025194,0.048336
2016-06-18,0.014902,0.024527,0.047039
2016-06-19,0.015255,0.025104,0.048127
2016-06-20,0.015087,0.024823,0.047571
2016-06-21,0.014847,0.024425,0.046791
2016-06-22,0.015471,0.025446,0.048730
2016-06-23,0.015778,0.025947,0.049671
2016-06-24,0.015746,0.025891,0.049546
2016-06-25,0.015676,0.025771,0.049298
2016-06-26,0.016140,0.026530,0.050731
2016-06-27,0.016428,0.026999,0.051608
2016-06-28,0.016621,0.027312,0.052187
2016-06-29,0.016215,0.026640,0.050885
2016-06-30,0.016299,0.026773,0.051121
2016-07-01,0.016679,0.027393,0.052285
2016-07-02,0.016714,0.027447,0.052368
2016-07-03,0.017090,0.028059,0.053518
2016-07-04,0.017037,0.027968,0.053324
2016-07-05,0.017041,0.027970,0.053309
2016-07-06,0.017040,0.027964,0.053278
2016-07-07,0.016971,0.027847,0.053036
2016-07-08,0.017062,0.027991,0.053291
2016-07-09,0.017097,0.028044,0.053372
2016-07-10,0.017204,0.028215,0.053678
2016-07-11,0.017469,0.028645,0.054477
2016-07-12,0.017455,0.028618,0.054407
2016-07-13,0.017699,0.029013,0.055137
2016-07-14,0.017516,0.028708,0.054539
2016-07-15,0.017233,0.028241,0.053631
2016-07-16,0.017323,0.028384,0.053884
2016-07-17,0.017391,0.028490,0.054066
2016-07-18,0.017866,0.029265,0.055517
2016-07-19,0.017645,0.028898,0.054801
2016-07-20,0.017290,0.028312,0.053672
2016-07-21,0.017973,0.029426,0.055763
2016-07-22,0.017310,0.028335,0.053678
2016-07-23,0.018025,0.029501,0.055866
2016-07-24,0.017546,0.028712,0.054354
2016-07-25,0.016971,0.027768,0.052547
2016-07-26,0.016161,0.026438,0.050014
2016-07-27,0.015488,0.025333,0.047906
2016-07-28,0.016474,0.026941,0.050929
2016-07-29,0.016106,0.026335,0.049766
2016-07-30,0.015788,0.025812,0.048760
2016-07-31,0.016024,0.026193,0.049464
2016-08-01,0.015680,0.025627,0.048377
2016-08-02,0.014519,0.023726,0.044772
2016-08-03,0.014039,0.022938,0.043271
2016-08-04,0.015286,0.024972,0.047091
2016-08-05,0.015646,0.025555,0.048174
2016-08-06,0.015225,0.024864,0.046856
2016-08-07,0.015737,0.025696,0.048407
2016-08-08,0.016036,0.026180,0.049301
2016-08-09,0.016868,0.027534,0.051833
2016-08-10,0.017207,0.028083,0.052848
2016-08-11,0.017573,0.028676,0.053947
2016-08-12,0.017529,0.028601,0.053786
2016-08-13,0.017327,0.028266,0.053139
2016-08-14,0.017359,0.028313,0.053209
2016-08-15,0.017442,0.028445,0.053439
2016-08-16,0.017863,0.029127,0.054702
2016-08-17,0.017831,0.029071,0.054577
2016-08-18,0.018213,0.029689,0.055719
2016-08-19,0.018008,0.029350,0.055063
2016-08-20,0.018546,0.030222,0.056681
2016-08-21,0.018742,0.030537,0.057252
2016-08-22,0.018848,0.030705,0.057549
2016-08-23,0.019189,0.031256,0.058560
2016-08-24,0.019136,0.031165,0.058370
2016-08-25,0.019544,0.031825,0.059586
2016-08-26,0.020172,0.032842,0.061470
2016-08-27,0.020161,0.032818,0.061405
2016-08-28,0.019895,0.032380,0.060566
2016-08-29,0.019641,0.031963,0.059765
2016-08-30,0.019612,0.031910,0.059645
2016-08-31,0.020020,0.032569,0.060857
2016-09-01,0.020209,0.032872,0.061404
2016-09-02,0.020488,0.033321,0.062221
2016-09-03,0.019426,0.031589,0.058967
2016-09-04,0.018887,0.030707,0.057302
2016-09-05,0.019611,0.031880,0.059471
2016-09-06,0.019408,0.031546,0.058829
2016-09-07,0.019887,0.032318,0.060249
2016-09-08,0.019659,0.031944,0.059532
2016-09-09,0.019767,0.032114,0.059829
2016-09-10,0.019938,0.032387,0.060318
2016-09-11,0.020700,0.033620,0.062593
2016-09-12,0.020630,0.033501,0.062352
2016-09-13,0.020511,0.033303,0.061964
2016-09-14,0.021198,0.034413,0.064006
2016-09-15,0.021142,0.034318,0.063809
2016-09-16,0.021004,0.034088,0.063362
2016-09-17,0.021761,0.035312,0.065615
2016-09-18,0.019208,0.031165,0.057890
2016-09-19,0.019646,0.031870,0.059182
2016-09-20,0.021897,0.035516,0.065929
2016-09-21,0.022538,0.036551,0.067829
2016-09-22,0.020720,0.033597,0.062328
2016-09-23,0.022703,0.036807,0.068260
2016-09-24,0.022803,0.036963,0.068528
2016-09-25,0.023678,0.038376,0.071124
2016-09-26,0.022300,0.036138,0.066954
2016-09-27,0.023551,0.038159,0.070676
2016-09-28,0.023706,0.038405,0.071109
2016-09-29,0.024229,0.039246,0.072643
2016-09-30,0.023569,0.038172,0.070632
2016-10-01,0.024409,0.039526,0.073115
2016-10-02,0.025057,0.040570,0.075022
2016-10-03,0.024560,0.039758,0.073498
2016-10-04,0.025073,0.040584,0.075001
2016-10-05,0.024970,0.040411,0.074657
2016-10-06,0.025151,0.040699,0.075165
2016-10-07,0.024281,0.039284,0.072529
2016-10-08,0.025335,0.040984,0.075644
2016-10-09,0.025757,0.041660,0.076868
2016-10-10,0.025914,0.041909,0.077303
2016-10-11,0.026207,0.042375,0.078138
2016-10-12,0.025302,0.040906,0.075406
2016-10-13,0.026294,0.042504,0.078327
2016-10-14,0.027266,0.044069,0.081185
2016-10-15,0.027539,0.044504,0.081962
2016-10-16,0.028243,0.045635,0.084018
2016-10-17,0.026840,0.043362,0.079808
2016-10-18,0.027866,0.045012,0.082819
2016-10-19,0.027985,0.045197,0.083134
2016-10-20,0.028875,0.046629,0.085741
2016-10-21,0.029189,0.047130,0.086634
2016-10-22,0.029216,0.047166,0.086675
2016-10-23,0.028417,0.045870,0.084266
2016-10-24,0.028987,0.046782,0.085916
2016-10-25,0.029368,0.047392,0.087008
2016-10-26,0.029658,0.047851,0.087826
2016-10-27,0.029110,0.046962,0.086166
2016-10-28,0.027946,0.045077,0.082682
2016-10-29,0.022257,0.035895,0.065821
2016-10-30,0.021628,0.034876,0.063931
2016-10-31,0.023125,0.037285,0.068327
2016-11-01,0.019723,0.031794,0.058248
2016-11-02,0.017765,0.028635,0.052443
2016-11-03,0.016951,0.027318,0.050017
2016-11-04,0.015584,0.025111,0.045962
2016-11-05,0.014689,0.023666,0.043303
2016-11-06,0.014472,0.023313,0.042645
2016-11-07,0.017199,0.027702,0.050658
2016-11-08,0.019153,0.030845,0.056388
2016-11-09,0.018674,0.030070,0.054954
2016-11-10,0.017159,0.027626,0.050473
2016-11-11,0.016683,0.026856,0.049051
2016-11-12,0.016994,0.027353,0.049943
2016-11-13,0.018409,0.029626,0.054078
2016-11-14,0.019092,0.030721,0.056060
2016-11-15,0.019208,0.030903,0.056375
2016-11-16,0.018808,0.030255,0.055177
2016-11-17,0.018011,0.028970,0.052816
2016-11-18,0.019327,0.031082,0.056650
2016-11-19,0.020386,0.032780,0.059728
2016-11-20,0.022265,0.035795,0.065203
2016-11-21,0.023510,0.037792,0.068819
2016-11-22,0.022126,0.035563,0.064741
2016-11-23,0.021943,0.035264,0.064177
2016-11-24,0.019630,0.031542,0.057386
2016-11-25,0.019676,0.031612,0.057497
2016-11-26,0.019902,0.031970,0.058132
2016-11-27,0.019832,0.031854,0.057903
2016-11-28,0.020552,0.033005,0.059978
2016-11-29,0.020217,0.032463,0.058975
2016-11-30,0.019297,0.030982,0.056268
2016-12-01,0.019506,0.031313,0.056852
2016-12-02,0.019770,0.031731,0.057595
2016-12-03,0.020772,0.033335,0.060488
2016-12-04,0.020532,0.032946,0.059765
2016-12-05,0.019997,0.032082,0.058182
2016-12-06,0.019835,0.031819,0.057688
2016-12-07,0.020304,0.032567,0.059026
2016-12-08,0.021355,0.034247,0.062053
2016-12-09,0.021832,0.035007,0.063411
2016-12-10,0.022285,0.035730,0.064702
2016-12-11,0.022881,0.036680,0.066403
2016-12-12,0.022028,0.035307,0.063901
2016-12-13,0.022733,0.036433,0.065918
2016-12-14,0.022591,0.036199,0.065477
2016-12-15,0.022453,0.035973,0.065050
2016-12-16,0.023157,0.037096,0.067060
2016-12-17,0.023440,0.037545,0.067852
2016-12-18,0.024254,0.038843,0.070179
2016-12-19,0.024224,0.038789,0.070061
2016-12-20,0.024802,0.039710,0.071703
2016-12-21,0.024603,0.039386,0.071098
2016-12-22,0.023780,0.038063,0.068691
2016-12-23,0.022109,0.035384,0.063838
2016-12-24,0.020813,0.033304,0.060069
2016-12-25,0.021789,0.034862,0.062860
2016-12-26,0.022542,0.036061,0.065005
2016-12-27,0.021785,0.034847,0.062797
2016-12-28,0.021642,0.034613,0.062359
2016-12-29,0.021556,0.034470,0.062084
2016-12-30,0.021574,0.034494,0.062110
2016-12-31,0.021803,0.034856,0.062743
2017-01-01,0.021813,0.034867,0.062745
2017-01-02,0.021868,0.034950,0.062878
2017-01-03,0.021878,0.034961,0.062880
2017-01-04,0.024129,0.038554,0.069323
2017-01-05,0.024651,0.039383,0.070792
2017-01-06,0.024769,0.039565,0.071100
2017-01-07,0.025643,0.040956,0.073579
2017-01-08,0.025732,0.041093,0.073804
2017-01-09,0.026554,0.042401,0.076132
2017-01-10,0.026551,0.042390,0.076092
2017-01-11,0.026809,0.042795,0.076798
2017-01-12,0.027075,0.043214,0.077528
2017-01-13,0.027561,0.043985,0.078890
2017-01-14,0.027620,0.044073,0.079026
2017-01-15,0.028170,0.044944,0.080566
2017-01-16,0.028135,0.044883,0.080433
2017-01-17,0.027842,0.044410,0.079563
2017-01-18,0.027595,0.044009,0.078824
2017-01-19,0.029480,0.047010,0.084176
2017-01-20,0.028468,0.045389,0.081250
2017-01-21,0.029202,0.046554,0.083314
2017-01-22,0.029336,0.046761,0.083661
2017-01-23,0.029865,0.047598,0.085135
2017-01-24,0.029460,0.046946,0.083947
2017-01-25,0.029527,0.047047,0.084103
2017-01-26,0.030319,0.048302,0.086324
2017-01-27,0.029861,0.047566,0.084985
2017-01-28,0.029976,0.047744,0.085280
2017-01-29,0.029356,0.046750,0.083483
2017-01-30,0.030202,0.048091,0.085853
2017-01-31,0.030158,0.048014,0.085694
2017-02-01,0.029738,0.047339,0.084465
2017-02-02,0.030382,0.048357,0.086259
2017-02-03,0.029881,0.047555,0.084805
2017-02-04,0.030432,0.048425,0.086334
2017-02-05,0.031668,0.050385,0.089804
2017-02-06,0.032033,0.050959,0.090802
2017-02-07,0.031978,0.050864,0.090610
2017-02-08,0.032384,0.051504,0.091725
2017-02-09,0.032248,0.051281,0.091303
2017-02-10,0.033209,0.052803,0.093988
2017-02-11,0.033404,0.053105,0.094501
2017-02-12,0.033812,0.053748,0.095618
2017-02-13,0.034270,0.054467,0.096873
2017-02-14,0.034640,0.055048,0.097881
2017-02-15,0.034788,0.055277,0.098262
2017-02-16,0.034629,0.055017,0.097773
2017-02-17,0.035263,0.056017,0.099524
2017-02-18,0.035597,0.056540,0.100427
2017-02-19,0.036181,0.057461,0.102036
2017-02-20,0.036315,0.057666,0.102373
2017-02-21,0.037108,0.058918,0.104568
2017-02-22,0.036674,0.058220,0.103302
2017-02-23,0.036747,0.058329,0.103467
2017-02-24,0.036915,0.058589,0.103901
2017-02-25,0.038021,0.060335,0.106971
2017-02-26,0.039528,0.062719,0.111168
2017-02-27,0.039658,0.062917,0.111490
2017-02-28,0.041434,0.065726,0.116438
2017-03-01,0.040037,0.063504,0.112470
2017-03-02,0.040654,0.064472,0.114156
2017-03-03,0.042148,0.066834,0.118306
2017-03-04,0.041594,0.065947,0.116706
2017-03-05,0.043465,0.068904,0.121909
2017-03-06,0.043564,0.069053,0.122140
2017-03-07,0.043277,0.068589,0.121288
2017-03-08,0.044830,0.071042,0.125593
2017-03-09,0.044910,0.071159,0.125768
2017-03-10,0.044998,0.071290,0.125967
2017-03-11,0.045865,0.072655,0.128345
2017-03-12,0.045992,0.072846,0.128651
2017-03-13,0.047838,0.075760,0.133764
2017-03-14,0.047183,0.074714,0.131883
2017-03-15,0.048494,0.076781,0.135496
2017-03-16,0.049068,0.077678,0.137045
2017-03-17,0.051623,0.081713,0.144127
2017-03-18,0.052235,0.082672,0.145781
2017-03-19,0.049440,0.078237,0.137926
2017-03-20,0.052789,0.083526,0.147213
2017-03-21,0.051696,0.081787,0.144111
2017-03-22,0.052932,0.083732,0.147500
2017-03-23,0.054724,0.086556,0.152436
2017-03-24,0.054379,0.086000,0.151419
2017-03-25,0.054732,0.086548,0.152345
2017-03-26,0.057476,0.090875,0.159922
2017-03-27,0.059845,0.094609,0.166450
2017-03-28,0.058281,0.092125,0.162039
2017-03-29,0.060677,0.095899,0.168636
2017-03-30,0.060803,0.096087,0.168924
2017-03-31,0.062406,0.098608,0.173312
2017-04-01,0.061317,0.096875,0.170223
2017-04-02,0.061219,0.096708,0.169887
2017-04-03,0.058525,0.092441,0.162352
2017-04-04,0.062135,0.098130,0.172300
2017-04-05,0.063883,0.100879,0.177081
2017-04-06,0.063410,0.100119,0.175704
2017-04-07,0.064394,0.101660,0.178365
2017-04-08,0.064677,0.102095,0.179084
2017-04-09,0.063487,0.100204,0.175723
2017-04-10,0.063685,0.100504,0.176205
2017-04-11,0.065772,0.103785,0.181912
2017-04-12,0.065341,0.103092,0.180652
2017-04-13,0.064082,0.101093,0.177106
2017-04-14,0.069789,0.110083,0.192808
2017-04-15,0.067745,0.106846,0.187093
2017-04-16,0.068886,0.108632,0.190173
2017-04-17,0.069909,0.110231,0.192925
2017-04-18,0.071332,0.112461,0.196779
2017-04-19,0.070521,0.111168,0.194470
2017-04-20,0.071232,0.112276,0.196360
2017-04-21,0.073018,0.115077,0.201209
2017-04-22,0.073327,0.115549,0.201986
2017-04-23,0.075011,0.118189,0.206550
2017-04-24,0.072445,0.114131,0.199410
2017-04-25,0.075634,0.119141,0.208112
2017-04-26,0.074590,0.117483,0.205167
2017-04-27,0.075700,0.119216,0.208143
2017-04-28,0.080341,0.126509,0.220822
2017-04-29,0.082118,0.129292,0.225625
2017-04-30,0.080237,0.126315,0.220377
2017-05-01,0.081141,0.127723,0.222779
2017-05-02,0.081256,0.127888,0.223014
2017-05-03,0.082510,0.129846,0.226374
2017-05-04,0.081261,0.127865,0.222865
2017-05-05,0.085434,0.134415,0.234226
2017-05-06,0.085217,0.134057,0.233547
2017-05-07,0.086742,0.136440,0.237642
2017-05-08,0.085383,0.134286,0.233833
2017-05-09,0.089275,0.140391,0.244405
2017-05-10,0.088355,0.138927,0.241800
2017-05-11,0.089858,0.141272,0.245823
2017-05-12,0.092973,0.146153,0.254254
2017-05-13,0.090709,0.142577,0.247975
2017-05-14,0.093550,0.147024,0.255649
2017-05-15,0.096757,0.152047,0.264320
2017-05-16,0.098169,0.154246,0.268080
2017-05-17,0.093033,0.146159,0.253963
2017-05-18,0.096395,0.151422,0.263047
2017-05-19,0.100098,0.157222,0.273057
2017-05-20,0.102815,0.161469,0.280367
2017-05-21,0.105872,0.166251,0.288602
2017-05-22,0.108892,0.170973,0.296730
2017-05-23,0.104877,0.164648,0.285686
2017-05-24,0.107402,0.168592,0.292460
2017-05-25,0.107929,0.169400,0.293793
2017-05-26,0.108090,0.169632,0.294127
2017-05-27,0.111364,0.174750,0.302929
2017-05-28,0.110587,0.173509,0.300709
2017-05-29,0.117727,0.184691,0.320013
2017-05-30,0.125462,0.196801,0.340917
2017-05-31,0.122118,0.191533,0.331713
2017-06-01,0.128760,0.201927,0.349635
2017-06-02,0.125447,0.196707,0.340517
2017-06-03,0.129171,0.202524,0.350504
2017-06-04,0.132538,0.207777,0.359513
2017-06-05,0.135611,0.212571,0.367723
2017-06-06,0.137480,0.215475,0.372660
2017-06-07,0.143044,0.224168,0.387606
2017-06-08,0.144239,0.226016,0.390709
2017-06-09,0.143961,0.225552,0.389818
2017-06-10,0.151393,0.237169,0.409802
2017-06-11,0.155098,0.242945,0.419686
2017-06-12,0.154854,0.242534,0.418880
2017-06-13,0.160146,0.250792,0.433043
2017-06-14,0.163970,0.256752,0.443231
2017-06-15,0.166908,0.261322,0.451018
2017-06-16,0.169732,0.265711,0.458489
2017-06-17,0.175258,0.274330,0.473252
2017-06-18,0.178656,0.279616,0.482263
2017-06-19,0.180555,0.282556,0.487222
2017-06-20,0.184050,0.287992,0.496483
2017-06-21,0.185709,0.290554,0.500785
2017-06-22,0.187804,0.293798,0.506262
2017-06-23,0.186373,0.291525,0.502232
2017-06-24,0.190955,0.298657,0.514403
2017-06-25,0.193277,0.302253,0.520478
2017-06-26,0.200128,0.312932,0.538745
2017-06-27,0.199731,0.312275,0.537494
2017-06-28,0.205168,0.320737,0.551934
2017-06-29,0.210655,0.329277,0.566502
2017-06-30,0.210911,0.329639,0.566998
2017-07-01,0.213934,0.334325,0.574930
2017-07-02,0.215760,0.337141,0.579641
2017-07-03,0.222119,0.347037,0.596522
2017-07-04,0.227410,0.355263,0.610526
2017-07-05,0.221364,0.345778,0.594092
2017-07-06,0.225230,0.351776,0.604263
2017-07-07,0.228927,0.357509,0.613973
2017-07-08,0.230136,0.359356,0.617010
2017-07-09,0.232127,0.362424,0.622137
2017-07-10,0.235573,0.367761,0.631160
2017-07-11,0.233882,0.365080,0.626419
2017-07-12,0.227985,0.355835,0.610421
2017-07-13,0.230129,0.359140,0.615954
2017-07-14,0.225211,0.351425,0.602589
2017-07-15,0.233389,0.364145,0.624262
2017-07-16,0.238807,0.372555,0.638540
2017-07-17,0.226773,0.353740,0.606159
2017-07-18,0.232521,0.362665,0.621315
2017-07-19,0.241867,0.377200,0.646075
2017-07-20,0.249412,0.388923,0.666007
2017-07-21,0.248467,0.387404,0.663261
2017-07-22,0.247663,0.386107,0.660895
2017-07-23,0.256813,0.400326,0.685085
2017-07-24,0.249675,0.389156,0.665823
2017-07-25,0.261632,0.407746,0.697478
2017-07-26,0.260423,0.405816,0.694024
2017-07-27,0.256196,0.399185,0.682536
2017-07-28,0.262608,0.409128,0.699385
2017-07-29,0.259292,0.403917,0.690328
2017-07-30,0.267470,0.416610,0.711866
2017-07-31,0.273606,0.426119,0.727957
2017-08-01,0.273339,0.425655,0.727006
2017-08-02,0.269435,0.419528,0.716387
2017-08-03,0.259082,0.403363,0.688635
2017-08-04,0.269447,0.419452,0.715949
2017-08-05,0.266772,0.415242,0.708610
2017-08-06,0.270154,0.420459,0.717358
2017-08-07,0.277914,0.432488,0.737722
2017-08-08,0.281056,0.437328,0.745819
2017-08-09,0.286429,0.445640,0.759830
2017-08-10,0.281305,0.437619,0.745995
2017-08-11,0.285199,0.443627,0.756075
2017-08-12,0.294004,0.457272,0.779164
2017-08-13,0.295190,0.459065,0.782052
2017-08-14,0.301584,0.468956,0.798732
2017-08-15,0.305610,0.475164,0.809132
2017-08-16,0.307105,0.477436,0.812828
2017-08-17,0.311186,0.483726,0.823363
2017-08-18,0.308529,0.479543,0.816068
2017-08-19,0.320679,0.498373,0.847933
2017-08-20,0.313363,0.486948,0.828319
2017-08-21,0.321515,0.499561,0.849595
2017-08-22,0.322074,0.500374,0.850797
2017-08-23,0.329860,0.512414,0.871086
2017-08-24,0.326161,0.506611,0.861040
2017-08-25,0.319711,0.496538,0.843742
2017-08-26,0.321627,0.499460,0.848528
2017-08-27,0.320047,0.496951,0.844088
2017-08-28,0.310084,0.481428,0.817551
2017-08-29,0.332306,0.515873,0.875861
2017-08-30,0.333673,0.517938,0.879183
2017-08-31,0.327789,0.508749,0.863404
2017-09-01,0.331119,0.513860,0.871896
2017-09-02,0.330660,0.513092,0.870411
2017-09-03,0.329097,0.510610,0.866020
2017-09-04,0.334131,0.518364,0.878989
2017-09-05,0.335627,0.520628,0.882644
2017-09-06,0.332637,0.515933,0.874503
2017-09-07,0.339602,0.526679,0.892532
2017-09-08,0.356141,0.552269,0.935703
2017-09-09,0.347206,0.538355,0.911941
2017-09-10,0.341666,0.529707,0.897107
2017-09-11,0.341742,0.529767,0.897023
2017-09-12,0.360113,0.558185,0.944947
2017-09-13,0.344887,0.534526,0.904708
2017-09-14,0.351604,0.544878,0.922039
2017-09-15,0.363629,0.563452,0.953274
2017-09-16,0.356612,0.552518,0.934583
2017-09-17,0.359264,0.556568,0.941241
2017-09-18,0.351979,0.545223,0.921865
2017-09-19,0.361159,0.559382,0.945613
2017-09-20,0.356848,0.552646,0.934034
2017-09-21,0.363435,0.562785,0.950977
2017-09-22,0.360000,0.557407,0.941696
2017-09-23,0.345007,0.534134,0.902195
2017-09-24,0.354203,0.548313,0.925956
2017-09-25,0.336784,0.521291,0.880145
2017-09-26,0.341497,0.528530,0.892186
2017-09-27,0.350280,0.542065,0.914848
2017-09-28,0.337542,0.522296,0.881304
2017-09-29,0.323782,0.500952,0.845118
2017-09-30,0.322013,0.498161,0.840239
2017-10-01,0.337160,0.521537,0.879490
2017-10-02,0.335858,0.519468,0.875824
2017-10-03,0.335184,0.518370,0.873797
2017-10-04,0.344961,0.533433,0.899008
2017-10-05,0.356072,0.550557,0.927680
2017-10-06,0.339734,0.525239,0.884841
2017-10-07,0.332651,0.514234,0.866129
2017-10-08,0.343641,0.531166,0.894467
2017-10-09,0.345564,0.534081,0.899197
2017-10-10,0.350172,0.541146,0.910910
2017-10-11,0.360474,0.557008,0.937422
2017-10-12,0.347718,0.537239,0.903972
2017-10-13,0.362762,0.560424,0.942795
2017-10-14,0.346444,0.535157,0.900111
2017-10-15,0.357591,0.552317,0.928788
2017-10-16,0.370426,0.572081,0.961833
2017-10-17,0.376898,0.582015,0.978340
2017-10-18,0.374451,0.578176,0.971695
2017-10-19,0.388074,0.599148,1.006740
2017-10-20,0.385621,0.595297,1.000072
2017-10-21,0.383577,0.592080,0.994471
2017-10-22,0.390617,0.602883,1.012417
2017-10-23,0.386845,0.596998,1.002337
2017-10-24,0.399449,0.616385,1.034683
2017-10-25,0.389604,0.601129,1.008876
2017-10-26,0.376595,0.580998,0.974897
2017-10-27,0.384108,0.592526,0.994046
2017-10-28,0.389019,0.600039,1.006453
2017-10-29,0.383889,0.592064,0.992882
2017-10-30,0.377524,0.582187,0.976128
2017-10-31,0.390806,0.602605,1.010164
2017-11-01,0.394532,0.608287,1.019490
2017-11-02,0.379002,0.584282,0.979066
2017-11-03,0.372105,0.573590,0.960963
2017-11-04,0.366163,0.564372,0.945336
2017-11-05,0.382711,0.589816,0.987764
2017-11-06,0.374705,0.577414,0.966799
2017-11-07,0.372301,0.573650,0.960310
2017-11-08,0.379421,0.584561,0.978386
2017-11-09,0.372641,0.574055,0.960616
2017-11-10,0.377951,0.582175,0.974016
2017-11-11,0.377641,0.581637,0.972927
2017-11-12,0.385814,0.594163,0.993689
2017-11-13,0.383092,0.589911,0.986388
2017-11-14,0.373964,0.575795,0.962599
2017-11-15,0.376029,0.578915,0.967628
2017-11-16,0.363763,0.559974,0.935790
2017-11-17,0.366808,0.564602,0.943344
2017-11-18,0.363055,0.558769,0.933419
2017-11-19,0.367695,0.565851,0.945069
2017-11-20,0.391019,0.601683,1.004722
2017-11-21,0.386281,0.594331,0.992256
2017-11-22,0.384879,0.592113,0.988364
2017-11-23,0.397031,0.610746,1.019272
2017-11-24,0.405611,0.623881,1.040995
2017-11-25,0.406982,0.625924,1.044206
2017-11-26,0.406446,0.625037,1.042527
2017-11-27,0.400633,0.616034,1.027316
2017-11-28,0.393804,0.605472,1.009512
2017-11-29,0.400249,0.615318,1.025733
2017-11-30,0.404733,0.622148,1.036924
2017-12-01,0.406742,0.625173,1.041768
2017-12-02,0.406968,0.625456,1.042043
2017-12-03,0.394597,0.606381,1.010073
2017-12-04,0.407547,0.626217,1.042919
2017-12-05,0.399518,0.613819,1.022078
2017-12-06,0.400017,0.614523,1.023059
2017-12-07,0.404996,0.622109,1.035492
2017-12-08,0.411690,0.632327,1.052302
2017-12-09,0.414712,0.636904,1.059721
2017-12-10,0.409507,0.628846,1.046119
2017-12-11,0.414545,0.636518,1.058684
2017-12-12,0.416326,0.639189,1.062927
2017-12-13,0.432854,0.664498,1.104808
2017-12-14,0.444110,0.681707,1.133210
2017-12-15,0.463728,0.711749,1.182929
2017-12-16,0.457726,0.702467,1.167284
2017-12-17,0.460822,0.707147,1.174843
2017-12-18,0.474615,0.728240,1.209663
2017-12-19,0.466408,0.715576,1.188406
2017-12-20,0.463034,0.710327,1.179471
2017-12-21,0.463302,0.710666,1.179816
2017-12-22,0.460952,0.706991,1.173498
2017-12-23,0.481169,0.737925,1.224617
2017-12-24,0.478958,0.734461,1.218644
2017-12-25,0.484348,0.742651,1.232007
2017-12-26,0.486782,0.746309,1.237848
2017-12-27,0.490027,0.751209,1.245746
2017-12-28,0.502991,0.771006,1.278341
2017-12-29,0.493148,0.755843,1.252971
2017-12-30,0.496775,0.761326,1.261829
2017-12-31,0.503445,0.771471,1.278409
2018-01-01,0.511365,0.783530,1.298155
2018-01-02,0.509961,0.781300,1.294224
2018-01-03,0.508980,0.779721,1.291373
2018-01-04,0.520561,0.797382,1.320382
2018-01-05,0.532933,0.816253,1.351384
2018-01-06,0.522135,0.799635,1.323631
2018-01-07,0.540959,0.828381,1.370965
2018-01-08,0.540025,0.826868,1.368214
2018-01-09,0.546271,0.836350,1.383653
2018-01-10,0.557429,0.853348,1.411519
2018-01-11,0.574403,0.879247,1.454094
2018-01-12,0.576422,0.882250,1.458797
2018-01-13,0.578328,0.885079,1.463212
2018-01-14,0.592047,0.905986,1.497504
2018-01-15,0.579807,0.887169,1.466138
2018-01-16,0.597119,0.913568,1.509494
2018-01-17,0.609362,0.932208,1.540015
2018-01-18,0.603601,0.923304,1.525033
2018-01-19,0.602290,0.921208,1.521297
2018-01-20,0.626962,0.958849,1.583175
2018-01-21,0.613212,0.937729,1.548027
2018-01-22,0.627431,0.959378,1.583482
2018-01-23,0.625915,0.956966,1.579220
2018-01-24,0.641892,0.981298,1.619084
2018-01-25,0.647085,0.989141,1.631733
2018-01-26,0.647060,0.989006,1.631220
2018-01-27,0.642557,0.982027,1.619422
2018-01-28,0.650739,0.994435,1.639592
2018-01-29,0.677052,1.034545,1.705421
2018-01-30,0.668554,1.021459,1.683551
2018-01-31,0.685259,1.046881,1.725145
2018-02-01,0.701463,1.071533,1.765456
2018-02-02,0.711962,1.087464,1.791388
2018-02-03,0.709705,1.083911,1.785220
2018-02-04,0.709081,1.082854,1.783165
2018-02-05,0.726877,1.109923,1.827418
2018-02-06,0.718163,1.096510,1.805016
2018-02-07,0.734896,1.121950,1.846569
2018-02-08,0.726708,1.109343,1.825499
2018-02-09,0.737069,1.125051,1.851023
2018-02-10,0.741960,1.132406,1.862798
2018-02-11,0.747835,1.141262,1.877038
2018-02-12,0.762616,1.163708,1.913620
2018-02-13,0.767068,1.170389,1.924270
2018-02-14,0.746747,1.139274,1.872785
2018-02-15,0.753092,1.148843,1.888186
2018-02-16,0.767765,1.171115,1.924456
2018-02-17,0.768886,1.172712,1.926745
2018-02-18,0.768621,1.172195,1.925561
2018-02-19,0.766386,1.168674,1.919444
2018-02-20,0.755857,1.152508,1.892564
2018-02-21,0.761876,1.161574,1.907121
2018-02-22,0.768018,1.170826,1.921980
2018-02-23,0.774679,1.180869,1.938131
2018-02-24,0.770231,1.173977,1.926485
2018-02-25,0.788225,1.201288,1.970963
2018-02-26,0.779140,1.187329,1.947724
2018-02-27,0.765578,1.166550,1.913308
2018-02-28,0.792843,1.207980,1.980919
2018-03-01,0.796203,1.212984,1.988783
2018-03-02,0.801634,1.221141,2.001814
2018-03-03,0.818294,1.246403,2.042874
2018-03-04,0.796475,1.213053,1.987873
2018-03-05,0.799176,1.217051,1.994083
2018-03-06,0.800972,1.219671,1.998034
2018-03-07,0.826678,1.258694,2.061609
2018-03-08,0.823580,1.253858,2.053338
2018-03-09,0.804639,1.224907,2.005584
2018-03-10,0.812195,1.236292,2.023881
2018-03-11,0.808609,1.230717,2.014411
2018-03-12,0.813835,1.238559,2.026918
2018-03-13,0.811765,1.235293,2.021228
2018-03-14,0.802958,1.221775,1.998772
2018-03-15,0.812472,1.236135,2.021921
2018-03-16,0.840870,1.279222,2.092044
2018-03-17,0.835071,1.270280,2.077068
2018-03-18,0.828139,1.259617,2.059285
2018-03-19,0.831102,1.264004,2.066109
2018-03-20,0.834701,1.269360,2.074514
2018-03-21,0.823169,1.251705,2.045316
2018-03-22,0.821784,1.249482,2.041340
2018-03-23,0.825242,1.254622,2.049393
2018-03-24,0.819423,1.245659,2.034410
2018-03-25,0.823034,1.251032,2.042843
2018-03-26,0.845055,1.284384,2.096954
2018-03-27,0.825490,1.254531,2.047870
2018-03-28,0.824054,1.252232,2.043775
2018-03-29,0.809691,1.230291,2.007630
2018-03-30,0.818630,1.243757,2.029267
2018-03-31,0.807132,1.226173,2.000244
2018-04-01,0.808100,1.227531,2.002126
2018-04-02,0.808253,1.227649,2.001985
2018-04-03,0.789793,1.199499,1.955755
2018-04-04,0.796614,1.209746,1.972135
2018-04-05,0.801235,1.216651,1.983061
2018-04-06,0.821096,1.246694,2.031693
2018-04-07,0.807097,1.225325,1.996539
2018-04-08,0.801011,1.215973,1.980973
2018-04-09,0.775054,1.176460,1.916284
2018-04-10,0.794110,1.205274,1.962894
2018-04-11,0.786517,1.193640,1.943626
2018-04-12,0.781812,1.186390,1.931504
2018-04-13,0.790017,1.198730,1.951272
2018-04-14,0.790603,1.199510,1.952221
2018-04-15,0.790408,1.199103,1.951237
2018-04-16,0.793097,1.203072,1.957376
2018-04-17,0.792084,1.201425,1.954376
2018-04-18,0.771841,1.170612,1.903941
2018-04-19,0.793742,1.203719,1.957466
2018-04-20,0.774597,1.174578,1.909766
2018-04-21,0.803746,1.218666,1.981126
2018-04-22,0.793300,1.202719,1.954882
2018-04-23,0.806062,1.221954,1.985824
2018-04-24,0.789764,1.197138,1.945178
2018-04-25,0.796190,1.206769,1.960507
2018-04-26,0.825531,1.251126,2.032241
2018-04-27,0.795998,1.206257,1.959040
2018-04-28,0.784462,1.188667,1.930160
2018-04-29,0.819332,1.241391,2.015447
2018-04-30,0.814542,1.234022,2.003160
2018-05-01,0.790412,1.197357,1.943327
2018-05-02,0.807240,1.222737,1.984199
2018-05-03,0.810299,1.227260,1.991218
2018-05-04,0.819358,1.240867,2.012971
2018-05-05,0.832172,1.260160,2.043939
2018-05-06,0.833485,1.262034,2.046649
2018-05-07,0.850860,1.288226,2.088789
2018-05-08,0.841648,1.274163,2.065656
2018-05-09,0.830609,1.257336,2.038050
2018-05-10,0.829953,1.256230,2.035930
2018-05-11,0.839006,1.269819,2.057624
2018-05-12,0.856525,1.296216,2.100062
2018-05-13,0.854442,1.292948,2.094434
2018-05-14,0.838298,1.268404,2.054347
2018-05-15,0.826833,1.250944,2.025746
2018-05-16,0.827672,1.252102,2.027298
2018-05-17,0.835938,1.264493,2.047034
2018-05-18,0.829668,1.254895,2.031174
2018-05-19,0.833573,1.260688,2.040227
2018-05-20,0.844944,1.277771,2.067545
2018-05-21,0.852107,1.288488,2.084555
2018-05-22,0.842068,1.273194,2.059486
2018-05-23,0.839682,1.269472,2.053142
2018-05-24,0.808866,1.222775,1.977305
2018-05-25,0.814999,1.231936,1.991804
2018-05-26,0.828180,1.251749,2.023518
2018-05-27,0.808003,1.221142,1.973731
2018-05-28,0.822029,1.242230,2.007498
2018-05-29,0.819031,1.237588,1.999683
2018-05-30,0.812093,1.226997,1.982258
2018-05-31,0.831270,1.255860,2.028569
2018-06-01,0.796909,1.203841,1.944239
2018-06-02,0.817873,1.235399,1.994895
2018-06-03,0.811411,1.225531,1.978650
2018-06-04,0.815307,1.231306,1.987662
2018-06-05,0.812392,1.226795,1.980071
2018-06-06,0.807401,1.219150,1.967425
2018-06-07,0.814851,1.230290,1.985093
2018-06-08,0.818912,1.236312,1.994499
2018-06-09,0.852940,1.287570,2.076870
2018-06-10,0.820398,1.238338,1.997146
2018-06-11,0.834391,1.259348,2.030716
2018-06-12,0.844843,1.275011,2.055654
2018-06-13,0.821700,1.239975,1.998857
2018-06-14,0.820057,1.237386,1.994374
2018-06-15,0.817231,1.233013,1.987019
2018-06-16,0.825476,1.245344,2.006580
2018-06-17,0.818654,1.234943,1.989515
2018-06-18,0.849383,1.281185,2.063694
2018-06-19,0.856926,1.292449,2.081517
2018-06-20,0.846724,1.276951,2.056240
2018-06-21,0.857374,1.292899,2.081601
2018-06-22,0.862743,1.300882,2.094131
2018-06-23,0.850488,1.282291,2.063887
2018-06-24,0.853230,1.286313,2.070044
2018-06-25,0.856333,1.290877,2.077071
2018-06-26,0.848117,1.278381,2.056649
2018-06-27,0.871984,1.314242,2.114020
2018-06-28,0.844986,1.273440,2.048074
2018-06-29,0.838594,1.263697,2.032095
2018-06-30,0.870289,1.311344,2.108392
2018-07-01,0.834913,1.257930,2.022206
2018-07-02,0.849242,1.279409,2.056421
2018-07-03,0.861921,1.298397,2.086624
2018-07-04,0.854476,1.287070,2.068106
2018-07-05,0.882192,1.328703,2.134680
2018-07-06,0.867933,1.307114,2.099677
2018-07-07,0.877770,1.321814,2.122969
2018-07-08,0.860124,1.295129,2.079795
2018-07-09,0.882462,1.328650,2.133304
2018-07-10,0.860375,1.295283,2.079414
2018-07-11,0.836431,1.259127,2.021065
2018-07-12,0.845556,1.272753,2.042630
2018-07-13,0.836965,1.259714,2.021399
2018-07-14,0.837994,1.261153,2.023405
2018-07-15,0.843208,1.268892,2.035515
2018-07-16,0.843678,1.269489,2.036167
2018-07-17,0.861775,1.296609,2.079353
2018-07-18,0.854326,1.285290,2.060893
2018-07-19,0.844069,1.269751,2.035672
2018-07-20,0.829831,1.248226,2.000863
2018-07-21,0.796958,1.198675,1.921148
2018-07-22,0.834305,1.254739,2.010704
2018-07-23,0.862318,1.296758,2.077729
2018-07-24,0.848297,1.275565,2.043468
2018-07-25,0.869490,1.307320,2.094028
2018-07-26,0.862149,1.296172,2.075863
2018-07-27,0.860267,1.293232,2.070847
2018-07-28,0.863739,1.298342,2.078721
2018-07-29,0.867512,1.303901,2.087311
2018-07-30,0.865727,1.301108,2.082532
2018-07-31,0.869257,1.306302,2.090537
2018-08-01,0.859456,1.291464,2.066485
2018-08-02,0.876054,1.316293,2.105903
2018-08-03,0.854459,1.283737,2.053514
2018-08-04,0.875769,1.315641,2.104239
2018-08-05,0.875969,1.315829,2.104231
2018-08-06,0.876525,1.316554,2.105080
2018-08-07,0.872149,1.309871,2.094086
2018-08-08,0.880927,1.322941,2.114671
2018-08-09,0.883415,1.326566,2.120155
2018-08-10,0.871900,1.309163,2.092034
2018-08-11,0.875345,1.314226,2.099817
2018-08-12,0.851159,1.277806,2.041328
2018-08-13,0.850302,1.276411,2.038801
2018-08-14,0.854207,1.282166,2.047694
2018-08-15,0.844571,1.267595,2.024129
2018-08-16,0.831189,1.247406,1.991599
2018-08-17,0.848380,1.273097,2.032323
2018-08-18,0.834836,1.252667,1.999418
2018-08-19,0.839262,1.259203,2.009558
2018-08-20,0.844415,1.266828,2.021433
2018-08-21,0.851121,1.276782,2.037022
2018-08-22,0.861539,1.292302,2.061483
2018-08-23,0.829615,1.244312,1.984643
2018-08-24,0.840775,1.260946,2.010882
2018-08-25,0.842197,1.262973,2.013823
2018-08-26,0.857726,1.286152,2.050487
2018-08-27,0.846933,1.269863,2.024225
2018-08-28,0.839760,1.259002,2.006623
2018-08-29,0.824777,1.236435,1.970373
2018-08-30,0.829091,1.242800,1.980231
2018-08-31,0.831473,1.246266,1.985468
2018-09-01,0.822763,1.233109,1.964225
2018-09-02,0.814337,1.220379,1.943669
2018-09-03,0.814485,1.220500,1.943582
2018-09-04,0.819443,1.227827,1.954970
2018-09-05,0.820187,1.228841,1.956304
2018-09-06,0.819331,1.227456,1.953821
2018-09-07,0.805424,1.206522,1.920225
2018-09-08,0.802441,1.201953,1.912680
2018-09-09,0.762119,1.141462,1.816161
2018-09-10,0.770755,1.154301,1.836329
2018-09-11,0.755129,1.130805,1.798694
2018-09-12,0.746044,1.117109,1.776656
2018-09-13,0.727482,1.089224,1.732061
2018-09-14,0.748521,1.120634,1.781755
2018-09-15,0.750839,1.124011,1.786873
2018-09-16,0.747253,1.118551,1.777941
2018-09-17,0.749657,1.122057,1.783260
2018-09-18,0.747838,1.119242,1.778536
2018-09-19,0.759623,1.136786,1.806160
2018-09-20,0.756246,1.131640,1.797729
2018-09-21,0.752346,1.125712,1.788061
2018-09-22,0.774128,1.158209,1.839418
2018-09-23,0.766352,1.146481,1.820537
2018-09-24,0.770261,1.152235,1.829416
2018-09-25,0.762939,1.141189,1.811624
2018-09-26,0.784544,1.173409,1.862512
2018-09-27,0.780645,1.167482,1.852845
2018-09-28,0.777266,1.162333,1.844414
2018-09-29,0.763771,1.142059,1.811991
2018-09-30,0.774860,1.158547,1.837893
2018-10-01,0.760624,1.137168,1.803726
2018-10-02,0.761942,1.139046,1.806453
2018-10-03,0.757394,1.132155,1.795274
2018-10-04,0.766639,1.145881,1.816787
2018-10-05,0.762309,1.139318,1.806129
2018-10-06,0.767659,1.147221,1.818405
2018-10-07,0.773218,1.155434,1.831169
2018-10-08,0.779528,1.164769,1.845707
2018-10-09,0.772046,1.153496,1.827591
2018-10-10,0.772329,1.153825,1.827858
2018-10-11,0.759812,1.135033,1.797841
2018-10-12,0.758774,1.133392,1.794992
2018-10-13,0.751583,1.122560,1.777593
2018-10-14,0.757946,1.131972,1.792249
2018-10-15,0.751566,1.122353,1.776775
2018-10-16,0.752066,1.123009,1.777569
2018-10-17,0.747926,1.116738,1.767399
2018-10-18,0.760853,1.135947,1.797554
2018-10-19,0.750534,1.120451,1.772788
2018-10-20,0.741509,1.106889,1.751089
2018-10-21,0.732173,1.092865,1.728666
2018-10-22,0.724852,1.081850,1.711010
2018-10-23,0.732918,1.093801,1.729674
2018-10-24,0.736583,1.099183,1.737947
2018-10-25,0.724590,1.081200,1.709280
2018-10-26,0.720960,1.075696,1.700347
2018-10-27,0.725845,1.082898,1.711498
2018-10-28,0.720045,1.074160,1.697456
2018-10-29,0.713344,1.064079,1.681296
2018-10-30,0.716534,1.068752,1.688451
2018-10-31,0.730000,1.088750,1.719811
2018-11-01,0.709711,1.058407,1.671653
2018-11-02,0.692825,1.033141,1.631527
2018-11-03,0.692170,1.032083,1.629635
2018-11-04,0.703775,1.049304,1.656602
2018-11-05,0.698347,1.041124,1.643456
2018-11-06,0.698784,1.041692,1.644132
2018-11-07,0.703559,1.048728,1.655013
2018-11-08,0.709046,1.056823,1.667562
2018-11-09,0.694449,1.034983,1.632882
2018-11-10,0.700499,1.043918,1.646756
2018-11-11,0.714824,1.065181,1.680073
2018-11-12,0.696112,1.037216,1.635744
2018-11-13,0.701506,1.045170,1.648068
2018-11-14,0.703159,1.047551,1.651601
2018-11-15,0.699200,1.041570,1.641950
2018-11-16,0.711954,1.060485,1.671545
2018-11-17,0.685259,1.020642,1.608529
2018-11-18,0.686921,1.023036,1.612086
2018-11-19,0.678721,1.010745,1.592506
2018-11-20,0.665771,0.991383,1.561790
2018-11-21,0.640497,0.953672,1.502182
2018-11-22,0.623512,0.928310,1.462038
2018-11-23,0.631109,0.939547,1.479538
2018-11-24,0.624035,0.928942,1.462644
2018-11-25,0.612885,0.912273,1.436207
2018-11-26,0.612341,0.911392,1.434630
2018-11-27,0.562968,0.837841,1.318677
2018-11-28,0.541069,0.805187,1.267116
2018-11-29,0.549776,0.818080,1.287236
2018-11-30,0.546889,0.813720,1.280205
2018-12-01,0.560481,0.833879,1.311748
2018-12-02,0.536242,0.797754,1.254755
2018-12-03,0.534869,0.795649,1.251280
2018-12-04,0.546456,0.812823,1.278119
2018-12-05,0.533213,0.793063,1.246884
2018-12-06,0.542349,0.806588,1.267982
2018-12-07,0.517952,0.770245,1.210691
2018-12-08,0.507222,0.754229,1.185361
2018-12-09,0.502499,0.747148,1.174078
2018-12-10,0.530390,0.788557,1.238986
2018-12-11,0.510763,0.759318,1.192889
2018-12-12,0.496232,0.737658,1.158711
2018-12-13,0.491557,0.730652,1.147555
2018-12-14,0.482166,0.716638,1.125398
2018-12-15,0.493532,0.733475,1.151689
2018-12-16,0.486147,0.722443,1.134218
2018-12-17,0.478354,0.710808,1.115806
2018-12-18,0.468400,0.695963,1.092361
2018-12-19,0.473677,0.703749,1.104438
2018-12-20,0.470621,0.699156,1.097087
2018-12-21,0.475927,0.706983,1.109225
2018-12-22,0.482045,0.716016,1.123253
2018-12-23,0.484835,0.720105,1.129520
2018-12-24,0.506979,0.752937,1.180866
2018-12-25,0.522331,0.775678,1.216375
2018-12-26,0.542578,0.805683,1.263263
2018-12-27,0.527575,0.783344,1.228079
2018-12-28,0.518705,0.770115,1.207183
2018-12-29,0.520423,0.772607,1.210933
2018-12-30,0.523059,0.776460,1.216817
2018-12-31,0.529873,0.786515,1.232416
2019-01-01,0.499213,0.740949,1.160867
2019-01-02,0.516273,0.766211,1.200292
2019-01-03,0.517231,0.767575,1.202274
2019-01-04,0.514610,0.763627,1.195938
2019-01-05,0.528909,0.784786,1.228917
2019-01-06,0.533648,0.791758,1.239676
2019-01-07,0.542358,0.804619,1.259652
2019-01-08,0.527047,0.781844,1.223841
2019-01-09,0.541785,0.803647,1.257809
2019-01-10,0.530419,0.786726,1.231170
2019-01-11,0.531723,0.788601,1.233947
2019-01-12,0.515349,0.764259,1.195705
2019-01-13,0.519396,0.770202,1.204849
2019-01-14,0.525991,0.779923,1.219901
2019-01-15,0.536537,0.795500,1.244108
2019-01-16,0.510288,0.756525,1.183003
2019-01-17,0.504939,0.748538,1.170366
2019-01-18,0.504940,0.748482,1.170130
2019-01-19,0.523955,0.776610,1.213950
2019-01-20,0.523931,0.776516,1.213651
2019-01-21,0.505595,0.749283,1.170939
2019-01-22,0.510770,0.756896,1.182687
2019-01-23,0.477890,0.708119,1.106330
2019-01-24,0.497038,0.736435,1.150426
2019-01-25,0.497834,0.737560,1.152038
2019-01-26,0.484575,0.717862,1.121129
2019-01-27,0.477792,0.707761,1.105215
2019-01-28,0.441775,0.654359,1.021697
2019-01-29,0.415869,0.615941,0.961591
2019-01-30,0.411277,0.609094,0.950782
2019-01-31,0.424530,0.628674,0.981223
2019-02-01,0.404848,0.599483,0.935546
2019-02-02,0.404502,0.598926,0.934559
2019-02-03,0.393397,0.582440,0.908722
2019-02-04,0.398670,0.590203,0.920719
2019-02-05,0.400065,0.592223,0.923755
2019-02-06,0.393849,0.582978,0.909222
2019-02-07,0.393774,0.582823,0.908867
2019-02-08,0.402176,0.595214,0.928075
2019-02-09,0.398374,0.589544,0.919119
2019-02-10,0.409456,0.605899,0.944499
2019-02-11,0.401163,0.593583,0.925186
2019-02-12,0.416012,0.615508,0.959241
2019-02-13,0.401784,0.594413,0.926251
2019-02-14,0.395457,0.585010,0.911485
2019-02-15,0.394217,0.583133,0.908449
2019-02-16,0.405539,0.599836,0.934355
2019-02-17,0.395620,0.585121,0.911321
2019-02-18,0.407525,0.602684,0.938560
2019-02-19,0.433493,0.641040,0.998168
2019-02-20,0.430180,0.636093,0.990344
2019-02-21,0.427522,0.632117,0.984032
2019-02-22,0.421908,0.623770,0.970919
2019-02-23,0.449659,0.664751,1.034580
2019-02-24,0.438741,0.648562,1.009261
2019-02-25,0.432844,0.639797,0.995500
2019-02-26,0.439229,0.649187,1.009986
2019-02-27,0.438304,0.647772,1.007662
2019-02-28,0.442514,0.653946,1.017142
2019-03-01,0.429501,0.634670,0.987039
2019-03-02,0.429266,0.634275,0.986305
2019-03-03,0.424856,0.627713,0.975981
2019-03-04,0.421724,0.623041,0.968599
2019-03-05,0.428123,0.632447,0.983103
2019-03-06,0.423944,0.626229,0.973319
2019-03-07,0.425323,0.628219,0.976294
2019-03-08,0.429626,0.634528,0.985979
2019-03-09,0.416041,0.614419,0.954616
2019-03-10,0.426098,0.629226,0.977504
2019-03-11,0.415959,0.614211,0.954067
2019-03-12,0.413757,0.610915,0.948831
2019-03-13,0.409406,0.604447,0.938672
2019-03-14,0.412455,0.608904,0.945480
2019-03-15,0.411741,0.607805,0.943661
2019-03-16,0.427542,0.631084,0.979684
2019-03-17,0.421289,0.621809,0.965169
2019-03-18,0.414881,0.612307,0.950307
2019-03-19,0.402499,0.593990,0.921768
2019-03-20,0.419052,0.618372,0.959489
2019-03-21,0.412961,0.609340,0.945361
2019-03-22,0.409263,0.603839,0.936715
2019-03-23,0.410935,0.606264,0.940363
2019-03-24,0.410234,0.605185,0.938577
2019-03-25,0.409554,0.604138,0.936842
2019-03-26,0.396872,0.585389,0.907659
2019-03-27,0.394271,0.581510,0.901536
2019-03-28,0.393613,0.580498,0.899861
2019-03-29,0.395071,0.582605,0.903019
2019-03-30,0.380525,0.561114,0.869606
2019-03-31,0.383177,0.564984,0.875499
2019-04-01,0.403244,0.594530,0.921173
2019-04-02,0.398628,0.587682,0.910454
2019-04-03,0.394804,0.582002,0.901548
2019-04-04,0.407404,0.600534,0.930145
2019-04-05,0.403887,0.595306,0.921939
2019-04-06,0.407014,0.599874,0.928902
2019-04-07,0.404470,0.596081,0.922920
2019-04-08,0.406649,0.599249,0.927716
2019-04-09,0.409738,0.603758,0.934585
2019-04-10,0.418792,0.617055,0.955056
2019-04-11,0.416939,0.614281,0.950650
2019-04-12,0.413906,0.609769,0.943556
2019-04-13,0.421330,0.620661,0.960298
2019-04-14,0.426206,0.627800,0.971230
2019-04-15,0.427440,0.629572,0.973857
2019-04-16,0.420102,0.618721,0.956958
2019-04-17,0.409554,0.603143,0.932755
2019-04-18,0.408260,0.601194,0.929632
2019-04-19,0.417139,0.614225,0.949671
2019-04-20,0.413118,0.608261,0.940340
2019-04-21,0.416175,0.612719,0.947122
2019-04-22,0.420558,0.619127,0.956915
2019-04-23,0.415685,0.611911,0.945652
2019-04-24,0.407596,0.599960,0.927075
2019-04-25,0.408696,0.601538,0.929403
2019-04-26,0.411025,0.604922,0.934523
2019-04-27,0.418176,0.615403,0.950605
2019-04-28,0.413907,0.609078,0.940726
2019-04-29,0.420497,0.618731,0.955525
2019-04-30,0.424588,0.624707,0.964641
2019-05-01,0.423625,0.623246,0.962273
2019-05-02,0.419562,0.617225,0.952866
2019-05-03,0.412393,0.606636,0.936411
2019-05-04,0.433151,0.637126,0.983362
2019-05-05,0.430188,0.632723,0.976453
2019-05-06,0.419293,0.616656,0.951548
2019-05-07,0.427141,0.628153,0.969177
2019-05-08,0.422732,0.621626,0.958996
2019-05-09,0.424163,0.623685,0.962062
2019-05-10,0.425333,0.625363,0.964539
2019-05-11,0.426010,0.626313,0.965894
2019-05-12,0.433419,0.637162,0.982511
2019-05-13,0.427695,0.628704,0.969358
2019-05-14,0.441761,0.649335,1.001053
2019-05-15,0.447315,0.657453,1.013452
2019-05-16,0.442886,0.650898,1.003232
2019-05-17,0.468865,0.689029,1.061883
2019-05-18,0.470873,0.691933,1.066236
2019-05-19,0.461196,0.677664,1.044130
2019-05-20,0.453691,0.666591,1.026952
2019-05-21,0.446808,0.656432,1.011186
2019-05-22,0.451798,0.663718,1.022292
2019-05-23,0.444753,0.653322,1.006166
2019-05-24,0.437181,0.642155,0.988854
2019-05-25,0.443964,0.652073,1.004013
2019-05-26,0.440572,0.647046,0.996160
2019-05-27,0.453489,0.665969,1.025177
2019-05-28,0.441233,0.647926,0.997290
2019-05-29,0.468796,0.688354,1.059396
2019-05-30,0.459162,0.674161,1.037435
2019-05-31,0.461871,0.678092,1.043366
2019-06-01,0.461660,0.677734,1.042698
2019-06-02,0.465497,0.683319,1.051172
2019-06-03,0.445461,0.653864,1.005746
2019-06-04,0.448864,0.658812,1.013244
2019-06-05,0.442274,0.649095,0.998187
2019-06-06,0.459325,0.674074,1.036482
2019-06-07,0.457094,0.670754,1.031262
2019-06-08,0.444373,0.652041,1.002379
2019-06-09,0.435385,0.638809,0.981927
2019-06-10,0.446067,0.654437,1.005836
2019-06-11,0.440054,0.645571,0.992099
2019-06-12,0.439003,0.643985,0.989550
2019-06-13,0.432074,0.633777,0.973756
2019-06-14,0.434898,0.637876,0.979944
2019-06-15,0.435612,0.638879,0.981376
2019-06-16,0.437321,0.641342,0.985049
2019-06-17,0.439649,0.644711,0.990113
2019-06-18,0.434867,0.637655,0.979167
2019-06-19,0.442924,0.649425,0.997131
2019-06-20,0.440239,0.645444,0.990907
2019-06-21,0.432912,0.634659,0.974242
2019-06-22,0.433898,0.636061,0.976286
2019-06-23,0.440537,0.645749,0.991045
2019-06-24,0.450883,0.660869,1.014139
2019-06-25,0.453077,0.664040,1.018891
2019-06-26,0.473060,0.693280,1.063639
2019-06-27,0.467852,0.685601,1.051742
2019-06-28,0.460711,0.675091,1.035505
2019-06-29,0.473236,0.693397,1.063467
2019-06-30,0.472534,0.692321,1.061700
2019-07-01,0.466993,0.684157,1.049063
2019-07-02,0.474195,0.694660,1.065051
2019-07-03,0.458475,0.671586,1.029561
2019-07-04,0.457066,0.669476,1.026214
2019-07-05,0.457234,0.669677,1.026409
2019-07-06,0.471529,0.690568,1.058312
2019-07-07,0.464938,0.680870,1.043335
2019-07-08,0.461391,0.675629,1.035191
2019-07-09,0.471643,0.690594,1.058005
2019-07-10,0.473271,0.692933,1.061471
2019-07-11,0.484146,0.708806,1.085668
2019-07-12,0.484155,0.708772,1.085497
2019-07-13,0.482342,0.706071,1.081242
2019-07-14,0.491151,0.718917,1.100795
2019-07-15,0.485623,0.710778,1.088214
2019-07-16,0.471437,0.689968,1.056238
2019-07-17,0.484242,0.708661,1.084737
2019-07-18,0.484522,0.709023,1.085172
2019-07-19,0.467875,0.684617,1.047704
2019-07-20,0.479004,0.700855,1.072438
2019-07-21,0.466491,0.682500,1.044238
2019-07-22,0.465069,0.680375,1.040874
2019-07-23,0.472202,0.690764,1.056653
2019-07-24,0.475926,0.696165,1.064800
2019-07-25,0.471617,0.689815,1.054974
2019-07-26,0.468896,0.685790,1.048705
2019-07-27,0.482162,0.705145,1.078185
2019-07-28,0.474043,0.693225,1.059845
2019-07-29,0.471851,0.689974,1.054762
2019-07-30,0.484236,0.708037,1.082258
2019-07-31,0.469692,0.686725,1.049570
2019-08-01,0.464963,0.679765,1.038820
2019-08-02,0.472486,0.690718,1.055445
2019-08-03,0.478588,0.699592,1.068890
2019-08-04,0.484708,0.708492,1.082372
2019-08-05,0.491267,0.718031,1.096827
2019-08-06,0.490023,0.716165,1.093859
2019-08-07,0.493864,0.721730,1.102243
2019-08-08,0.490013,0.716056,1.093460
2019-08-09,0.485033,0.708731,1.082159
2019-08-10,0.498530,0.728406,1.112081
2019-08-11,0.486367,0.710586,1.084760
2019-08-12,0.493717,0.721278,1.100964
2019-08-13,0.492121,0.718898,1.097215
2019-08-14,0.488967,0.714243,1.089995
2019-08-15,0.488887,0.714079,1.089629
2019-08-16,0.488413,0.713340,1.088385
2019-08-17,0.498539,0.728082,1.110759
2019-08-18,0.479642,0.700438,1.068473
2019-08-19,0.480547,0.701713,1.070304
2019-08-20,0.477313,0.696945,1.062919
2019-08-21,0.473927,0.691956,1.055199
2019-08-22,0.456999,0.667196,1.017333
2019-08-23,0.473745,0.691600,1.054433
2019-08-24,0.461530,0.673723,1.027068
2019-08-25,0.466022,0.680235,1.036887
2019-08-26,0.471989,0.688900,1.049984
2019-08-27,0.454087,0.662728,1.009988
2019-08-28,0.462726,0.675292,1.029027
2019-08-29,0.477310,0.696530,1.061279
2019-08-30,0.480476,0.701105,1.068137
2019-08-31,0.473694,0.691163,1.052880
2019-09-01,0.470127,0.685914,1.044775
2019-09-02,0.475111,0.693140,1.055671
2019-09-03,0.476165,0.694632,1.057833
2019-09-04,0.465475,0.678994,1.033910
2019-09-05,0.473578,0.690768,1.051729
2019-09-06,0.458962,0.669406,1.019097
2019-09-07,0.481054,0.701582,1.067970
2019-09-08,0.479269,0.698934,1.063828
2019-09-09,0.470202,0.685666,1.043524
2019-09-10,0.473432,0.690331,1.050515
2019-09-11,0.475052,0.692648,1.053932
2019-09-12,0.492226,0.717643,1.091850
2019-09-13,0.481086,0.701356,1.066960
2019-09-14,0.489914,0.714179,1.086355
2019-09-15,0.486561,0.709246,1.078739
2019-09-16,0.501589,0.731105,1.111870
2019-09-17,0.508589,0.741260,1.127197
2019-09-18,0.519089,0.756514,1.150274
2019-09-19,0.504320,0.734943,1.117360
2019-09-20,0.512496,0.746809,1.135284
2019-09-21,0.526487,0.767147,1.166080
2019-09-22,0.509824,0.742820,1.128987
2019-09-23,0.527132,0.767989,1.167120
2019-09-24,0.505721,0.736746,1.119525
2019-09-25,0.519833,0.757257,1.150573
2019-09-26,0.521311,0.759362,1.153653
2019-09-27,0.514120,0.748838,1.137549
2019-09-28,0.516802,0.752697,1.143292
2019-09-29,0.513359,0.747634,1.135487
2019-09-30,0.510158,0.742925,1.128219
2019-10-01,0.512264,0.745944,1.132687
2019-10-02,0.496276,0.722616,1.097153
2019-10-03,0.492842,0.717570,1.089380
2019-10-04,0.496265,0.722508,1.096764
2019-10-05,0.497582,0.724379,1.099493
2019-10-06,0.499877,0.727673,1.104380
2019-10-07,0.494060,0.719160,1.091348
2019-10-08,0.490470,0.713889,1.083239
2019-10-09,0.488741,0.711327,1.079242
2019-10-10,0.497035,0.723352,1.097374
2019-10-11,0.509993,0.742164,1.125799
2019-10-12,0.492238,0.716280,1.086425
2019-10-13,0.507305,0.738158,1.119495
2019-10-14,0.496186,0.721933,1.094778
2019-10-15,0.524715,0.763394,1.157534
2019-10-16,0.509663,0.741448,1.124143
2019-10-17,0.507507,0.738265,1.119204
2019-10-18,0.491153,0.714429,1.082959
2019-10-19,0.507086,0.737558,1.117907
2019-10-20,0.507997,0.738836,1.119731
2019-10-21,0.488104,0.709860,1.075708
2019-10-22,0.492119,0.715653,1.084378
2019-10-23,0.509770,0.741275,1.123088
2019-10-24,0.496895,0.722507,1.094544
2019-10-25,0.479454,0.697103,1.055952
2019-10-26,0.491615,0.714739,1.082558
2019-10-27,0.477619,0.694347,1.051566
2019-10-28,0.483718,0.703169,1.064820
2019-10-29,0.486160,0.706675,1.070022
2019-10-30,0.494513,0.718772,1.088230
2019-10-31,0.494455,0.718642,1.087924
2019-11-01,0.498417,0.724355,1.096463
2019-11-02,0.490368,0.712613,1.078582
2019-11-03,0.487211,0.707980,1.071463
2019-11-04,0.478751,0.695641,1.052680
2019-11-05,0.485141,0.704882,1.066556
2019-11-06,0.491519,0.714104,1.080403
2019-11-07,0.490747,0.712938,1.078532
2019-11-08,0.485971,0.705955,1.067862
2019-11-09,0.484542,0.703836,1.064551
2019-11-10,0.485361,0.704981,1.066177
2019-11-11,0.479577,0.696536,1.053301
2019-11-12,0.486408,0.706414,1.068133
2019-11-13,0.494975,0.718811,1.086769
2019-11-14,0.484146,0.703041,1.062821
2019-11-15,0.480383,0.697533,1.054391
2019-11-16,0.470832,0.683622,1.033261
2019-11-17,0.483622,0.702149,1.061159
2019-11-18,0.484731,0.703715,1.063421
2019-11-19,0.456413,0.662563,1.001135
2019-11-20,0.452044,0.656179,0.991392
2019-11-21,0.476393,0.691481,1.044625
2019-11-22,0.463191,0.672278,1.015514
2019-11-23,0.469348,0.681172,1.028848
2019-11-24,0.469167,0.680867,1.028287
2019-11-25,0.477117,0.692361,1.045544
2019-11-26,0.438818,0.636744,0.961462
2019-11-27,0.454230,0.659068,0.995071
2019-11-28,0.452636,0.656714,0.991421
2019-11-29,0.451704,0.655321,0.989222
2019-11-30,0.457784,0.664101,1.002377
2019-12-01,0.447041,0.648476,0.978698
2019-12-02,0.456145,0.661641,0.998469
2019-12-03,0.463946,0.672915,1.015383
2019-12-04,0.453810,0.658173,0.993042
2019-12-05,0.447674,0.649235,0.979461
2019-12-06,0.443673,0.643392,0.970552
2019-12-07,0.456604,0.662103,0.998680
2019-12-08,0.438597,0.635954,0.959145
2019-12-09,0.445436,0.645830,0.973945
2019-12-10,0.463936,0.672612,1.014236
2019-12-11,0.444738,0.644739,0.972111
2019-12-12,0.450494,0.653043,0.984537
2019-12-13,0.451226,0.654064,0.985981
2019-12-14,0.454913,0.659369,0.993882
2019-12-15,0.451207,0.653957,0.985629
2019-12-16,0.446288,0.646789,0.974731
2019-12-17,0.426244,0.617702,0.930807
2019-12-18,0.407619,0.590675,0.889994
2019-12-19,0.406217,0.588607,0.886793
2019-12-20,0.392772,0.569091,0.857308
2019-12-21,0.403332,0.584355,0.880218
2019-12-22,0.396517,0.574447,0.865210
2019-12-23,0.398328,0.577036,0.869025
2019-12-24,0.398810,0.577698,0.869940
2019-12-25,0.388397,0.562580,0.847093
2019-12-26,0.386659,0.560029,0.843171
2019-12-27,0.389691,0.564386,0.849648
2019-12-28,0.397878,0.576209,0.867364
2019-12-29,0.398798,0.577505,0.869233
2019-12-30,0.398146,0.576527,0.867678
2019-12-31,0.392776,0.568717,0.855842
2020-01-01,0.379241,0.549086,0.826221
2020-01-02,0.394920,0.571752,0.860245
2020-01-03,0.406116,0.587925,0.884495
2020-01-04,0.427060,0.618207,0.929964
2020-01-05,0.413341,0.598313,0.899951
2020-01-06,0.420051,0.607988,0.914418
2020-01-07,0.429409,0.621496,0.934645
2020-01-08,0.420713,0.608873,0.915575
2020-01-09,0.410199,0.593621,0.892555
2020-01-10,0.424876,0.614824,0.924348
2020-01-11,0.427737,0.618926,0.930428
2020-01-12,0.423682,0.613023,0.921465
2020-01-13,0.423598,0.612863,0.921139
2020-01-14,0.422921,0.611847,0.919524
2020-01-15,0.429750,0.621689,0.934228
2020-01-16,0.423433,0.612515,0.920355
2020-01-17,0.428075,0.619193,0.930301
2020-01-18,0.421028,0.608962,0.914844
2020-01-19,0.424444,0.613866,0.922125
2020-01-20,0.424672,0.614159,0.922479
2020-01-21,0.428502,0.619662,0.930657
2020-01-22,0.421243,0.609128,0.914750
2020-01-23,0.426079,0.616085,0.925110
2020-01-24,0.430160,0.621947,0.933826
2020-01-25,0.424031,0.613050,0.920380
2020-01-26,0.418782,0.605425,0.908848
2020-01-27,0.422838,0.611251,0.917509
2020-01-28,0.414375,0.598983,0.899009
2020-01-29,0.424371,0.613395,0.920555
2020-01-30,0.413586,0.597771,0.897023
2020-01-31,0.418422,0.604724,0.907372
2020-02-01,0.411496,0.594680,0.892218
2020-02-02,0.424363,0.613237,0.919974
2020-02-03,0.423172,0.611480,0.917253
2020-02-04,0.431432,0.623378,0.935014
2020-02-05,0.423963,0.612551,0.918689
2020-02-06,0.426106,0.615610,0.923191
2020-02-07,0.425331,0.614455,0.921373
2020-02-08,0.432361,0.624573,0.936459
2020-02-09,0.425522,0.614658,0.921507
2020-02-10,0.430478,0.621780,0.932098
2020-02-11,0.435154,0.628497,0.942080
2020-02-12,0.437537,0.631901,0.947096
2020-02-13,0.444212,0.641503,0.961398
2020-02-14,0.447988,0.646918,0.969424
2020-02-15,0.447255,0.645822,0.967693
2020-02-16,0.450998,0.651187,0.975642
2020-02-17,0.449805,0.649427,0.972915
2020-02-18,0.452536,0.653332,0.978675
2020-02-19,0.473232,0.683171,1.023279
2020-02-20,0.456225,0.658580,0.986355
2020-02-21,0.448948,0.648037,0.970476
2020-02-22,0.460788,0.665089,0.995921
2020-02-23,0.456987,0.659564,0.987558
2020-02-24,0.462522,0.667514,0.999369
2020-02-25,0.450293,0.649826,0.972799
2020-02-26,0.456133,0.658216,0.985269
2020-02-27,0.471456,0.680288,1.018214
2020-02-28,0.460864,0.664966,0.995190
2020-02-29,0.461109,0.665280,0.995570
2020-03-01,0.455670,0.657395,0.983680
2020-03-02,0.452207,0.652361,0.976058
2020-03-03,0.456643,0.658721,0.985485
2020-03-04,0.462310,0.666858,0.997567
2020-03-05,0.457996,0.660596,0.988110
2020-03-06,0.450922,0.650354,0.972703
2020-03-07,0.458140,0.660726,0.988125
2020-03-08,0.469766,0.677454,1.013050
2020-03-09,0.459338,0.662378,0.990421
2020-03-10,0.460286,0.663707,0.992318
2020-03-11,0.453169,0.653407,0.976829
2020-03-12,0.459143,0.661982,0.989560
2020-03-13,0.443013,0.638689,0.954654
2020-03-14,0.435730,0.628153,0.938821
2020-03-15,0.438778,0.632510,0.945248
2020-03-16,0.441021,0.635707,0.949940
2020-03-17,0.428585,0.617745,0.923016
2020-03-18,0.439439,0.633353,0.946252
2020-03-19,0.440656,0.635071,0.948732
2020-03-20,0.438424,0.631818,0.943789
2020-03-21,0.453548,0.653576,0.976202
2020-03-22,0.430950,0.620975,0.927424
2020-03-23,0.440929,0.635317,0.948760
2020-03-24,0.447844,0.645244,0.963498
2020-03-25,0.441899,0.636643,0.950569
2020-03-26,0.442872,0.638006,0.952520
2020-03-27,0.443647,0.639087,0.954048
2020-03-28,0.441826,0.636426,0.949991
2020-03-29,0.451192,0.649880,0.969987
2020-03-30,0.448526,0.646004,0.964115
2020-03-31,0.436800,0.629078,0.938771
2020-04-01,0.440504,0.634377,0.946595
2020-04-02,0.450318,0.648473,0.967541
2020-04-03,0.443945,0.639258,0.953708
2020-04-04,0.434432,0.625526,0.933137
2020-04-05,0.439880,0.633333,0.944699
2020-04-06,0.424288,0.610849,0.911082
2020-04-07,0.438774,0.631668,0.942049
2020-04-08,0.438917,0.631839,0.942220
2020-04-09,0.440902,0.634660,0.946344
2020-04-10,0.450239,0.648063,0.966244
2020-04-11,0.432955,0.623150,0.929016
2020-04-12,0.448170,0.645011,0.961523
2020-04-13,0.443043,0.637595,0.950385
2020-04-14,0.451191,0.649285,0.967723
2020-04-15,0.448712,0.645681,0.962267
2020-04-16,0.452065,0.650469,0.969318
2020-04-17,0.443592,0.638241,0.951012
2020-04-18,0.445733,0.641285,0.955464
2020-04-19,0.436547,0.628033,0.935636
2020-04-20,0.435608,0.626647,0.933489
2020-04-21,0.441745,0.635439,0.946503
2020-04-22,0.441475,0.635015,0.945789
2020-04-23,0.450015,0.647262,0.963945
2020-04-24,0.442361,0.636217,0.947413
2020-04-25,0.439096,0.631485,0.940284
2020-04-26,0.441501,0.634909,0.945299
2020-04-27,0.432281,0.621615,0.925426
2020-04-28,0.430937,0.619646,0.922414
2020-04-29,0.447731,0.643758,0.958224
2020-04-30,0.453572,0.652120,0.970586
2020-05-01,0.466023,0.669984,0.997087
2020-05-02,0.462047,0.664231,0.988439
2020-05-03,0.449854,0.646666,0.962217
2020-05-04,0.466698,0.670841,0.998102
2020-05-05,0.465064,0.668454,0.994464
2020-05-06,0.450031,0.646811,0.962181
2020-05-07,0.444860,0.639343,0.950990
2020-05-08,0.454650,0.653376,0.971779
2020-05-09,0.451004,0.648100,0.963849
2020-05-10,0.446473,0.641553,0.954029
2020-05-11,0.448175,0.643963,0.957530
2020-05-12,0.447175,0.642490,0.955258
2020-05-13,0.446537,0.641537,0.953758
2020-05-14,0.453856,0.652016,0.969253
2020-05-15,0.459112,0.659530,0.980338
2020-05-16,0.446699,0.641663,0.953698
2020-05-17,0.462085,0.663727,0.986406
2020-05-18,0.445970,0.640543,0.951870
2020-05-19,0.439437,0.631126,0.937794
2020-05-20,0.453912,0.651879,0.968548
2020-05-21,0.442195,0.635015,0.943412
2020-05-22,0.441622,0.634157,0.942056
2020-05-23,0.455248,0.653688,0.970986
2020-05-24,0.452570,0.649806,0.965138
2020-05-25,0.441234,0.633494,0.940829
2020-05-26,0.443516,0.636736,0.945563
2020-05-27,0.452487,0.649578,0.964551
2020-05-28,0.441872,0.634305,0.941791
2020-05-29,0.447683,0.642611,0.954042
2020-05-30,0.453542,0.650985,0.966392
2020-05-31,0.460744,0.661286,0.981601
2020-06-01,0.451369,0.647795,0.961492
2020-06-02,0.457295,0.656263,0.973978
2020-06-03,0.460791,0.661243,0.981286
2020-06-04,0.462635,0.663852,0.985074
2020-06-05,0.459318,0.659057,0.977876
2020-06-06,0.459074,0.658670,0.977219
2020-06-07,0.465261,0.667511,0.990251
2020-06-08,0.456337,0.654671,0.971120
2020-06-09,0.451980,0.648385,0.961714
2020-06-10,0.441436,0.633225,0.939148
2020-06-11,0.447206,0.641466,0.951291
2020-06-12,0.449250,0.644362,0.955504
2020-06-13,0.450170,0.645646,0.957327
2020-06-14,0.452143,0.648440,0.961389
2020-06-15,0.451356,0.647275,0.959582
2020-06-16,0.458395,0.657335,0.974412
2020-06-17,0.446859,0.640757,0.949757
2020-06-18,0.450311,0.645672,0.956962
2020-06-19,0.460103,0.659675,0.977635
2020-06-20,0.462088,0.662485,0.981716
2020-06-21,0.461137,0.661086,0.979560
2020-06-22,0.452550,0.648740,0.961186
2020-06-23,0.461055,0.660896,0.979114
2020-06-24,0.464227,0.665406,0.985714
2020-06-25,0.470547,0.674429,0.998996
2020-06-26,0.470264,0.673986,0.998256
2020-06-27,0.460835,0.660435,0.978105
2020-06-28,0.461489,0.661338,0.979359
2020-06-29,0.466010,0.667779,0.988816
2020-06-30,0.464088,0.664989,0.984601
2020-07-01,0.454937,0.651842,0.965055
2020-07-02,0.458185,0.656459,0.971810
2020-07-03,0.466614,0.668500,0.989552
2020-07-04,0.466599,0.668442,0.989384
2020-07-05,0.462811,0.662980,0.981218
2020-07-06,0.465927,0.667407,0.987688
2020-07-07,0.460557,0.659679,0.976171
2020-07-08,0.475881,0.681592,1.008513
2020-07-09,0.468326,0.670734,0.992365
2020-07-10,0.461251,0.660565,0.977238
2020-07-11,0.470743,0.674122,0.997212
2020-07-12,0.473358,0.677830,1.002614
2020-07-13,0.477094,0.683143,1.010389
2020-07-14,0.466164,0.667457,0.987107
2020-07-15,0.464541,0.665097,0.983537
2020-07-16,0.465688,0.666704,0.985831
2020-07-17,0.456037,0.652852,0.965269
2020-07-18,0.470818,0.673975,0.996418
2020-07-19,0.468178,0.670160,0.990696
2020-07-20,0.458495,0.656264,0.970074
2020-07-21,0.445396,0.637481,0.942232
2020-07-22,0.440644,0.630645,0.932052
2020-07-23,0.462846,0.662386,0.978881
2020-07-24,0.477251,0.682963,1.009208
2020-07-25,0.455596,0.651939,0.963286
2020-07-26,0.474044,0.678302,1.002155
2020-07-27,0.474078,0.678314,1.002092
2020-07-28,0.488375,0.698733,1.032173
2020-07-29,0.490762,0.702111,1.037078
2020-07-30,0.478055,0.683894,1.010088
2020-07-31,0.464836,0.664947,0.982023
2020-08-01,0.474684,0.679000,1.002695
2020-08-02,0.487876,0.697833,1.030422
2020-08-03,0.471340,0.674143,0.995361
2020-08-04,0.474221,0.678228,1.001310
2020-08-05,0.472338,0.675500,0.997201
2020-08-06,0.479122,0.685165,1.011388
2020-08-07,0.486638,0.695875,1.027113
2020-08-08,0.488618,0.698670,1.031154
2020-08-09,0.501554,0.717129,1.058312
2020-08-10,0.495644,0.708641,1.045700
2020-08-11,0.488609,0.698546,1.030721
2020-08-12,0.497228,0.710830,1.048760
2020-08-13,0.496902,0.710326,1.047933
2020-08-14,0.516318,0.738043,1.088734
2020-08-15,0.524222,0.749301,1.105253
2020-08-16,0.511250,0.730721,1.077760
2020-08-17,0.489159,0.699110,1.031052
2020-08-18,0.481263,0.687788,1.014273
2020-08-19,0.501589,0.716798,1.056968
2020-08-20,0.512075,0.731745,1.078922
2020-08-21,0.523692,0.748305,1.103250
2020-08-22,0.515400,0.736419,1.085638
2020-08-23,0.528534,0.755145,1.113154
2020-08-24,0.521600,0.745199,1.098405
2020-08-25,0.523446,0.747797,1.102146
2020-08-26,0.530630,0.758019,1.117123
2020-08-27,0.520993,0.744213,1.096688
2020-08-28,0.533391,0.761884,1.122639
2020-08-29,0.518091,0.739990,1.090291
2020-08-30,0.527878,0.753929,1.110740
2020-08-31,0.530556,0.757715,1.116227
2020-09-01,0.550787,0.786566,1.158637
2020-09-02,0.549249,0.784328,1.155248
2020-09-03,0.537936,0.768134,1.131304
2020-09-04,0.565356,0.807245,1.188813
2020-09-05,0.562736,0.803462,1.183147
2020-09-06,0.582539,0.831692,1.224620
2020-09-07,0.581386,0.830003,1.222037
2020-09-08,0.576497,0.822980,1.211600
2020-09-09,0.571976,0.816484,1.201941
2020-09-10,0.563710,0.804642,1.184414
2020-09-11,0.582126,0.830885,1.222946
2020-09-12,0.593489,0.847060,1.246654
2020-09-13,0.591354,0.843969,1.242007
2020-09-14,0.584508,0.834155,1.227467
2020-09-15,0.592274,0.845193,1.243612
2020-09-16,0.578198,0.825064,1.213897
2020-09-17,0.610755,0.871476,1.282082
2020-09-18,0.587889,0.838805,1.233920
2020-09-19,0.598540,0.853958,1.256112
2020-09-20,0.605572,0.863945,1.270701
2020-09-21,0.613570,0.875311,1.287317
2020-09-22,0.598606,0.853919,1.255757
2020-09-23,0.614888,0.877099,1.289744
2020-09-24,0.595299,0.849113,1.248493
2020-09-25,0.594305,0.847651,1.246246
2020-09-26,0.609573,0.869383,1.278096
2020-09-27,0.605391,0.863374,1.269163
2020-09-28,0.602601,0.859350,1.263149
2020-09-29,0.601178,0.857277,1.260002
2020-09-30,0.606599,0.864962,1.271198
2020-10-01,0.606006,0.864073,1.269792
2020-10-02,0.609029,0.868338,1.275959
2020-10-03,0.597147,0.851352,1.250903
2020-10-04,0.601462,0.857460,1.259779
2020-10-05,0.610077,0.869697,1.277658
2020-10-06,0.634788,0.904878,1.329238
2020-10-07,0.620278,0.884149,1.298686
2020-10-08,0.608675,0.867564,1.274227
2020-10-09,0.616020,0.877989,1.289437
2020-10-10,0.627403,0.894166,1.313093
2020-10-11,0.622927,0.887742,1.303558
2020-10-12,0.620450,0.884167,1.298207
2020-10-13,0.634951,0.904784,1.328376
2020-10-14,0.620850,0.884646,1.298709
2020-10-15,0.633740,0.902967,1.325503
2020-10-16,0.626195,0.892171,1.309553
2020-10-17,0.630078,0.897657,1.317504
2020-10-18,0.605047,0.861952,1.265001
2020-10-19,0.637584,0.908257,1.332856
2020-10-20,0.630039,0.897463,1.316914
2020-10-21,0.626456,0.892314,1.309257
2020-10-22,0.630450,0.897958,1.317437
2020-10-23,0.631867,0.899929,1.320227
2020-10-24,0.644389,0.917717,1.346218
2020-10-25,0.626386,0.892032,1.308440
2020-10-26,0.606996,0.864374,1.267774
2020-10-27,0.621663,0.885215,1.298242
2020-10-28,0.629033,0.895665,1.313466
2020-10-29,0.641872,0.913900,1.340104
2020-10-30,0.625027,0.889871,1.304769
2020-10-31,0.628390,0.894613,1.311621
2020-11-01,0.638347,0.908741,1.332234
2020-11-02,0.612087,0.871313,1.277260
2020-11-03,0.628040,0.893976,1.310382
2020-11-04,0.624333,0.888655,1.302483
2020-11-05,0.619465,0.881682,1.292164
2020-11-06,0.638418,0.908611,1.331529
2020-11-07,0.642689,0.914643,1.340267
2020-11-08,0.620676,0.883271,1.294197
2020-11-09,0.627007,0.892235,1.307232
2020-11-10,0.628711,0.894615,1.310619
2020-11-11,0.636427,0.905549,1.326536
2020-11-12,0.627106,0.892241,1.306943
2020-11-13,0.641421,0.912562,1.336606
2020-11-14,0.628774,0.894524,1.310087
2020-11-15,0.647133,0.920596,1.348169
2020-11-16,0.625049,0.889135,1.301997
2020-11-17,0.638917,0.908816,1.330716
2020-11-18,0.631405,0.898085,1.314904
2020-11-19,0.651244,0.926257,1.356048
2020-11-20,0.650262,0.924814,1.353833
2020-11-21,0.657896,0.935624,1.369554
2020-11-22,0.662464,0.942073,1.378891
2020-11-23,0.634845,0.902752,1.321238
2020-11-24,0.661735,0.940943,1.377028
2020-11-25,0.661666,0.940797,1.376711
2020-11-26,0.655508,0.931994,1.363727
2020-11-27,0.653043,0.928443,1.358429
2020-11-28,0.652966,0.928287,1.358098
2020-11-29,0.673194,0.956996,1.399995
2020-11-30,0.679898,0.966479,1.413761
2020-12-01,0.688254,0.978307,1.430956
2020-12-02,0.646849,0.919407,1.344702
2020-12-03,0.675033,0.959419,1.403117
2020-12-04,0.670348,0.952713,1.393205
2020-12-05,0.670880,0.953422,1.394138
2020-12-06,0.678310,0.963933,1.409403
2020-12-07,0.666792,0.947518,1.385298
2020-12-08,0.672255,0.955233,1.396473
2020-12-09,0.682436,0.969652,1.417446
2020-12-10,0.673246,0.956546,1.398184
2020-12-11,0.659220,0.936571,1.368884
2020-12-12,0.666881,0.947409,1.384622
2020-12-13,0.672335,0.955110,1.395772
2020-12-14,0.654970,0.930396,1.359554
2020-12-15,0.657284,0.933635,1.364187
2020-12-16,0.662223,0.940605,1.374269
2020-12-17,0.666151,0.946137,1.382249
2020-12-18,0.670676,0.952517,1.391466
2020-12-19,0.659757,0.936964,1.368644
2020-12-20,0.673525,0.956469,1.397032
2020-12-21,0.679633,0.965095,1.409527
2020-12-22,0.675040,0.958525,1.399827
2020-12-23,0.692451,0.983199,1.435756
2020-12-24,0.672333,0.954588,1.393872
2020-12-25,0.660836,0.938218,1.369868
2020-12-26,0.684886,0.972314,1.419546
2020-12-27,0.672288,0.954383,1.393264
2020-12-28,0.704619,1.000230,1.460086
2020-12-29,0.686157,0.973975,1.421655
2020-12-30,0.678322,0.962806,1.405250
2020-12-31,0.687548,0.975854,1.424188
2021-01-01,0.687593,0.975870,1.424107
2021-01-02,0.716871,1.017372,1.484564
2021-01-03,0.710898,1.008846,1.472014
2021-01-04,0.709278,1.006498,1.468480
2021-01-05,0.715758,1.015643,1.481715
2021-01-06,0.720058,1.021694,1.490433
2021-01-07,0.716816,1.017045,1.483542
2021-01-08,0.734848,1.042579,1.520677
2021-01-09,0.728459,1.033463,1.507270
2021-01-10,0.741255,1.051565,1.533559
2021-01-11,0.751106,1.065489,1.553752
2021-01-12,0.757243,1.074143,1.566256
2021-01-13,0.760262,1.078372,1.572308
2021-01-14,0.765586,1.085870,1.583126
2021-01-15,0.760897,1.079168,1.573240
2021-01-16,0.774825,1.098868,1.601842
2021-01-17,0.753963,1.069228,1.558523
2021-01-18,0.765524,1.085571,1.582229
2021-01-19,0.770822,1.093031,1.592986
2021-01-20,0.787946,1.117259,1.628177
2021-01-21,0.777033,1.101732,1.605433
2021-01-22,0.785208,1.113268,1.622127
2021-01-23,0.798002,1.131353,1.648358
2021-01-24,0.801304,1.135979,1.654978
2021-01-25,0.812831,1.152264,1.678582
2021-01-26,0.815561,1.156079,1.684017
2021-01-27,0.828267,1.174032,1.710046
2021-01-28,0.822794,1.166218,1.698542
2021-01-29,0.805892,1.142206,1.663449
2021-01-30,0.801284,1.135620,1.653739
2021-01-31,0.826295,1.171011,1.705153
2021-02-01,0.844270,1.196427,1.742036
2021-02-02,0.844109,1.196141,1.741495
2021-02-03,0.835562,1.183972,1.723654
2021-02-04,0.854968,1.211411,1.763474
2021-02-05,0.853814,1.209718,1.760883
2021-02-06,0.856490,1.213452,1.766191
2021-02-07,0.889160,1.259676,1.833339
2021-02-08,0.882481,1.250154,1.819350
2021-02-09,0.876782,1.242022,1.807385
2021-02-10,0.880529,1.247269,1.814891
2021-02-11,0.892787,1.264572,1.839936
2021-02-12,0.914023,1.294589,1.883477
2021-02-13,0.899504,1.273964,1.853337
2021-02-14,0.921483,1.305030,1.898395
2021-02-15,0.919463,1.302107,1.894008
2021-02-16,0.919183,1.301648,1.893206
2021-02-17,0.933351,1.321648,1.922158
2021-02-18,0.915285,1.296003,1.884727
2021-02-19,0.946072,1.339533,1.947891
2021-02-20,0.931068,1.318226,1.916771
2021-02-21,0.911418,1.290343,1.876095
2021-02-22,0.949977,1.344868,1.955233
2021-02-23,0.942966,1.334880,1.940573
2021-02-24,0.961108,1.360497,1.977675
2021-02-25,0.955063,1.351876,1.965003
2021-02-26,0.960032,1.358845,1.974992
2021-02-27,0.967162,1.368871,1.989423
2021-02-28,0.964939,1.365660,1.984617
2021-03-01,0.968912,1.371217,1.992551
2021-03-02,0.977002,1.382601,2.008951
2021-03-03,0.942378,1.333539,1.937526
2021-03-04,0.952245,1.347438,1.957582
2021-03-05,0.979326,1.385692,2.013016
2021-03-06,1.008266,1.426574,2.072260
2021-03-07,0.996006,1.409160,2.046820
2021-03-08,0.999636,1.414229,2.054038
2021-03-09,0.988849,1.398902,2.031634
2021-03-10,0.994619,1.406997,2.043247
2021-03-11,0.987753,1.397219,2.028905
2021-03-12,0.980732,1.387221,2.014245
2021-03-13,1.003977,1.420034,2.061745
2021-03-14,1.027286,1.452933,2.109363
2021-03-15,1.011590,1.430670,2.076901
2021-03-16,1.029004,1.455229,2.112407
2021-03-17,1.037476,1.467140,2.129548
2021-03-18,1.023545,1.447372,2.100707
2021-03-19,1.039154,1.469376,2.132494
2021-03-20,1.065080,1.505964,2.185441
2021-03-21,1.049577,1.483974,2.153379
2021-03-22,1.041426,1.472380,2.136406
2021-03-23,1.052914,1.488553,2.159722
2021-03-24,1.047672,1.481071,2.148718
2021-03-25,1.070990,1.513965,2.196286
2021-03-26,1.096312,1.549687,2.247951
2021-03-27,1.085459,1.534274,2.225438
2021-03-28,1.094123,1.546447,2.242940
2021-03-29,1.116511,1.578018,2.288570
2021-03-30,1.114282,1.574794,2.283736
2021-03-31,1.104595,1.561030,2.263618
2021-04-01,1.118055,1.579977,2.290935
2021-04-02,1.123783,1.587998,2.302406
2021-04-03,1.130492,1.597403,2.315882
2021-04-04,1.154768,1.631629,2.365338
2021-04-05,1.176990,1.662950,2.410577
2021-04-06,1.161646,1.641195,2.378876
2021-04-07,1.166536,1.648027,2.388614
2021-04-08,1.189096,1.679820,2.434526
2021-04-09,1.170800,1.653897,2.396791
2021-04-10,1.183886,1.672305,2.423300
2021-04-11,1.165609,1.646411,2.385613
2021-04-12,1.233170,1.741758,2.523596
2021-04-13,1.224826,1.729892,2.506231
2021-04-14,1.220754,1.724061,2.497612
2021-04-15,1.220469,1.723579,2.496742
2021-04-16,1.173020,1.656493,2.399398
2021-04-17,1.191225,1.682123,2.436354
2021-04-18,1.211056,1.710047,2.476630
2021-04-19,1.163833,1.643291,2.379785
2021-04-20,1.210020,1.708425,2.473942
2021-04-21,1.233678,1.741748,2.522024
2021-04-22,1.227899,1.733508,2.509921
2021-04-23,1.228015,1.733593,2.509871
2021-04-24,1.233074,1.740653,2.519921
2021-04-25,1.270970,1.794066,2.597070
2021-04-26,1.280168,1.806966,2.615565
2021-04-27,1.268039,1.789764,2.590488
2021-04-28,1.308272,1.846464,2.672374
2021-04-29,1.292516,1.824143,2.639888
2021-04-30,1.287418,1.816865,2.629177
2021-05-01,1.300821,1.835695,2.656245
2021-05-02,1.300191,1.834721,2.654655
2021-05-03,1.302131,1.837375,2.658314
2021-05-04,1.335904,1.884944,2.726952
2021-05-05,1.324950,1.869401,2.704283
2021-05-06,1.353562,1.909683,2.762367
2021-05-07,1.317198,1.858292,2.687849
2021-05-08,1.344669,1.896963,2.743596
2021-05-09,1.363902,1.924006,2.782520
2021-05-10,1.368467,1.930357,2.791516
2021-05-11,1.369943,1.932351,2.794211
2021-05-12,1.370732,1.933376,2.795505
2021-05-13,1.402175,1.977633,2.859305
2021-05-14,1.403769,1.979792,2.862233
2021-05-15,1.388437,1.958078,2.830650
2021-05-16,1.426405,2.011532,2.907728
2021-05-17,1.390061,1.960191,2.833322
2021-05-18,1.423102,2.006691,2.900340
2021-05-19,1.432486,2.019831,2.919135
2021-05-20,1.457006,2.054311,2.968767
2021-05-21,1.406190,1.982573,2.864903
2021-05-22,1.406521,1.982949,2.865255
2021-05-23,1.388214,1.957050,2.827643
2021-05-24,1.376362,1.940253,2.803185
2021-05-25,1.367560,1.927757,2.784946
2021-05-26,1.370635,1.932004,2.790894
2021-05-27,1.355966,1.911241,2.760715
2021-05-28,1.354029,1.908423,2.756461
2021-05-29,1.348304,1.900268,2.744499
2021-05-30,1.365151,1.923924,2.778479
2021-05-31,1.347640,1.899160,2.742532
2021-06-01,1.319980,1.860095,2.685941
2021-06-02,1.349834,1.902080,2.746382
2021-06-03,1.349861,1.902031,2.746129
2021-06-04,1.382985,1.948617,2.813202
2021-06-05,1.375996,1.938681,2.798672
2021-06-06,1.392964,1.962499,2.832867
2021-06-07,1.386845,1.953791,2.820109
2021-06-08,1.394025,1.963817,2.834393
2021-06-09,1.368283,1.927466,2.781742
2021-06-10,1.330531,1.874201,2.704691
2021-06-11,1.341450,1.889496,2.726583
2021-06-12,1.314787,1.851857,2.672092
2021-06-13,1.299906,1.830815,2.641554
2021-06-14,1.296966,1.826593,2.635288
2021-06-15,1.337847,1.884082,2.718050
2021-06-16,1.293976,1.822218,2.628629
2021-06-17,1.293312,1.821200,2.626987
2021-06-18,1.304252,1.836523,2.648915
2021-06-19,1.262956,1.778294,2.564760
2021-06-20,1.232673,1.735576,2.502984
2021-06-21,1.178721,1.659539,2.393169
2021-06-22,1.157142,1.629084,2.349096
2021-06-23,1.115652,1.570603,2.264619
2021-06-24,1.108570,1.560563,2.249995
2021-06-25,1.079437,1.519483,2.190623
2021-06-26,1.071269,1.507918,2.173806
2021-06-27,1.074645,1.512603,2.180417
2021-06-28,1.097066,1.544092,2.225662
2021-06-29,1.103275,1.552761,2.238012
2021-06-30,1.115346,1.569680,2.262249
2021-07-01,1.092827,1.537920,2.216330
2021-07-02,1.110623,1.562894,2.252174
2021-07-03,1.106660,1.557247,2.243891
2021-07-04,1.118544,1.573900,2.267738
2021-07-05,1.132201,1.593046,2.295174
2021-07-06,1.149360,1.617117,2.329702
2021-07-07,1.136660,1.599177,2.303708
2021-07-08,1.143269,1.608405,2.316849
2021-07-09,1.134365,1.595806,2.298552
2021-07-10,1.181686,1.662303,2.394177
2021-07-11,1.164675,1.638300,2.359452
2021-07-12,1.174968,1.652706,2.380045
2021-07-13,1.130463,1.590035,2.289643
2021-07-14,1.133667,1.594471,2.295883
2021-07-15,1.151261,1.619145,2.331260
2021-07-16,1.147942,1.614405,2.324284
2021-07-17,1.159832,1.631054,2.348103
2021-07-18,1.149401,1.616314,2.326731
2021-07-19,1.166115,1.639745,2.360309
2021-07-20,1.153842,1.622416,2.335213
2021-07-21,1.175612,1.652954,2.379014
2021-07-22,1.174296,1.651030,2.376092
2021-07-23,1.182321,1.662239,2.392069
2021-07-24,1.202191,1.690101,2.432007
2021-07-25,1.217660,1.711772,2.463032
2021-07-26,1.223951,1.720540,2.475489
2021-07-27,1.214878,1.707711,2.456872
2021-07-28,1.231131,1.730481,2.489471
2021-07-29,1.235395,1.736398,2.497822
2021-07-30,1.191904,1.675196,2.409629
2021-07-31,1.234609,1.735141,2.495695
2021-08-01,1.247542,1.753241,2.521565
2021-08-02,1.273783,1.790040,2.574326
2021-08-03,1.296549,1.821952,2.620052
2021-08-04,1.309667,1.840306,2.646277
2021-08-05,1.302607,1.830304,2.631726
2021-08-06,1.295316,1.819980,2.616714
2021-08-07,1.317622,1.851240,2.661488
2021-08-08,1.312743,1.844305,2.651349
2021-08-09,1.348510,1.894472,2.723293
2021-08-10,1.375094,1.931734,2.776681
2021-08-11,1.325523,1.862015,2.676296
2021-08-12,1.356912,1.906025,2.739377
2021-08-13,1.350079,1.896345,2.725291
2021-08-14,1.350357,1.896653,2.725559
2021-08-15,1.329059,1.866657,2.682283
2021-08-16,1.331479,1.869974,2.686879
2021-08-17,1.357789,1.906841,2.739679
2021-08-18,1.361331,1.911733,2.746532
2021-08-19,1.415847,1.988204,2.856214
2021-08-20,1.373431,1.928557,2.770351
2021-08-21,1.404345,1.971880,2.832405
2021-08-22,1.411151,1.981351,2.845828
2021-08-23,1.377026,1.933354,2.776714
2021-08-24,1.418386,1.991336,2.859808
2021-08-25,1.430533,2.008303,2.883992
2021-08-26,1.439248,2.020451,2.901254
2021-08-27,1.435092,2.014528,2.892566
2021-08-28,1.417050,1.989115,2.855897
2021-08-29,1.423977,1.998753,2.869554
2021-08-30,1.444726,2.027789,2.911056
2021-08-31,1.464682,2.055710,2.950952
2021-09-01,1.440131,2.021165,2.901181
2021-09-02,1.490951,2.092398,3.003240
2021-09-03,1.493564,2.095975,3.008185
2021-09-04,1.469418,2.062001,2.959238
2021-09-05,1.521380,2.134825,3.063559
2021-09-06,1.515046,2.125846,3.050481
2021-09-07,1.510329,2.119136,3.040662
2021-09-08,1.532674,2.150396,3.085323
2021-09-09,1.520893,2.133775,3.061284
2021-09-10,1.528283,2.144051,3.075834
2021-09-11,1.533445,2.151199,3.085896
2021-09-12,1.575845,2.210585,3.170886
2021-09-13,1.531620,2.148455,3.081574
2021-09-14,1.527736,2.142914,3.073434
2021-09-15,1.545146,2.167242,3.108132
2021-09-16,1.548438,2.171767,3.114427
2021-09-17,1.544187,2.165712,3.105550
2021-09-18,1.561139,2.189393,3.139312
2021-09-19,1.568047,2.198986,3.152871
2021-09-20,1.557282,2.183796,3.130898
2021-09-21,1.604267,2.249588,3.225022
2021-09-22,1.567491,2.197925,3.150762
2021-09-23,1.529753,2.144917,3.074583
2021-09-24,1.557784,2.184126,3.130592
2021-09-25,1.617817,2.268201,3.250897
2021-09-26,1.577406,2.211449,3.169362
2021-09-27,1.579071,2.213690,3.172376
2021-09-28,1.543408,2.163601,3.100403
2021-09-29,1.567214,2.196880,3.147897
2021-09-30,1.547924,2.169747,3.108826
2021-10-01,1.598977,2.241213,3.211025
2021-10-02,1.597771,2.239428,3.208268
2021-10-03,1.582011,2.217244,3.176291
2021-10-04,1.574470,2.206581,3.160822
2021-10-05,1.632824,2.288266,3.277629
2021-10-06,1.629998,2.284208,3.271615
2021-10-07,1.605104,2.249228,3.221314
2021-10-08,1.653216,2.316549,3.317526
2021-10-09,1.607491,2.252381,3.225434
2021-10-10,1.608287,2.253401,3.226695
2021-10-11,1.649002,2.310350,3.308039
2021-10-12,1.644185,2.303503,3.298033
2021-10-13,1.651461,2.313599,3.312285
2021-10-14,1.640542,2.298205,3.290044
2021-10-15,1.596342,2.236192,3.201071
2021-10-16,1.640118,2.297417,3.288513
2021-10-17,1.639057,2.295833,3.286044
2021-10-18,1.624999,2.276046,3.257523
2021-10-19,1.633502,2.287860,3.274231
2021-10-20,1.647895,2.307921,3.302741
2021-10-21,1.669465,2.338032,3.345625
2021-10-22,1.692435,2.370101,3.391308
2021-10-23,1.662758,2.328443,3.331497
2021-10-24,1.682397,2.355845,3.370498
2021-10-25,1.725307,2.415830,3.456108
2021-10-26,1.736015,2.430722,3.477201
2021-10-27,1.728637,2.420288,3.462065
2021-10-28,1.704573,2.386497,3.413521
2021-10-29,1.708876,2.392421,3.421786
2021-10-30,1.739727,2.435509,3.483203
2021-10-31,1.695440,2.373411,3.394185
2021-11-01,1.769783,2.477378,3.542652
2021-11-02,1.771042,2.479036,3.544809
2021-11-03,1.787337,2.501741,3.577057
2021-11-04,1.712273,2.396573,3.426478
2021-11-05,1.760864,2.464481,3.523355
2021-11-06,1.747062,2.445062,3.495381
2021-11-07,1.804948,2.525968,3.610824
2021-11-08,1.800808,2.520065,3.602159
2021-11-09,1.834206,2.566695,3.668590
2021-11-10,1.798408,2.516496,3.596624
2021-11-11,1.852350,2.591868,3.704124
2021-11-12,1.849891,2.588320,3.698829
2021-11-13,1.864519,2.608678,3.727698
2021-11-14,1.837782,2.571163,3.673869
2021-11-15,1.868201,2.613613,3.734299
2021-11-16,1.823770,2.551348,3.645117
2021-11-17,1.901317,2.659720,3.799721
2021-11-18,1.935221,2.707035,3.867084
2021-11-19,1.835113,2.566896,3.666670
2021-11-20,1.823587,2.550668,3.643270
2021-11-21,1.816038,2.540003,3.627820
2021-11-22,1.872031,2.618210,3.739296
2021-11-23,1.869117,2.614025,3.733096
2021-11-24,1.871341,2.617028,3.737161
2021-11-25,1.810646,2.532042,3.615583
2021-11-26,1.755612,2.454980,3.505335
2021-11-27,1.831786,2.561393,3.657058
2021-11-28,1.847183,2.582815,3.687423
2021-11-29,1.854101,2.592381,3.700859
