Date,Europe,USA,Asia,China,Unknown
2015-07-30,0,0,4,0,9326
2015-07-31,0,0,1,0,6007
2015-08-01,0,0,0,0,5242
2015-08-02,0,0,29,0,5400
2015-08-03,24,24,41,0,5163
2015-08-04,73,73,73,0,5029
2015-08-05,94,94,95,0,4989
2015-08-06,119,119,120,0,4735
2015-08-07,122,122,122,0,4917
2015-08-08,11,11,12,0,5260
2015-08-09,0,0,17,0,5044
2015-08-10,31,31,51,0,5110
2015-08-11,290,290,292,0,4481
2015-08-12,312,312,312,0,4125
2015-08-13,298,298,298,0,4415
2015-08-14,610,610,610,0,4064
2015-08-15,554,554,554,0,3427
2015-08-16,676,676,676,0,3268
2015-08-17,688,686,686,0,3280
2015-08-18,719,686,684,0,2909
2015-08-19,1000,714,695,0,2769
2015-08-20,1039,585,554,0,1873
2015-08-21,1470,566,504,0,2568
2015-08-22,1617,468,390,1,2752
2015-08-23,1260,465,410,0,2923
2015-08-24,1386,481,420,0,2762
2015-08-25,1661,453,371,0,2715
2015-08-26,1742,401,312,0,2415
2015-08-27,1872,430,336,0,2130
2015-08-28,1817,355,260,0,2124
2015-08-29,1773,334,240,0,1767
2015-08-30,1845,321,221,0,1864
2015-08-31,1844,362,264,0,1562
2015-09-01,1740,413,324,0,1434
2015-09-02,1434,380,311,0,1288
2015-09-03,1627,421,341,0,1258
2015-09-04,2014,558,462,0,1597
2015-09-05,2187,606,501,0,1667
2015-09-06,2116,613,514,0,1689
2015-09-07,2059,580,482,0,1696
2015-09-08,2439,421,285,0,1856
2015-09-09,2308,429,302,0,1967
2015-09-10,2398,436,303,0,1973
2015-09-11,2439,442,307,0,1871
2015-09-12,2427,440,303,0,1862
2015-09-13,2407,433,298,0,1734
2015-09-14,2393,456,324,0,1651
2015-09-15,2383,447,315,0,1753
2015-09-16,2391,423,288,0,1874
2015-09-17,2300,408,279,0,1827
2015-09-18,2388,409,271,0,1847
2015-09-19,2488,451,311,0,1987
2015-09-20,2577,509,366,0,1717
2015-09-21,2563,492,347,0,1604
2015-09-22,2613,541,395,0,1606
2015-09-23,2535,512,368,0,1675
2015-09-24,2428,512,372,0,1702
2015-09-25,2493,525,383,0,1730
2015-09-26,2441,496,355,0,1579
2015-09-27,2341,470,333,0,1638
2015-09-28,2263,457,326,0,1678
2015-09-29,2042,496,384,0,1731
2015-09-30,2154,529,411,0,1777
2015-10-01,2158,546,428,0,2057
2015-10-02,2187,562,444,0,1983
2015-10-03,2038,527,416,0,1968
2015-10-04,2096,550,439,0,1806
2015-10-05,2178,537,418,0,1923
2015-10-06,2122,520,401,0,1745
2015-10-07,2231,581,458,0,1800
2015-10-08,2277,571,442,0,1831
2015-10-09,2079,531,413,0,1762
2015-10-10,2205,558,431,0,1856
2015-10-11,2236,556,427,0,1829
2015-10-12,2363,570,434,0,1868
2015-10-13,2255,557,424,0,1808
2015-10-14,2102,520,396,0,1829
2015-10-15,2111,524,400,0,1796
2015-10-16,2156,521,392,0,2063
2015-10-17,2088,473,347,0,2040
2015-10-18,2119,480,349,0,1983
2015-10-19,2125,472,338,0,2027
2015-10-20,2195,485,347,0,2012
2015-10-21,2118,487,355,0,1903
2015-10-22,2254,512,372,0,1899
2015-10-23,2380,546,399,0,1896
2015-10-24,2348,511,364,0,1957
2015-10-25,2360,525,379,0,1806
2015-10-26,2441,478,320,0,1725
2015-10-27,2440,525,370,0,1735
2015-10-28,2436,505,348,0,1774
2015-10-29,2541,545,385,0,1742
2015-10-30,2561,532,372,0,1736
2015-10-31,2645,487,317,0,1680
2015-11-01,2782,507,325,0,1748
2015-11-02,2597,472,302,0,1548
2015-11-03,2720,493,313,0,1682
2015-11-04,2616,497,329,0,1570
2015-11-05,2821,493,306,0,1589
2015-11-06,2653,478,303,0,1591
2015-11-07,2771,458,272,0,1483
2015-11-08,2710,445,261,0,1544
2015-11-09,2789,425,236,0,1603
2015-11-10,2855,446,249,0,1510
2015-11-11,2865,428,231,0,1505
2015-11-12,2969,462,258,0,1454
2015-11-13,2912,442,241,0,1482
2015-11-14,2983,455,252,0,1515
2015-11-15,3024,438,231,0,1356
2015-11-16,3031,446,238,0,1374
2015-11-17,3122,433,217,0,1390
2015-11-18,3067,460,249,0,1331
2015-11-19,2798,434,242,0,1355
2015-11-20,2673,444,258,0,1478
2015-11-21,2775,446,252,0,1601
2015-11-22,2772,468,277,0,1560
2015-11-23,2858,455,256,0,1483
2015-11-24,2782,440,249,0,1454
2015-11-25,2883,465,267,0,1435
2015-11-26,2925,462,259,0,1345
2015-11-27,2931,459,254,0,1396
2015-11-28,2872,457,259,0,1441
2015-11-29,2944,448,242,0,1435
2015-11-30,2963,466,261,0,1400
2015-12-01,2895,455,251,0,1463
2015-12-02,2876,453,251,0,1386
2015-12-03,2974,482,276,0,1326
2015-12-04,3011,457,245,0,1319
2015-12-05,2912,429,223,0,1320
2015-12-06,2968,398,185,0,1381
2015-12-07,3056,434,215,0,1370
2015-12-08,2979,404,189,0,1313
2015-12-09,3151,458,235,0,1413
2015-12-10,3088,441,222,0,1348
2015-12-11,3027,452,239,0,1322
2015-12-12,3156,474,250,0,1326
2015-12-13,3025,550,345,0,1225
2015-12-14,2885,552,356,0,1274
2015-12-15,2858,530,334,0,1227
2015-12-16,3021,521,308,0,1256
2015-12-17,2960,496,287,0,1241
2015-12-18,3017,505,290,0,1224
2015-12-19,2999,513,299,0,1167
2015-12-20,2932,508,300,0,1202
2015-12-21,3017,460,241,0,1377
2015-12-22,2892,451,241,0,1485
2015-12-23,2938,457,244,0,1458
2015-12-24,2960,441,222,0,1439
2015-12-25,2976,452,233,0,1366
2015-12-26,2888,455,242,0,1429
2015-12-27,2916,457,242,0,1443
2015-12-28,2996,448,226,0,1377
2015-12-29,3026,460,237,0,1245
2015-12-30,3044,490,266,0,1264
2015-12-31,3070,499,275,0,1187
2016-01-01,2992,485,266,0,1148
2016-01-02,3106,512,286,0,1248
2016-01-03,3137,491,260,0,1207
2016-01-04,3098,499,272,0,1232
2016-01-05,3053,476,248,0,1251
2016-01-06,3108,501,272,0,1228
2016-01-07,3075,501,275,0,1246
2016-01-08,3026,507,285,0,1294
2016-01-09,3001,496,272,0,1340
2016-01-10,3025,488,263,0,1350
2016-01-11,3060,485,252,0,1262
2016-01-12,2853,448,230,0,1295
2016-01-13,3040,494,261,0,1287
2016-01-14,3041,488,257,0,1354
2016-01-15,2934,489,268,0,1347
2016-01-16,3001,509,282,0,1275
2016-01-17,3047,519,288,0,1237
2016-01-18,2944,502,278,0,1200
2016-01-19,3106,542,308,0,1117
2016-01-20,3087,545,315,0,1106
2016-01-21,3094,530,297,0,1025
2016-01-22,3094,553,322,0,1032
2016-01-23,3108,547,313,0,971
2016-01-24,3178,568,329,0,985
2016-01-25,3191,576,336,0,982
2016-01-26,3195,573,328,0,927
2016-01-27,3210,572,326,0,880
2016-01-28,3214,589,343,0,886
2016-01-29,3239,575,326,0,860
2016-01-30,3184,564,320,0,855
2016-01-31,3189,575,329,0,948
2016-02-01,3114,568,331,0,963
2016-02-02,3192,562,317,0,977
2016-02-03,3319,554,300,0,870
2016-02-04,3376,572,316,0,864
2016-02-05,3172,543,300,0,896
2016-02-06,3338,556,302,0,893
2016-02-07,3416,567,306,0,863
2016-02-08,3268,547,294,0,837
2016-02-09,3389,562,298,0,844
2016-02-10,3356,563,302,0,817
2016-02-11,3263,548,295,0,802
2016-02-12,3431,588,319,0,797
2016-02-13,3369,582,321,0,750
2016-02-14,3381,589,329,0,734
2016-02-15,3307,578,321,0,735
2016-02-16,3373,584,323,0,768
2016-02-17,3167,562,316,0,788
2016-02-18,3382,588,326,0,748
2016-02-19,3349,611,350,0,746
2016-02-20,3344,605,341,0,784
2016-02-21,3319,586,324,0,779
2016-02-22,3364,618,353,0,791
2016-02-23,3227,604,349,0,738
2016-02-24,3377,629,361,0,742
2016-02-25,3392,631,361,0,688
2016-02-26,3346,659,398,0,651
2016-02-27,3282,632,376,0,681
2016-02-28,3302,646,390,0,667
2016-02-29,3161,627,382,0,675
2016-03-01,3377,654,395,0,670
2016-03-02,3316,646,386,0,726
2016-03-03,3368,669,406,0,586
2016-03-04,3358,648,385,0,591
2016-03-05,3447,679,415,0,581
2016-03-06,3291,656,403,0,569
2016-03-07,3361,675,418,0,537
2016-03-08,3446,681,416,0,515
2016-03-09,3410,678,413,0,532
2016-03-10,3471,691,420,0,542
2016-03-11,3452,691,421,0,528
2016-03-12,3416,692,429,0,483
2016-03-13,3411,676,407,0,435
2016-03-14,3717,738,446,0,466
2016-03-15,4104,816,494,0,656
2016-03-16,4071,784,465,0,640
2016-03-17,4044,821,505,0,648
2016-03-18,4142,827,503,0,630
2016-03-19,4125,822,499,0,613
2016-03-20,4050,823,509,0,643
2016-03-21,4098,835,514,0,564
2016-03-22,4024,807,493,0,605
2016-03-23,4161,839,517,0,622
2016-03-24,4166,835,513,0,597
2016-03-25,4110,839,524,0,561
2016-03-26,4225,810,484,0,542
2016-03-27,4157,794,473,0,518
2016-03-28,4303,813,482,0,531
2016-03-29,4235,808,482,0,514
2016-03-30,4286,790,459,0,519
2016-03-31,4194,801,488,0,478
2016-04-01,4099,816,650,0,407
2016-04-02,4106,856,687,0,401
2016-04-03,4157,868,711,0,364
2016-04-04,4113,838,686,0,378
2016-04-05,4108,848,711,0,370
2016-04-06,3992,820,731,0,378
2016-04-07,4113,830,720,0,388
2016-04-08,4071,849,765,0,391
2016-04-09,3997,833,756,0,377
2016-04-10,3956,839,802,0,415
2016-04-11,3903,823,782,0,434
2016-04-12,3986,850,849,0,417
2016-04-13,3902,832,858,0,402
2016-04-14,3969,835,857,0,343
2016-04-15,3931,828,882,0,403
2016-04-16,3937,810,868,1,339
2016-04-17,3963,833,918,0,384
2016-04-18,3924,829,888,0,397
2016-04-19,3910,815,897,0,356
2016-04-20,3985,811,907,0,354
2016-04-21,3879,799,927,0,332
2016-04-22,3965,846,951,0,354
2016-04-23,3906,816,923,1,352
2016-04-24,3883,813,952,0,375
2016-04-25,4008,802,930,0,317
2016-04-26,3841,805,962,0,339
2016-04-27,3941,818,971,0,346
2016-04-28,3832,809,990,0,379
2016-04-29,3832,777,941,0,480
2016-04-30,3907,796,958,0,446
2016-05-01,3691,764,932,0,485
2016-05-02,3841,795,983,0,498
2016-05-03,3735,810,1022,0,466
2016-05-04,3790,798,974,0,425
2016-05-05,3727,792,987,0,529
2016-05-06,3766,789,984,0,486
2016-05-07,3797,773,961,0,506
2016-05-08,3872,765,935,0,464
2016-05-09,3830,757,948,0,493
2016-05-10,3796,770,927,0,480
2016-05-11,3624,770,962,0,543
2016-05-12,3815,784,996,0,577
2016-05-13,3774,780,987,0,523
2016-05-14,3655,756,971,0,543
2016-05-15,3686,784,984,0,594
2016-05-16,3578,774,1036,0,561
2016-05-17,3731,765,1003,0,543
2016-05-18,3791,786,998,0,517
2016-05-19,3691,788,1060,0,524
2016-05-20,3630,771,1073,0,545
2016-05-21,3585,758,1069,0,549
2016-05-22,3603,789,1085,0,588
2016-05-23,3618,790,1077,0,562
2016-05-24,3561,797,1106,0,500
2016-05-25,3606,804,1138,0,534
2016-05-26,3533,801,1074,0,565
2016-05-27,3571,815,1097,0,554
2016-05-28,3538,795,1136,0,575
2016-05-29,3542,804,1085,0,539
2016-05-30,3521,831,1130,0,558
2016-05-31,3405,928,1084,0,512
2016-06-01,3396,1033,1041,0,574
2016-06-02,3507,1056,949,0,576
2016-06-03,3451,987,969,0,592
2016-06-04,3401,1103,971,0,557
2016-06-05,3336,1077,962,0,603
2016-06-06,3409,1107,1011,0,573
2016-06-07,3287,1086,1014,0,622
2016-06-08,3278,1158,1086,0,571
2016-06-09,3257,1111,1035,0,612
2016-06-10,3205,1137,1039,0,614
2016-06-11,3195,1113,1028,0,728
2016-06-12,3229,1090,1002,3,737
2016-06-13,3200,1177,1029,1,647
2016-06-14,3244,1131,1016,0,626
2016-06-15,3233,1149,1070,1,609
2016-06-16,3249,1120,1043,0,637
2016-06-17,3111,1073,1076,0,516
2016-06-18,3202,1153,1081,0,590
2016-06-19,3278,1136,1102,1,597
2016-06-20,3155,1086,1120,0,632
2016-06-21,3026,1150,1154,3,627
2016-06-22,3177,1137,1157,1,609
2016-06-23,3190,1147,1140,0,563
2016-06-24,3189,1142,1181,0,563
2016-06-25,3056,1159,1179,0,591
2016-06-26,3117,1142,1246,0,561
2016-06-27,3123,1169,1181,1,577
2016-06-28,3093,1106,1221,6,557
2016-06-29,3129,1019,1307,2,613
2016-06-30,3059,1137,1245,5,573
2016-07-01,3065,1148,1254,5,593
2016-07-02,3073,1105,1243,3,620
2016-07-03,3089,1077,1262,8,544
2016-07-04,3165,1040,1378,9,521
2016-07-05,3031,1007,1356,3,566
2016-07-06,3060,995,1374,6,593
2016-07-07,3064,1044,1426,3,567
2016-07-08,2965,1047,1396,7,540
2016-07-09,3089,1039,1419,4,563
2016-07-10,3004,1024,1477,12,531
2016-07-11,3033,1066,1480,3,510
2016-07-12,2953,1008,1477,7,538
2016-07-13,2975,1040,1502,13,554
2016-07-14,2963,1041,1453,6,538
2016-07-15,2952,1030,1527,3,489
2016-07-16,2958,1038,1552,9,528
2016-07-17,2996,979,1479,9,497
2016-07-18,3023,1054,1530,2,492
2016-07-19,2881,1040,1518,9,598
2016-07-20,3007,995,1412,6,519
2016-07-21,3043,1027,1501,4,510
2016-07-22,3030,1024,1505,8,477
2016-07-23,2997,1052,1526,6,487
2016-07-24,2952,1040,1485,3,428
2016-07-25,2991,1097,1570,6,394
2016-07-26,2888,1047,1492,10,332
2016-07-27,3119,1054,1576,12,403
2016-07-28,3040,1058,1542,5,409
2016-07-29,3025,1048,1560,16,367
2016-07-30,2976,1054,1517,6,479
2016-07-31,2959,1066,1588,7,378
2016-08-01,2947,1027,1609,5,316
2016-08-02,3030,1039,1555,6,287
2016-08-03,3103,1085,1535,3,408
2016-08-04,3114,1068,1466,8,393
2016-08-05,3125,1032,1580,8,334
2016-08-06,2998,1039,1553,6,393
2016-08-07,3063,1059,1583,8,389
2016-08-08,3138,1024,1501,5,386
2016-08-09,3056,1057,1565,28,389
2016-08-10,3103,1069,1484,31,427
2016-08-11,3033,1065,1526,16,373
2016-08-12,3028,1034,1590,4,388
2016-08-13,2997,1061,1521,8,404
2016-08-14,3032,1007,1580,12,399
2016-08-15,3039,1048,1502,108,406
2016-08-16,3011,1053,1471,149,370
2016-08-17,2984,1036,1468,118,405
2016-08-18,3087,1066,1461,126,360
2016-08-19,3016,1044,1502,119,382
2016-08-20,3030,1054,1473,148,367
2016-08-21,2968,1031,1495,141,416
2016-08-22,3003,1016,1486,145,395
2016-08-23,3036,1006,1471,131,434
2016-08-24,2937,1000,1458,144,481
2016-08-25,3015,1006,1419,147,490
2016-08-26,2933,1008,1413,165,475
2016-08-27,2968,993,1418,152,516
2016-08-28,2918,1008,1474,177,490
2016-08-29,2907,995,1438,172,522
2016-08-30,2967,959,1392,174,524
2016-08-31,2961,961,1445,178,530
2016-09-01,2976,942,1421,199,470
2016-09-02,2969,964,1414,193,495
2016-09-03,2894,1007,1439,164,456
2016-09-04,2981,1004,1503,141,469
2016-09-05,3024,1011,1438,123,440
2016-09-06,2961,971,1462,154,453
2016-09-07,2917,988,1499,160,521
2016-09-08,2914,987,1500,164,461
2016-09-09,2967,1005,1503,171,455
2016-09-10,3002,988,1432,175,438
2016-09-11,3016,974,1417,172,446
2016-09-12,3065,965,1476,159,410
2016-09-13,3017,974,1466,189,409
2016-09-14,3003,948,1498,187,403
2016-09-15,2992,954,1512,199,368
2016-09-16,2985,940,1523,212,421
2016-09-17,2942,989,1473,220,426
2016-09-18,3062,1032,1012,245,318
2016-09-19,3235,1157,1438,260,347
2016-09-20,3246,819,1398,197,372
2016-09-21,3210,811,1497,205,377
2016-09-22,3090,918,1352,218,272
2016-09-23,3065,973,1460,272,334
2016-09-24,2977,921,1344,289,377
2016-09-25,3139,940,1355,282,372
2016-09-26,3029,912,1376,265,314
2016-09-27,3216,1007,1425,269,293
2016-09-28,3101,988,1429,195,327
2016-09-29,3090,1011,1442,216,330
2016-09-30,2974,1054,1376,216,330
2016-10-01,3018,1025,1292,230,357
2016-10-02,3033,1068,1378,237,361
2016-10-03,3097,1103,1396,279,321
2016-10-04,3076,1046,1317,230,257
2016-10-05,3079,946,1445,225,336
2016-10-06,2930,905,1452,227,304
2016-10-07,2894,1002,1593,166,333
2016-10-08,3039,987,1565,217,332
2016-10-09,3000,957,1471,246,320
2016-10-10,3018,949,1504,247,366
2016-10-11,2981,931,1469,268,332
2016-10-12,3035,951,1379,258,228
2016-10-13,3336,981,1370,301,315
2016-10-14,3168,971,1332,287,315
2016-10-15,3173,905,1335,275,310
2016-10-16,3148,949,1280,277,319
2016-10-17,2990,942,1391,313,344
2016-10-18,3068,976,1488,329,309
2016-10-19,3146,895,1224,270,292
2016-10-20,3217,1021,1366,314,322
2016-10-21,3175,1004,1324,284,309
2016-10-22,3097,963,1312,323,307
2016-10-23,3074,1007,1326,304,294
2016-10-24,3108,1008,1284,344,352
2016-10-25,3144,973,1289,316,323
2016-10-26,3146,978,1275,319,340
2016-10-27,3077,969,1259,358,308
2016-10-28,2968,915,1303,337,317
2016-10-29,2810,926,1432,321,280
2016-10-30,3043,993,1427,415,323
2016-10-31,2995,950,1380,366,273
2016-11-01,2768,909,1546,339,236
2016-11-02,2749,931,1705,323,279
2016-11-03,2719,982,1688,297,258
2016-11-04,2673,975,1688,320,265
2016-11-05,2734,940,1723,279,294
2016-11-06,2999,1033,1722,342,341
2016-11-07,3021,1008,1500,348,352
2016-11-08,2944,984,1481,449,314
2016-11-09,2661,999,1419,412,368
2016-11-10,2820,949,1496,442,289
2016-11-11,2749,982,1497,497,310
2016-11-12,2818,974,1480,539,308
2016-11-13,2796,924,1513,537,413
2016-11-14,2699,1003,1391,539,441
2016-11-15,2641,1085,1398,470,381
2016-11-16,2661,1034,1462,506,444
2016-11-17,2689,935,1414,549,361
2016-11-18,2725,1116,1507,497,283
2016-11-19,2816,1166,1409,486,311
2016-11-20,2790,1148,1500,467,288
2016-11-21,2707,1072,1501,462,271
2016-11-22,2675,1044,1572,455,246
2016-11-23,2645,943,1446,476,284
2016-11-24,2832,1053,1318,555,228
2016-11-25,2755,1080,1521,514,165
2016-11-26,2710,1005,1445,573,169
2016-11-27,2679,1010,1532,537,228
2016-11-28,2597,1131,1546,510,183
2016-11-29,2600,1057,1594,537,247
2016-11-30,2584,998,1674,549,268
2016-12-01,2628,945,1704,527,266
2016-12-02,2586,948,1750,528,292
2016-12-03,2584,940,1739,545,263
2016-12-04,2578,929,1677,549,287
2016-12-05,2556,945,1713,507,287
2016-12-06,2505,962,1701,567,356
2016-12-07,2595,956,1724,502,339
2016-12-08,2593,972,1718,554,288
2016-12-09,2644,921,1651,537,300
2016-12-10,2626,1000,1665,494,320
2016-12-11,2582,955,1692,470,322
2016-12-12,2655,975,1660,465,312
2016-12-13,2637,905,1704,457,325
2016-12-14,2605,982,1695,451,345
2016-12-15,2587,944,1731,426,407
2016-12-16,2615,915,1631,466,350
2016-12-17,2655,965,1716,480,309
2016-12-18,2631,953,1686,461,349
2016-12-19,2607,958,1693,472,326
2016-12-20,2588,1004,1670,471,364
2016-12-21,2579,931,1723,510,319
2016-12-22,2528,936,1711,480,335
2016-12-23,2451,943,1725,405,348
2016-12-24,2541,912,1794,419,361
2016-12-25,2550,947,1813,519,349
2016-12-26,2463,896,1772,509,368
2016-12-27,2490,882,1817,476,365
2016-12-28,2434,878,1784,550,376
2016-12-29,2454,882,1808,534,396
2016-12-30,2463,869,1822,509,438
2016-12-31,2344,864,1749,533,485
2017-01-01,2465,864,1754,551,452
2017-01-02,2423,837,1824,504,486
2017-01-03,2421,872,1779,567,455
2017-01-04,2592,908,1721,550,357
2017-01-05,2525,918,1675,600,368
2017-01-06,2508,973,1667,572,291
2017-01-07,2506,962,1705,543,340
2017-01-08,2614,979,1706,537,297
2017-01-09,2625,949,1669,486,300
2017-01-10,2576,964,1688,526,306
2017-01-11,2549,1031,1625,535,326
2017-01-12,2555,987,1626,563,338
2017-01-13,2545,956,1648,567,298
2017-01-14,2580,962,1713,561,303
2017-01-15,2624,902,1655,587,305
2017-01-16,2520,944,1672,553,335
2017-01-17,2600,949,1671,519,335
2017-01-18,2623,915,1636,555,312
2017-01-19,2628,955,1625,574,275
2017-01-20,2581,914,1658,595,309
2017-01-21,2488,890,1603,656,429
2017-01-22,2495,885,1558,663,424
2017-01-23,2555,877,1574,643,411
2017-01-24,2470,864,1557,700,417
2017-01-25,2454,864,1613,665,482
2017-01-26,2510,841,1637,665,419
2017-01-27,2460,871,1559,683,400
2017-01-28,2442,886,1546,692,443
2017-01-29,2439,890,1584,690,437
2017-01-30,2408,892,1638,708,426
2017-01-31,2435,915,1519,679,434
2017-02-01,2442,968,1492,678,457
2017-02-02,2463,895,1571,658,403
2017-02-03,2503,850,1601,592,490
2017-02-04,2408,859,1557,642,626
2017-02-05,2470,844,1542,606,582
2017-02-06,2455,845,1574,619,527
2017-02-07,2489,865,1493,609,602
2017-02-08,2415,850,1554,614,593
2017-02-09,2454,858,1555,599,605
2017-02-10,2490,857,1495,579,611
2017-02-11,2475,840,1529,592,604
2017-02-12,2476,870,1566,590,560
2017-02-13,2497,858,1517,576,591
2017-02-14,2514,827,1501,557,621
2017-02-15,2472,851,1506,586,656
2017-02-16,2475,834,1535,545,708
2017-02-17,2589,873,1597,582,347
2017-02-18,2564,935,1629,521,321
2017-02-19,2579,916,1671,504,346
2017-02-20,2609,939,1643,539,339
2017-02-21,2604,921,1565,586,338
2017-02-22,2594,918,1575,575,322
2017-02-23,2625,912,1587,539,346
2017-02-24,2563,938,1636,504,400
2017-02-25,2640,904,1585,552,379
2017-02-26,2648,915,1568,544,383
2017-02-27,2575,949,1592,563,351
2017-02-28,2574,925,1567,600,323
2017-03-01,2561,897,1619,618,328
2017-03-02,2545,920,1632,603,370
2017-03-03,2531,919,1621,577,349
2017-03-04,2566,916,1632,569,333
2017-03-05,2601,947,1631,539,316
2017-03-06,2596,903,1589,553,335
2017-03-07,2561,889,1652,603,291
2017-03-08,2611,879,1628,558,311
2017-03-09,2570,897,1582,542,326
2017-03-10,2576,910,1660,549,315
2017-03-11,2560,870,1708,516,327
2017-03-12,2448,848,1597,528,302
2017-03-13,2528,883,1646,535,332
2017-03-14,2566,890,1626,624,304
2017-03-15,2537,912,1648,581,326
2017-03-16,2578,880,1621,657,281
2017-03-17,2620,926,1658,590,250
2017-03-18,2435,882,1638,673,320
2017-03-19,2484,917,1595,647,351
2017-03-20,2519,868,1679,615,348
2017-03-21,2514,860,1678,584,334
2017-03-22,2531,897,1658,565,349
2017-03-23,2546,884,1589,551,356
2017-03-24,2472,871,1620,589,326
2017-03-25,2605,835,1612,579,322
2017-03-26,2500,869,1680,605,366
2017-03-27,2511,824,1655,582,340
2017-03-28,2544,847,1675,560,325
2017-03-29,2488,817,1683,558,371
2017-03-30,2507,851,1622,633,329
2017-03-31,2487,836,1681,631,320
2017-04-01,2540,816,1646,571,345
2017-04-02,2560,807,1406,610,295
2017-04-03,2676,862,1729,564,321
2017-04-04,2477,832,1702,631,343
2017-04-05,2506,822,1674,571,327
2017-04-06,2499,833,1684,651,310
2017-04-07,2528,860,1637,600,319
2017-04-08,2423,826,1685,647,282
2017-04-09,2522,837,1624,587,249
2017-04-10,2483,805,1650,609,233
2017-04-11,2534,811,1637,633,195
2017-04-12,2485,781,1684,583,213
2017-04-13,2542,776,1661,685,207
2017-04-14,2463,755,1627,671,302
2017-04-15,2404,747,1675,714,259
2017-04-16,2389,745,1702,722,232
2017-04-17,2406,751,1693,707,267
2017-04-18,2449,763,1655,779,258
2017-04-19,2333,754,1654,761,250
2017-04-20,2384,766,1678,724,253
2017-04-21,2458,783,1641,742,257
2017-04-22,2429,754,1665,708,256
2017-04-23,2375,754,1666,776,230
2017-04-24,2415,770,1630,728,290
2017-04-25,2392,739,1673,738,223
2017-04-26,2312,719,1649,721,241
2017-04-27,2399,762,1558,721,227
2017-04-28,2371,758,1625,704,248
2017-04-29,2321,704,1560,749,258
2017-04-30,2315,743,1589,782,226
2017-05-01,2327,732,1609,707,237
2017-05-02,2398,734,1590,761,195
2017-05-03,2363,752,1550,700,213
2017-05-04,2411,778,1642,704,228
2017-05-05,2413,726,1544,689,252
2017-05-06,2373,750,1569,708,242
2017-05-07,2420,792,1606,637,236
2017-05-08,2466,746,1574,699,203
2017-05-09,2412,764,1604,724,193
2017-05-10,2403,722,1552,700,242
2017-05-11,2392,776,1570,687,279
2017-05-12,2413,774,1518,640,287
2017-05-13,2347,731,1508,652,314
2017-05-14,2229,739,1522,657,291
2017-05-15,2197,720,1515,672,317
2017-05-16,2236,721,1464,623,316
2017-05-17,2277,695,1479,656,303
2017-05-18,2273,729,1499,673,306
2017-05-19,2206,734,1502,675,265
2017-05-20,2275,719,1535,674,269
2017-05-21,2323,718,1499,628,296
2017-05-22,2335,679,1483,645,282
2017-05-23,2336,703,1474,670,277
2017-05-24,2280,694,1526,674,263
2017-05-25,2295,693,1543,676,253
2017-05-26,2249,717,1591,630,282
2017-05-27,2318,756,1509,636,231
2017-05-28,2332,730,1503,662,256
2017-05-29,2305,732,1600,698,278
2017-05-30,2238,755,1612,647,288
2017-05-31,2277,697,1506,635,254
2017-06-01,2225,672,1479,631,226
2017-06-02,2134,665,1454,608,251
2017-06-03,2178,678,1464,600,261
2017-06-04,2164,678,1446,649,235
2017-06-05,2162,683,1520,627,257
2017-06-06,2168,686,1423,643,256
2017-06-07,2216,703,1505,595,242
2017-06-08,2213,677,1445,613,268
2017-06-09,2174,720,1535,624,227
2017-06-10,2211,672,1530,648,217
2017-06-11,2198,686,1484,624,237
2017-06-12,2250,684,1497,613,220
2017-06-13,2219,713,1505,641,220
2017-06-14,2176,679,1555,660,193
2017-06-15,2186,631,1557,709,214
2017-06-16,2225,710,1591,677,189
2017-06-17,2148,695,1550,678,238
2017-06-18,2153,695,1551,723,183
2017-06-19,2124,698,1557,659,189
2017-06-20,2040,660,1458,698,126
2017-06-21,1922,684,1521,632,122
2017-06-22,1928,650,1521,623,148
2017-06-23,2039,681,1435,664,129
2017-06-24,2039,674,1531,620,120
2017-06-25,2027,657,1477,657,116
2017-06-26,1995,668,1494,626,140
2017-06-27,2021,656,1524,677,150
2017-06-28,1983,668,1540,636,126
2017-06-29,2002,649,1501,707,115
2017-06-30,1978,730,1542,700,110
2017-07-01,1970,657,1552,702,105
2017-07-02,2033,683,1563,736,98
2017-07-03,2055,657,1517,678,129
2017-07-04,1957,673,1528,741,112
2017-07-05,2023,697,1526,677,123
2017-07-06,1909,708,1578,677,128
2017-07-07,2008,676,1589,718,124
2017-07-08,2000,685,1553,713,144
2017-07-09,1924,632,1549,730,132
2017-07-10,1819,581,1367,670,117
2017-07-11,1739,591,1373,665,110
2017-07-12,1766,613,1385,652,126
2017-07-13,1784,612,1375,630,121
2017-07-14,1890,582,1286,636,115
2017-07-15,1898,631,1428,522,136
2017-07-16,1884,592,1355,597,115
2017-07-17,2037,664,1433,232,121
2017-07-18,2024,653,1489,279,130
2017-07-19,1998,657,1558,244,162
2017-07-20,1923,630,1556,345,146
2017-07-21,1940,624,1488,343,158
2017-07-22,1979,679,1508,360,156
2017-07-23,1965,644,1513,383,136
2017-07-24,1957,639,1455,446,145
2017-07-25,1881,666,1488,420,160
2017-07-26,1993,607,1492,412,156
2017-07-27,1943,638,1494,453,145
2017-07-28,1951,672,1465,437,137
2017-07-29,1954,655,1455,449,151
2017-07-30,1963,657,1488,476,137
2017-07-31,1775,625,1343,454,135
2017-08-01,1706,560,1269,407,121
2017-08-02,1668,563,1265,363,124
2017-08-03,1688,547,1280,411,108
2017-08-04,1652,559,1312,404,151
2017-08-05,1666,548,1266,399,125
2017-08-06,1667,574,1300,391,132
2017-08-07,1655,556,1301,430,124
2017-08-08,1730,595,1287,413,106
2017-08-09,1686,540,1322,403,121
2017-08-10,1700,533,1276,422,117
2017-08-11,1701,556,1259,467,115
2017-08-12,1755,558,1285,431,114
2017-08-13,1779,562,1252,440,101
2017-08-14,1818,562,1237,423,117
2017-08-15,1696,580,1255,451,95
2017-08-16,1796,570,1253,447,107
2017-08-17,1739,538,1291,444,130
2017-08-18,1724,589,1301,463,119
2017-08-19,1722,586,1301,464,123
2017-08-20,1692,570,1295,471,132
2017-08-21,1738,610,1271,457,137
2017-08-22,1764,610,1269,437,128
2017-08-23,1759,581,1323,414,120
2017-08-24,1677,559,1227,412,133
2017-08-25,1458,504,1071,366,113
2017-08-26,1470,481,1141,332,118
2017-08-27,1400,485,1176,300,112
2017-08-28,1405,498,1091,367,101
2017-08-29,1407,529,1143,376,110
2017-08-30,1442,470,1107,367,128
2017-08-31,1385,512,1111,391,106
2017-09-01,1432,469,1084,414,107
2017-09-02,1449,477,1121,369,121
2017-09-03,1452,477,1084,416,126
2017-09-04,1399,461,1133,422,110
2017-09-05,1454,478,1060,439,91
2017-09-06,1444,495,1067,81,436
2017-09-07,1429,510,1121,68,461
2017-09-08,1439,505,1126,69,437
2017-09-09,1461,502,1076,91,423
2017-09-10,1442,464,1133,74,409
2017-09-11,1509,495,1092,79,455
2017-09-12,1513,495,1049,73,425
2017-09-13,1487,488,1095,76,424
2017-09-14,1471,528,1083,73,439
2017-09-15,1544,519,1043,80,438
2017-09-16,1516,510,1067,89,433
2017-09-17,1476,499,1091,73,445
2017-09-18,1504,511,1089,90,429
2017-09-19,1549,506,1060,101,399
2017-09-20,1529,471,1080,110,409
2017-09-21,1421,486,1068,87,418
2017-09-22,1228,392,884,74,363
2017-09-23,1239,407,834,70,347
2017-09-24,1236,420,838,76,359
2017-09-25,1229,382,815,78,345
2017-09-26,1207,412,894,92,289
2017-09-27,1221,402,886,71,315
2017-09-28,1206,422,967,69,159
2017-09-29,1202,408,1039,80,83
2017-09-30,1264,401,1062,77,66
2017-10-01,1250,414,1082,62,72
2017-10-02,1196,416,1019,93,84
2017-10-03,1228,420,1073,77,75
2017-10-04,1282,422,1090,72,68
2017-10-05,1244,422,1058,78,73
2017-10-06,1288,402,1056,64,68
2017-10-07,1226,431,1038,83,76
2017-10-08,1273,399,1056,80,63
2017-10-09,1275,410,1037,87,64
2017-10-10,1307,428,1047,81,72
2017-10-11,1265,415,1055,66,75
2017-10-12,1281,444,1075,78,63
2017-10-13,1280,424,1050,76,64
2017-10-14,1325,424,1008,83,69
2017-10-15,1353,423,1042,62,80
2017-10-16,2410,804,1952,110,142
2017-10-17,2773,879,2133,153,161
2017-10-18,2851,897,2189,129,152
2017-10-19,2842,869,2192,156,168
2017-10-20,2843,905,2185,125,206
2017-10-21,2848,880,2210,166,193
2017-10-22,2779,895,2177,158,186
2017-10-23,2894,898,2145,160,164
2017-10-24,2801,888,2166,169,183
2017-10-25,2778,880,2178,181,173
2017-10-26,2811,882,2137,182,200
2017-10-27,2797,880,2172,191,185
2017-10-28,2781,903,2204,175,174
2017-10-29,2749,864,2153,194,174
2017-10-30,2728,879,2154,193,176
2017-10-31,2781,926,2202,190,168
2017-11-01,2806,880,2082,163,167
2017-11-02,2765,849,2168,214,165
2017-11-03,2760,878,2190,213,167
2017-11-04,2799,873,2227,223,183
2017-11-05,2877,920,2266,241,184
2017-11-06,2745,864,2154,236,164
2017-11-07,2765,891,2193,234,180
2017-11-08,2687,914,2157,233,215
2017-11-09,2564,951,2241,213,226
2017-11-10,2750,916,2197,218,188
2017-11-11,2816,937,2198,190,203
2017-11-12,2677,896,2223,187,222
2017-11-13,2635,924,2195,238,192
2017-11-14,2584,936,2230,234,211
2017-11-15,2654,890,2169,198,235
2017-11-16,2631,925,2175,235,263
2017-11-17,2642,921,2167,224,218
2017-11-18,2775,925,2153,223,215
2017-11-19,2743,927,2189,217,175
2017-11-20,2689,933,2097,196,217
2017-11-21,2733,934,2107,224,177
2017-11-22,2741,933,2225,192,201
2017-11-23,2712,914,2137,182,242
2017-11-24,2700,887,2203,157,240
2017-11-25,2755,897,2152,172,234
2017-11-26,2764,905,2130,155,212
2017-11-27,2643,917,2156,138,214
2017-11-28,2719,908,2097,141,208
2017-11-29,2773,876,2126,159,215
2017-11-30,2745,905,2193,139,173
2017-12-01,2695,911,2122,139,227
2017-12-02,2694,877,2106,154,186
2017-12-03,2591,909,2143,154,192
2017-12-04,2455,822,1978,124,185
2017-12-05,2386,823,2036,106,208
2017-12-06,2271,887,2161,104,151
2017-12-07,2465,919,2172,113,141
2017-12-08,2558,898,2066,107,169
2017-12-09,2556,865,2062,121,143
2017-12-10,2586,929,2067,118,143
2017-12-11,2582,864,2067,97,129
2017-12-12,2544,894,2029,120,129
2017-12-13,2513,916,1966,108,140
2017-12-14,2550,910,2007,94,139
2017-12-15,2560,909,2026,102,163
2017-12-16,2681,894,2009,118,167
2017-12-17,2658,881,2009,113,174
2017-12-18,2428,885,1896,115,309
2017-12-19,2491,826,1855,121,288
2017-12-20,2495,868,1834,118,299
2017-12-21,2459,857,1884,84,274
2017-12-22,2523,864,1932,123,323
2017-12-23,2551,932,1935,147,340
2017-12-24,2596,869,2048,143,396
2017-12-25,2633,906,1998,105,354
2017-12-26,2608,899,1980,132,402
2017-12-27,2521,919,2010,134,352
2017-12-28,2558,886,1894,127,377
2017-12-29,2526,877,1856,121,346
2017-12-30,2585,892,1960,122,346
2017-12-31,2588,887,1949,131,378
2018-01-01,2535,868,1974,110,350
2018-01-02,2454,853,1893,113,360
2018-01-03,2466,809,1793,91,326
2018-01-04,2395,784,1826,97,282
2018-01-05,2446,802,1770,99,262
2018-01-06,2396,782,1881,102,277
2018-01-07,2495,823,1879,93,239
2018-01-08,2409,803,1871,97,224
2018-01-09,2385,786,1833,89,271
2018-01-10,2391,787,1877,92,299
2018-01-11,2297,774,1921,87,325
2018-01-12,2338,810,1928,74,282
2018-01-13,2371,782,1917,89,310
2018-01-14,2397,794,1956,87,327
2018-01-15,2387,793,1935,74,307
2018-01-16,2334,836,1936,84,325
2018-01-17,2406,790,1907,99,313
2018-01-18,2371,831,2011,107,299
2018-01-19,2442,871,1989,103,338
2018-01-20,2483,861,2074,104,326
2018-01-21,2558,887,2007,101,341
2018-01-22,2458,874,2065,99,363
2018-01-23,2537,924,2062,110,323
2018-01-24,2525,907,2028,96,369
2018-01-25,2543,898,2022,101,352
2018-01-26,2571,863,2084,105,326
2018-01-27,2586,855,2081,111,333
2018-01-28,2640,913,2020,100,343
2018-01-29,2579,875,2025,91,335
2018-01-30,2612,870,2010,87,326
2018-01-31,2560,840,2042,111,317
2018-02-01,2466,969,1890,77,333
2018-02-02,2601,1091,1793,109,338
2018-02-03,2574,1095,1772,124,380
2018-02-04,2639,1105,1851,96,313
2018-02-05,2594,1170,1762,87,338
2018-02-06,2567,1208,1742,90,344
2018-02-07,2471,1235,1749,105,356
2018-02-08,2614,1222,1769,114,351
2018-02-09,2532,1198,1673,109,345
2018-02-10,2575,1272,1784,142,313
2018-02-11,2575,1208,1691,126,319
2018-02-12,2566,1221,1696,136,321
2018-02-13,2575,1231,1739,112,308
2018-02-14,2462,1213,1746,125,311
2018-02-15,2560,1273,1727,101,336
2018-02-16,2499,1243,1707,118,386
2018-02-17,2501,1262,1724,138,373
2018-02-18,2570,1160,1778,114,374
2018-02-19,2500,879,1981,105,383
2018-02-20,2438,906,1944,94,387
2018-02-21,2547,934,2010,116,329
2018-02-22,2522,916,1953,96,347
2018-02-23,2528,911,1914,112,390
2018-02-24,2545,890,2004,125,364
2018-02-25,2523,877,1931,93,401
2018-02-26,2488,904,1890,91,418
2018-02-27,2593,886,1928,128,440
2018-02-28,2519,1010,1812,110,401
2018-03-01,2501,1084,1713,114,405
2018-03-02,2598,1188,1691,111,379
2018-03-03,2487,1241,1700,112,381
2018-03-04,2576,1173,1708,115,376
2018-03-05,2576,1206,1576,124,354
2018-03-06,2569,1242,1642,118,338
2018-03-07,2591,1188,1668,107,340
2018-03-08,2571,1192,1650,115,332
2018-03-09,2619,1151,1659,126,345
2018-03-10,2591,1192,1654,110,328
2018-03-11,2487,1185,1581,98,345
2018-03-12,2594,1232,1568,133,340
2018-03-13,2583,1197,1600,133,351
2018-03-14,2557,1197,1628,110,338
2018-03-15,2654,1205,1566,121,342
2018-03-16,2604,1202,1615,106,334
2018-03-17,2527,1299,1604,120,366
2018-03-18,2572,1292,1613,122,363
2018-03-19,2553,1237,1658,145,369
2018-03-20,2681,1197,1628,122,338
2018-03-21,2633,1238,1620,148,319
2018-03-22,2650,1244,1624,117,322
2018-03-23,2536,1275,1647,124,384
2018-03-24,2697,1254,1661,131,371
2018-03-25,2673,1252,1609,144,336
2018-03-26,2655,1232,1572,134,359
2018-03-27,2592,1231,1601,133,340
2018-03-28,2618,1238,1621,113,331
2018-03-29,2683,1224,1697,118,203
2018-03-30,2573,1260,1705,134,251
2018-03-31,2678,1261,1782,138,231
2018-04-01,2718,1228,1736,171,242
2018-04-02,2678,1281,1663,139,262
2018-04-03,2644,1051,1996,114,238
2018-04-04,2703,900,2003,119,232
2018-04-05,2701,922,2066,135,259
2018-04-06,2602,932,2057,119,282
2018-04-07,2687,920,2072,127,300
2018-04-08,2631,921,2079,141,253
2018-04-09,2631,902,2104,133,277
2018-04-10,2602,972,2040,125,299
2018-04-11,2608,922,2050,120,253
2018-04-12,2624,930,1983,112,243
2018-04-13,2595,919,2057,98,245
2018-04-14,2589,917,2010,101,305
2018-04-15,2582,926,2007,119,294
2018-04-16,2620,915,2025,106,262
2018-04-17,2594,884,1953,96,261
2018-04-18,2618,906,1951,96,238
2018-04-19,2596,847,2005,81,237
2018-04-20,2593,893,1972,97,223
2018-04-21,2637,891,1995,95,238
2018-04-22,2662,898,2017,99,234
2018-04-23,2594,859,1960,88,236
2018-04-24,2525,873,2018,90,243
2018-04-25,2508,806,1379,907,263
2018-04-26,2441,765,1327,969,242
2018-04-27,2422,786,1389,930,241
2018-04-28,2453,808,1332,945,250
2018-04-29,2457,776,1404,925,208
2018-04-30,2373,740,1358,952,248
2018-05-01,2377,735,1372,954,254
2018-05-02,2301,682,1476,944,248
2018-05-03,2219,603,1651,968,271
2018-05-04,2169,579,1596,1015,281
2018-05-05,2239,599,1642,908,319
2018-05-06,2271,605,1733,929,281
2018-05-07,2289,571,1758,918,301
2018-05-08,2211,576,1700,941,260
2018-05-09,2270,560,1722,898,295
2018-05-10,2191,554,1709,959,292
2018-05-11,2188,596,1696,960,296
2018-05-12,2182,554,1756,946,292
2018-05-13,2206,580,1694,990,278
2018-05-14,2163,546,1748,901,291
2018-05-15,2195,531,1701,977,311
2018-05-16,2196,525,1742,883,317
2018-05-17,2189,542,1740,938,276
2018-05-18,2218,557,1697,879,295
2018-05-19,2022,556,1773,918,329
2018-05-20,2211,538,1711,943,288
2018-05-21,2137,565,1697,966,295
2018-05-22,2169,528,1649,948,272
2018-05-23,2083,534,1718,993,329
2018-05-24,2086,535,1716,940,336
2018-05-25,2136,536,1742,876,320
2018-05-26,2155,575,1736,930,295
2018-05-27,2193,528,1700,958,313
2018-05-28,2137,522,1694,1012,326
2018-05-29,2129,540,1659,982,321
2018-05-30,2075,501,1685,1018,319
2018-05-31,2139,510,1613,1006,344
2018-06-01,2141,513,1631,1064,316
2018-06-02,2085,507,1734,1004,295
2018-06-03,2153,443,1676,1107,251
2018-06-04,2185,472,1662,1095,284
2018-06-05,2099,476,1746,985,278
2018-06-06,2156,484,1705,961,331
2018-06-07,2089,469,1708,985,342
2018-06-08,2081,484,1716,1018,364
2018-06-09,2076,532,1662,1017,364
2018-06-10,2080,520,1744,944,332
2018-06-11,2054,543,1746,972,351
2018-06-12,2038,568,1782,967,343
2018-06-13,2121,553,1795,957,373
2018-06-14,2194,542,1700,974,347
2018-06-15,2236,519,1643,1042,356
2018-06-16,2184,529,1828,1023,318
2018-06-17,2220,547,1833,1066,324
2018-06-18,2230,564,1748,1028,318
2018-06-19,2163,550,1756,1025,301
2018-06-20,2099,552,1840,1053,308
2018-06-21,2173,538,1809,1000,319
2018-06-22,2155,583,1780,950,317
2018-06-23,2279,552,1786,1032,351
2018-06-24,2155,549,1765,974,371
2018-06-25,2056,529,1737,996,324
2018-06-26,2102,532,1779,1042,300
2018-06-27,2117,523,1785,1093,309
2018-06-28,2152,565,1826,1006,273
2018-06-29,2190,514,1767,1041,289
2018-06-30,2177,500,1720,1125,291
2018-07-01,2257,519,1777,1134,270
2018-07-02,2250,497,1721,1070,308
2018-07-03,2205,537,1684,1123,277
2018-07-04,2191,494,1674,1123,295
2018-07-05,2266,473,1692,1154,300
2018-07-06,2184,461,1767,1108,303
2018-07-07,2168,497,1706,1110,262
2018-07-08,2064,495,1749,1116,346
2018-07-09,2179,498,1705,1135,329
2018-07-10,2065,544,1758,1081,328
2018-07-11,2186,564,1827,1101,286
2018-07-12,2185,573,1791,1108,321
2018-07-13,2259,551,1780,1120,313
2018-07-14,2194,533,1776,1142,304
2018-07-15,2260,520,1745,1184,358
2018-07-16,2077,511,1705,1180,365
2018-07-17,2147,555,1697,1098,341
2018-07-18,2110,541,1655,1130,302
2018-07-19,2155,560,1694,1125,327
2018-07-20,2242,581,1680,1009,369
2018-07-21,2192,565,1740,1150,342
2018-07-22,2199,552,1739,1172,319
2018-07-23,2163,556,1650,1088,317
2018-07-24,2177,538,1724,1045,355
2018-07-25,2139,534,1700,1222,322
2018-07-26,2124,506,1648,1302,282
2018-07-27,2140,480,1624,1427,257
2018-07-28,2178,511,1674,1444,243
2018-07-29,2144,538,1617,1410,259
2018-07-30,2209,470,1589,1389,249
2018-07-31,2148,503,1624,1359,257
2018-08-01,2237,533,1749,1153,271
2018-08-02,2127,557,1674,1201,284
2018-08-03,2202,542,1705,1168,337
2018-08-04,2162,557,1707,1231,289
2018-08-05,2139,552,1710,1218,309
2018-08-06,2232,578,1647,1190,289
2018-08-07,2123,545,1677,1258,286
2018-08-08,2263,571,1715,1087,321
2018-08-09,2176,540,1644,1147,374
2018-08-10,2173,549,1717,1129,412
2018-08-11,2029,552,1719,1178,379
2018-08-12,2032,555,1675,1205,410
2018-08-13,2173,548,1618,1145,406
2018-08-14,2193,505,1658,1164,452
2018-08-15,2178,537,1611,1144,463
2018-08-16,2192,527,1654,1130,411
2018-08-17,2193,529,1615,1124,390
2018-08-18,2216,506,1700,1114,371
2018-08-19,2148,535,1674,1169,414
2018-08-20,2148,559,1660,1141,414
2018-08-21,2184,537,1685,1148,427
2018-08-22,2268,523,1636,1084,399
2018-08-23,2169,491,1693,1165,317
2018-08-24,2107,494,1631,1195,558
2018-08-25,2181,501,1531,1189,511
2018-08-26,2162,545,1599,1156,455
2018-08-27,2138,533,1614,1152,518
2018-08-28,2138,549,1615,1132,442
2018-08-29,2236,564,1613,1122,424
2018-08-30,2210,559,1628,1088,432
2018-08-31,2183,564,1571,1197,383
2018-09-01,2250,574,1633,1067,375
2018-09-02,2211,561,1659,1167,401
2018-09-03,2223,556,1558,1197,395
2018-09-04,2210,553,1636,1168,402
2018-09-05,2195,545,1685,1141,413
2018-09-06,2221,551,1647,1175,411
2018-09-07,2220,512,1628,1150,404
2018-09-08,2106,580,1631,1146,440
2018-09-09,2168,557,1585,1170,441
2018-09-10,2224,592,1645,1202,396
2018-09-11,2170,569,1681,1148,421
2018-09-12,2176,546,1670,1188,453
2018-09-13,2247,548,1658,1187,451
2018-09-14,2219,527,1652,1129,491
2018-09-15,2216,580,1665,1151,459
2018-09-16,2225,603,1644,1143,429
2018-09-17,2235,611,1684,1135,430
2018-09-18,2212,569,1631,1170,460
2018-09-19,2284,542,1700,1107,421
2018-09-20,2280,556,1659,1072,434
2018-09-21,2335,599,1706,1021,413
2018-09-22,2195,529,1627,1084,586
2018-09-23,2190,483,1558,1245,678
2018-09-24,2213,449,1505,1178,733
2018-09-25,2180,461,1551,1176,747
2018-09-26,2224,461,1546,1167,708
2018-09-27,2215,480,1545,1239,606
2018-09-28,2139,486,1611,1413,400
2018-09-29,2194,474,1608,1525,356
2018-09-30,2209,435,1623,1466,323
2018-10-01,2203,489,1569,1534,315
2018-10-02,2194,502,1584,1520,350
2018-10-03,2222,459,1557,1552,314
2018-10-04,2145,445,1642,1622,312
2018-10-05,2229,444,1583,1596,296
2018-10-06,2236,497,1615,1509,337
2018-10-07,2249,468,1565,1605,336
2018-10-08,2135,506,1657,1606,292
2018-10-09,2112,454,1635,1574,379
2018-10-10,2086,447,1624,1646,366
2018-10-11,2142,436,1594,1658,356
2018-10-12,2175,409,1538,1596,374
2018-10-13,2210,449,1575,1632,320
2018-10-14,2151,491,1588,1594,331
2018-10-15,2072,446,1623,1623,347
2018-10-16,2100,457,1603,1610,354
2018-10-17,2139,461,1583,1608,363
2018-10-18,2151,449,1573,1598,339
2018-10-19,2124,446,1569,1590,326
2018-10-20,2159,463,1631,1537,384
2018-10-21,2190,433,1570,1596,325
2018-10-22,2118,451,1558,1612,379
2018-10-23,2056,436,1595,1679,336
2018-10-24,2161,446,1585,1638,322
2018-10-25,2097,487,1653,1570,312
2018-10-26,2172,450,1605,1573,322
2018-10-27,2097,417,1582,1658,347
2018-10-28,2121,478,1564,1572,364
2018-10-29,2079,469,1576,1655,343
2018-10-30,2106,452,1572,1626,356
2018-10-31,2037,449,1570,1657,373
2018-11-01,2068,479,1557,1618,312
2018-11-02,2177,451,1533,1593,330
2018-11-03,2184,475,1566,1655,344
2018-11-04,2137,486,1580,1681,362
2018-11-05,2105,472,1525,1667,342
2018-11-06,2036,449,1539,1647,358
2018-11-07,2142,473,1536,1690,311
2018-11-08,2053,464,1633,1568,355
2018-11-09,2173,493,1550,1599,318
2018-11-10,2158,473,1589,1566,349
2018-11-11,2156,485,1490,1564,393
2018-11-12,2165,494,1542,1602,394
2018-11-13,2060,498,1566,1561,363
2018-11-14,2118,460,1568,1582,339
2018-11-15,2229,474,1575,1596,287
2018-11-16,2151,480,1557,1570,347
2018-11-17,2177,462,1596,1551,333
2018-11-18,2136,488,1581,1584,333
2018-11-19,2228,447,1482,1556,323
2018-11-20,2171,459,1509,1626,299
2018-11-21,2176,462,1520,1518,356
2018-11-22,2271,482,1503,1578,317
2018-11-23,2154,461,1519,1602,357
2018-11-24,2276,459,1513,1573,347
2018-11-25,2237,471,1489,1622,330
2018-11-26,2260,493,1430,1509,317
2018-11-27,2314,498,1567,1310,301
2018-11-28,2436,495,1537,1257,355
2018-11-29,2370,509,1553,1269,342
2018-11-30,2328,486,1560,1434,320
2018-12-01,2374,507,1475,1297,337
2018-12-02,2416,490,1520,1364,287
2018-12-03,2357,499,1513,1344,322
2018-12-04,2406,520,1401,1317,342
2018-12-05,2448,518,1444,1306,352
2018-12-06,2442,529,1402,1333,327
2018-12-07,2537,504,1385,1297,285
2018-12-08,2490,497,1465,1325,281
2018-12-09,2557,510,1437,1334,291
2018-12-10,2588,513,1364,1318,286
2018-12-11,2530,526,1382,1301,273
2018-12-12,2491,511,1461,1341,273
2018-12-13,2545,539,1424,1339,272
2018-12-14,2529,490,1349,1393,271
2018-12-15,2578,482,1348,1348,295
2018-12-16,2562,532,1263,1355,285
2018-12-17,2541,477,1312,1252,310
2018-12-18,2457,533,1342,1239,287
2018-12-19,2511,522,1336,1174,288
2018-12-20,2440,521,1338,1291,296
2018-12-21,2425,523,1306,1279,300
2018-12-22,2529,483,1292,1295,299
2018-12-23,2523,489,1362,1256,272
2018-12-24,2443,519,1296,1417,286
2018-12-25,2400,451,1321,1560,243
2018-12-26,2381,458,1214,1564,255
2018-12-27,2326,454,1232,1642,257
2018-12-28,2394,477,1257,1549,241
2018-12-29,2375,460,1355,1643,184
2018-12-30,2359,474,1264,1587,198
2018-12-31,2413,436,1230,1635,171
2019-01-01,2431,465,1244,1620,152
2019-01-02,2321,497,1176,1589,220
2019-01-03,2268,454,1190,1481,181
2019-01-04,2213,442,1210,1502,172
2019-01-05,2257,426,1240,1522,202
2019-01-06,2185,433,1212,1530,186
2019-01-07,2263,410,1244,1500,184
2019-01-08,2255,467,1264,1432,208
2019-01-09,2248,464,1206,1415,215
2019-01-10,2226,455,1184,1496,225
2019-01-11,2203,456,1173,1524,230
2019-01-12,2247,421,1239,1449,246
2019-01-13,2144,432,1252,1535,224
2019-01-14,2203,451,1241,1503,260
2019-01-15,2204,414,1196,1472,250
2019-01-16,2270,436,1179,1435,238
2019-01-17,2261,447,1228,1412,257
2019-01-18,2258,457,1260,1403,252
2019-01-19,2277,445,1216,1441,287
2019-01-20,2053,447,1196,1415,283
2019-01-21,1960,411,1114,1337,276
2019-01-22,1930,400,1068,1325,260
2019-01-23,2025,398,1077,1380,222
2019-01-24,2004,416,1092,1343,225
2019-01-25,2031,407,1050,1320,278
2019-01-26,1993,438,1052,1305,240
2019-01-27,2125,414,1037,1163,265
2019-01-28,2250,431,961,971,271
2019-01-29,2160,405,1062,938,315
2019-01-30,2179,424,1113,958,264
2019-01-31,2129,431,1089,939,316
2019-02-01,2177,430,1059,927,243
2019-02-02,2215,456,1104,939,243
2019-02-03,2152,408,1093,948,276
2019-02-04,2194,461,1051,935,265
2019-02-05,2162,407,1132,991,253
2019-02-06,2232,443,1005,935,245
2019-02-07,2223,422,1097,942,235
2019-02-08,2169,407,1080,956,256
2019-02-09,2086,426,1089,964,265
2019-02-10,1836,364,877,856,237
2019-02-11,1894,367,937,834,229
2019-02-12,1873,370,905,823,223
2019-02-13,1810,372,877,918,213
2019-02-14,1819,334,945,828,212
2019-02-15,1843,360,913,832,243
2019-02-16,1825,376,957,820,222
2019-02-17,1805,353,911,894,220
2019-02-18,1835,360,983,855,202
2019-02-19,1756,336,915,1101,167
2019-02-20,1727,361,920,1085,153
2019-02-21,1829,324,934,1042,123
2019-02-22,1782,354,903,1094,136
2019-02-23,1740,360,946,1058,128
2019-02-24,1790,352,964,1088,154
2019-02-25,1713,350,916,1113,137
2019-02-26,1724,322,902,1118,158
2019-02-27,1831,307,923,1118,141
2019-02-28,1957,412,1056,1259,147
2019-03-01,2561,495,1388,1600,205
2019-03-02,2516,513,1385,1758,183
2019-03-03,2689,498,1349,1678,188
2019-03-04,2697,474,1372,1722,163
2019-03-05,2596,490,1431,1653,192
2019-03-06,2595,479,1471,1722,181
2019-03-07,2599,470,1403,1763,204
2019-03-08,2580,474,1438,1736,171
2019-03-09,2608,470,1412,1777,153
2019-03-10,2513,472,1325,1732,125
2019-03-11,2691,476,1385,1763,126
2019-03-12,2643,490,1365,1759,143
2019-03-13,2626,509,1370,1778,150
2019-03-14,2657,490,1361,1774,172
2019-03-15,2597,498,1332,1817,173
2019-03-16,2723,468,1379,1735,170
2019-03-17,2666,483,1335,1786,139
2019-03-18,2634,481,1301,1804,145
2019-03-19,2619,474,1314,1874,184
2019-03-20,2605,491,1330,1853,153
2019-03-21,2575,491,1368,1812,136
2019-03-22,2570,486,1328,1864,157
2019-03-23,2552,472,1372,1904,128
2019-03-24,2535,523,1379,1894,139
2019-03-25,2587,493,1454,1766,115
2019-03-26,2592,457,1394,1711,146
2019-03-27,2555,438,1445,1850,139
2019-03-28,2566,499,1405,1813,137
2019-03-29,2565,477,1421,1723,162
2019-03-30,2715,499,1451,1566,155
2019-03-31,2590,462,1432,1793,172
2019-04-01,2576,459,1363,1779,183
2019-04-02,2543,507,1359,1786,204
2019-04-03,2527,465,1325,1800,226
2019-04-04,2560,466,1393,1749,211
2019-04-05,2544,449,1379,1932,204
2019-04-06,2521,454,1452,1838,193
2019-04-07,2525,460,1385,1833,243
2019-04-08,2523,480,1357,1863,199
2019-04-09,2507,439,1403,1862,194
2019-04-10,2547,448,1400,1849,217
2019-04-11,2494,477,1358,1844,189
2019-04-12,2526,474,1355,1946,182
2019-04-13,2551,459,1303,1904,232
2019-04-14,2443,454,1413,1918,237
2019-04-15,2418,468,1409,1807,260
2019-04-16,2467,511,1371,1837,233
2019-04-17,2439,460,1388,1862,275
2019-04-18,2453,441,1349,1898,260
2019-04-19,2451,486,1407,1902,235
2019-04-20,2503,455,1318,1833,219
2019-04-21,2397,468,1343,2022,236
2019-04-22,2463,453,1367,1874,225
2019-04-23,2437,454,1385,1902,199
2019-04-24,2555,454,1388,1781,229
2019-04-25,2466,453,1379,1869,227
2019-04-26,2448,477,1358,1958,250
2019-04-27,2402,430,1457,1920,248
2019-04-28,2445,539,1397,1866,207
2019-04-29,2397,479,1317,2017,216
2019-04-30,2260,548,1374,2016,206
2019-05-01,2353,515,1356,1996,200
2019-05-02,2329,469,1402,2075,183
2019-05-03,2275,457,1373,2091,212
2019-05-04,2373,508,1310,2046,170
2019-05-05,2309,435,1343,2077,187
2019-05-06,2407,448,1377,2018,213
2019-05-07,2361,456,1296,1953,249
2019-05-08,2436,433,1354,1991,192
2019-05-09,2334,471,1389,1932,210
2019-05-10,2404,440,1324,2090,201
2019-05-11,2365,461,1317,2094,215
2019-05-12,2272,462,1341,2110,201
2019-05-13,2364,463,1312,2095,193
2019-05-14,2414,458,1326,1978,273
2019-05-15,2308,419,1314,2087,268
2019-05-16,2356,520,1173,2108,236
2019-05-17,2317,516,1207,2195,215
2019-05-18,2328,451,1231,2088,230
2019-05-19,2345,444,1211,2185,198
2019-05-20,2276,427,1335,2082,236
2019-05-21,2360,439,1267,2116,215
2019-05-22,2278,444,1342,2029,272
2019-05-23,2435,441,1318,1940,239
2019-05-24,2464,445,1302,1897,298
2019-05-25,2524,451,1321,1894,282
2019-05-26,2413,452,1392,1931,257
2019-05-27,2401,423,1279,1964,282
2019-05-28,2517,453,1341,1971,152
2019-05-29,2424,494,1335,2086,125
2019-05-30,2398,497,1335,2007,144
2019-05-31,2467,472,1293,2022,136
2019-06-01,2408,488,1394,1998,140
2019-06-02,2407,478,1349,1963,128
2019-06-03,2463,477,1358,1956,119
2019-06-04,2455,529,1307,1964,104
2019-06-05,2518,515,1351,1921,121
2019-06-06,2410,470,1397,2048,97
2019-06-07,2406,484,1387,1929,114
2019-06-08,2392,484,1448,1993,102
2019-06-09,2433,472,1352,2059,97
2019-06-10,2371,511,1407,1948,98
2019-06-11,2535,478,1400,1898,93
2019-06-12,2451,531,1433,1889,91
2019-06-13,2475,485,1442,1928,117
2019-06-14,2381,501,1479,1919,92
2019-06-15,2468,455,1423,1880,99
2019-06-16,2483,489,1466,1951,92
2019-06-17,2385,473,1449,1925,102
2019-06-18,2430,601,1304,2001,93
2019-06-19,2396,523,1386,1933,110
2019-06-20,2408,518,1434,1946,103
2019-06-21,2386,539,1411,1912,99
2019-06-22,2467,516,1509,1898,86
2019-06-23,2460,511,1396,1940,93
2019-06-24,2430,485,1378,2010,92
2019-06-25,2400,524,1459,2067,85
2019-06-26,2282,465,1384,2084,130
2019-06-27,2319,463,1393,2054,124
2019-06-28,2376,490,1346,2138,88
2019-06-29,2319,508,1393,2099,99
2019-06-30,2387,479,1418,2063,94
2019-07-01,2325,492,1414,2111,99
2019-07-02,2305,462,1357,2126,102
2019-07-03,2243,494,1389,2186,102
2019-07-04,2348,488,1359,2155,104
2019-07-05,2311,450,1422,2127,96
2019-07-06,2343,505,1359,2120,124
2019-07-07,2403,470,1398,2088,106
2019-07-08,2383,471,1420,2047,114
2019-07-09,2354,501,1422,2073,90
2019-07-10,2399,476,1418,2048,127
2019-07-11,2345,473,1396,1996,136
2019-07-12,2482,465,1338,2002,94
2019-07-13,2420,482,1412,2073,115
2019-07-14,2418,456,1342,2080,99
2019-07-15,2333,486,1356,2039,114
2019-07-16,2361,517,1403,1992,119
2019-07-17,2341,519,1376,1997,108
2019-07-18,2358,535,1364,2095,126
2019-07-19,2329,510,1402,2095,91
2019-07-20,2332,560,1450,2039,107
2019-07-21,2434,563,1416,1938,94
2019-07-22,2344,525,1444,2023,111
2019-07-23,2409,612,1295,2038,96
2019-07-24,2264,561,1378,2153,90
2019-07-25,2288,572,1364,2038,80
2019-07-26,2306,552,1455,2037,105
2019-07-27,2323,557,1438,2057,107
2019-07-28,2342,517,1462,2003,112
2019-07-29,2297,510,1430,2080,84
2019-07-30,2309,547,1439,2076,114
2019-07-31,2373,569,1443,1935,89
2019-08-01,2364,550,1457,1931,111
2019-08-02,2322,532,1480,2008,91
2019-08-03,2310,584,1463,2087,70
2019-08-04,2302,527,1445,2107,95
2019-08-05,2372,548,1389,2037,72
2019-08-06,2361,532,1472,1943,93
2019-08-07,2281,543,1392,2155,98
2019-08-08,2260,520,1348,2193,125
2019-08-09,2207,551,1398,2219,79
2019-08-10,2298,510,1371,2166,86
2019-08-11,2192,507,1413,2233,85
2019-08-12,2257,571,1500,2067,70
2019-08-13,2297,480,1393,2159,117
2019-08-14,2324,521,1443,2108,79
2019-08-15,2316,486,1352,2146,73
2019-08-16,2205,518,1386,2271,71
2019-08-17,2186,531,1408,2243,75
2019-08-18,2309,507,1414,2140,63
2019-08-19,2201,538,1409,2226,69
2019-08-20,2276,523,1372,2197,77
2019-08-21,2251,490,1353,2218,84
2019-08-22,2238,519,1338,2260,67
2019-08-23,2236,508,1375,2273,82
2019-08-24,2286,498,1227,2262,79
2019-08-25,2225,485,1435,2299,70
2019-08-26,2237,470,1400,2148,77
2019-08-27,2245,521,1357,2275,88
2019-08-28,2183,510,1355,2284,79
2019-08-29,2154,506,1359,2355,96
2019-08-30,2184,508,1346,2276,79
2019-08-31,2194,516,1361,2296,102
2019-09-01,2232,491,1365,2197,94
2019-09-02,2127,536,1336,2323,105
2019-09-03,2139,528,1370,2278,96
2019-09-04,2080,533,1416,2337,79
2019-09-05,2105,513,1279,2336,107
2019-09-06,2170,555,1285,2382,95
2019-09-07,2123,556,1297,2316,88
2019-09-08,2118,552,1280,2325,113
2019-09-09,2153,539,1399,2262,102
2019-09-10,2177,527,1358,2230,107
2019-09-11,2084,485,1369,2334,102
2019-09-12,2029,460,1296,2538,118
2019-09-13,2106,427,1314,2405,105
2019-09-14,2051,480,1325,2472,98
2019-09-15,2042,463,1279,2528,91
2019-09-16,2107,461,1314,2473,102
2019-09-17,2043,509,1283,2476,126
2019-09-18,2004,489,1309,2470,116
2019-09-19,2014,460,1308,2431,137
2019-09-20,2038,495,1281,2506,116
2019-09-21,2033,486,1281,2474,126
2019-09-22,2046,517,1262,2490,138
2019-09-23,1983,478,1295,2453,121
2019-09-24,2048,491,1273,2426,139
2019-09-25,2056,497,1390,2313,116
2019-09-26,2003,498,1384,2337,125
2019-09-27,2013,484,1418,2408,120
2019-09-28,2010,509,1347,2388,120
2019-09-29,2047,469,1400,2384,139
2019-09-30,2055,456,1400,2321,136
2019-10-01,2033,418,1397,2402,105
2019-10-02,2196,445,1445,2240,104
2019-10-03,2067,458,1397,2338,129
2019-10-04,2060,460,1468,2267,127
2019-10-05,2038,510,1486,2312,149
2019-10-06,2110,512,1438,2249,131
2019-10-07,2040,500,1441,2255,125
2019-10-08,2055,485,1402,2240,127
2019-10-09,2055,514,1443,2249,115
2019-10-10,2087,490,1462,2216,117
2019-10-11,2089,452,1489,2212,112
2019-10-12,2136,449,1427,2239,126
2019-10-13,2078,468,1429,2217,158
2019-10-14,2101,468,1395,2261,156
2019-10-15,2019,462,1419,2279,156
2019-10-16,2014,475,1464,2290,142
2019-10-17,2011,446,1384,2276,164
2019-10-18,2063,448,1434,2305,169
2019-10-19,2076,423,1351,2266,189
2019-10-20,2043,421,1430,2272,195
2019-10-21,2093,430,1433,2179,193
2019-10-22,2091,433,1448,2270,177
2019-10-23,2079,442,1425,2178,177
2019-10-24,2041,450,1376,2154,187
2019-10-25,1999,446,1412,2123,193
2019-10-26,2115,480,1445,2058,168
2019-10-27,1960,456,1414,2124,214
2019-10-28,2055,495,1376,2145,192
2019-10-29,2021,501,1320,2217,186
2019-10-30,2005,460,1354,2133,233
2019-10-31,2048,441,1360,2129,250
2019-11-01,1984,426,1314,2270,226
2019-11-02,1912,462,1396,2249,207
2019-11-03,2083,443,1369,2373,215
2019-11-04,2004,432,1298,2256,209
2019-11-05,2101,474,1291,2224,202
2019-11-06,2080,432,1264,2207,216
2019-11-07,1999,418,1299,2244,193
2019-11-08,2025,439,1282,2195,187
2019-11-09,2084,412,1284,2184,191
2019-11-10,1945,416,1244,2126,197
2019-11-11,1922,447,1266,2168,195
2019-11-12,1966,460,1308,2098,199
2019-11-13,1997,421,1283,2137,185
2019-11-14,1981,425,1269,2128,208
2019-11-15,1904,423,1220,2215,208
2019-11-16,1901,410,1286,2279,172
2019-11-17,1856,402,1294,2276,203
2019-11-18,1899,404,1266,2163,177
2019-11-19,1956,423,1311,2052,184
2019-11-20,1952,394,1296,2212,198
2019-11-21,1905,425,1282,2224,178
2019-11-22,1907,391,1288,2196,220
2019-11-23,1896,409,1326,2205,225
2019-11-24,1892,420,1272,2233,218
2019-11-25,1756,393,1184,2191,204
2019-11-26,1684,355,1155,2274,190
2019-11-27,1757,388,1134,2181,187
2019-11-28,1683,383,1176,2205,210
2019-11-29,1755,381,1174,2123,203
2019-11-30,1799,392,1197,2095,192
2019-12-01,1759,348,1168,2134,205
2019-12-02,1715,378,1173,2095,250
2019-12-03,1762,346,1168,2174,207
2019-12-04,1787,378,1204,2057,195
2019-12-05,1804,344,1131,2119,184
2019-12-06,1857,362,1199,2072,178
2019-12-07,1642,375,1247,2137,223
2019-12-08,1655,383,1184,2167,216
2019-12-09,1739,385,1170,2157,225
2019-12-10,1836,376,1147,2112,202
2019-12-11,1757,345,1122,2157,224
2019-12-12,1744,351,1134,2227,246
2019-12-13,1704,330,1096,2024,185
2019-12-14,1670,319,1019,1931,201
2019-12-15,1663,310,1012,1899,217
2019-12-16,1635,336,1056,1846,183
2019-12-17,1638,370,1059,1731,200
2019-12-18,1621,360,1034,1868,194
2019-12-19,1660,391,1047,1676,191
2019-12-20,1709,354,1020,1726,221
2019-12-21,1702,391,1016,1717,181
2019-12-22,1699,377,1026,1759,183
2019-12-23,1739,371,1039,1664,179
2019-12-24,1739,360,1009,1723,192
2019-12-25,1714,356,1065,1669,208
2019-12-26,1710,377,1066,1696,193
2019-12-27,1641,369,1011,1774,243
2019-12-28,1710,371,1037,1706,224
2019-12-29,1660,388,1018,1698,232
2019-12-30,1607,407,1028,1772,192
2019-12-31,1615,384,1014,1760,191
2020-01-01,1632,396,978,1812,200
2020-01-02,1967,492,1151,2246,291
2020-01-03,2072,461,1208,2550,293
2020-01-04,2029,532,1216,2503,267
2020-01-05,2034,529,1209,2423,340
2020-01-06,2020,537,1141,2538,312
2020-01-07,2119,515,1184,2477,278
2020-01-08,2204,491,1174,2341,218
2020-01-09,2153,495,1232,2442,238
2020-01-10,2095,503,1220,2488,269
2020-01-11,2137,497,1225,2441,238
2020-01-12,2076,490,1215,2450,250
2020-01-13,2139,454,1231,2438,269
2020-01-14,2044,461,1247,2508,304
2020-01-15,2087,480,1175,2498,252
2020-01-16,2022,487,1196,2584,236
2020-01-17,2021,507,1258,2491,238
2020-01-18,2113,500,1226,2403,263
2020-01-19,2045,508,1186,2472,361
2020-01-20,2032,504,1232,2430,330
2020-01-21,2046,486,1203,2480,297
2020-01-22,1998,493,1258,2446,342
2020-01-23,2032,482,1225,2514,330
2020-01-24,2033,500,1203,2453,287
2020-01-25,2038,454,1260,2402,356
2020-01-26,1979,467,1237,2531,328
2020-01-27,1997,502,1207,2505,302
2020-01-28,2053,469,1176,2491,305
2020-01-29,2019,506,1204,2524,279
2020-01-30,1987,491,1203,2581,244
2020-01-31,2038,467,1288,2421,269
2020-02-01,2036,477,1279,2472,252
2020-02-02,2030,462,1226,2524,269
2020-02-03,2059,504,1193,2510,269
2020-02-04,2080,471,1219,2457,278
2020-02-05,2029,456,1300,2437,272
2020-02-06,2090,474,1269,2387,263
2020-02-07,2046,470,1321,2373,288
2020-02-08,2059,485,1225,2468,259
2020-02-09,2094,465,1252,2425,256
2020-02-10,2067,516,1258,2453,304
2020-02-11,2018,454,1272,2509,269
2020-02-12,2037,486,1275,2422,259
2020-02-13,2115,447,1227,2450,256
2020-02-14,2093,495,1224,2413,244
2020-02-15,2077,492,1233,2374,287
2020-02-16,2046,537,1235,2444,288
2020-02-17,2117,516,1195,2371,257
2020-02-18,2138,559,1154,2451,245
2020-02-19,2097,573,1203,2346,251
2020-02-20,2050,588,1279,2315,242
2020-02-21,2050,575,1251,2415,264
2020-02-22,2097,544,1227,2297,288
2020-02-23,2078,548,1265,2396,278
2020-02-24,2030,504,1246,2401,273
2020-02-25,2099,540,1228,2314,286
2020-02-26,2069,550,1258,2455,275
2020-02-27,2033,545,1225,2322,275
2020-02-28,2134,522,1224,2378,273
2020-02-29,2166,541,1249,2297,289
2020-03-01,2150,524,1219,2315,260
2020-03-02,2080,524,1249,2421,280
2020-03-03,2053,522,1254,2400,296
2020-03-04,2073,528,1291,2355,274
2020-03-05,2039,492,1213,2458,236
2020-03-06,2120,485,1280,2351,319
2020-03-07,2130,476,1252,2393,309
2020-03-08,1992,470,1214,2224,313
2020-03-09,2119,459,1191,2422,284
2020-03-10,2046,512,1190,2437,294
2020-03-11,2083,473,1182,2473,335
2020-03-12,2026,472,1202,2389,331
2020-03-13,2032,485,1107,2478,254
2020-03-14,2029,514,1129,2520,299
2020-03-15,2037,497,1184,2529,285
2020-03-16,1988,510,1153,2495,309
2020-03-17,2079,500,1195,2493,317
2020-03-18,2065,491,1229,2455,281
2020-03-19,1960,489,1210,2502,283
2020-03-20,2051,476,1140,2508,280
2020-03-21,2075,482,1011,2518,258
2020-03-22,2012,505,1014,2529,283
2020-03-23,2065,485,1018,2629,300
2020-03-24,1947,488,1006,2514,333
2020-03-25,2067,492,1016,2494,353
2020-03-26,2080,486,1161,2505,310
2020-03-27,2004,472,1101,2582,347
2020-03-28,1964,446,1147,2630,353
2020-03-29,2008,487,1109,2596,339
2020-03-30,1999,444,1166,2512,369
2020-03-31,1976,477,1171,2526,299
2020-04-01,2036,473,1146,2632,313
2020-04-02,2043,469,1145,2488,297
2020-04-03,2028,436,1128,2586,290
2020-04-04,2020,477,1236,2543,266
2020-04-05,1986,453,1158,2610,296
2020-04-06,2027,425,1102,2578,319
2020-04-07,1997,456,1209,2542,313
2020-04-08,2043,464,1211,2510,321
2020-04-09,2006,485,1189,2495,292
2020-04-10,1935,441,1250,2513,284
2020-04-11,2041,476,1197,2522,332
2020-04-12,2070,493,1170,2543,230
2020-04-13,2033,474,1198,2487,307
2020-04-14,1961,495,1243,2489,323
2020-04-15,1920,487,1197,2546,305
2020-04-16,1962,516,1197,2440,344
2020-04-17,2030,502,1203,2442,337
2020-04-18,1862,493,1181,2481,338
2020-04-19,1982,499,1229,2424,373
2020-04-20,2023,512,1210,2400,332
2020-04-21,1999,558,1240,2358,331
2020-04-22,2005,561,1224,2426,307
2020-04-23,1958,539,1188,2423,313
2020-04-24,2102,491,1176,2342,318
2020-04-25,2014,512,1218,2434,310
2020-04-26,1924,505,1205,2409,354
2020-04-27,2018,500,1197,2338,371
2020-04-28,2025,524,1219,2274,449
2020-04-29,2045,515,1265,2301,385
2020-04-30,1985,484,1206,2324,373
2020-05-01,1912,446,1238,2429,414
2020-05-02,1890,466,1217,2390,417
2020-05-03,1980,466,1250,2423,428
2020-05-04,1912,510,1176,2493,434
2020-05-05,1922,489,1162,2514,383
2020-05-06,1864,482,1210,2444,413
2020-05-07,1950,509,1198,2371,391
2020-05-08,1948,490,1214,2457,410
2020-05-09,1966,427,1182,2382,453
2020-05-10,1958,472,1273,2375,409
2020-05-11,1913,523,1114,2485,400
2020-05-12,1920,497,1118,2488,419
2020-05-13,1953,466,1192,2379,467
2020-05-14,1945,496,1223,2408,409
2020-05-15,1856,527,1179,2342,488
2020-05-16,1922,488,1183,2375,406
2020-05-17,1965,528,1218,2377,379
2020-05-18,1999,485,1148,2340,420
2020-05-19,1995,524,1201,2295,419
2020-05-20,1968,495,1255,2314,395
2020-05-21,2018,454,1222,2391,377
2020-05-22,2021,491,1195,2340,357
2020-05-23,1933,490,1210,2375,398
2020-05-24,1966,527,1142,2418,398
2020-05-25,1892,527,1227,2331,387
2020-05-26,1950,599,1181,2386,386
2020-05-27,1877,512,1151,2436,412
2020-05-28,1946,553,1210,2416,350
2020-05-29,1938,525,1151,2495,333
2020-05-30,1839,575,1167,2482,377
2020-05-31,1877,544,1192,2407,373
2020-06-01,1914,519,1144,2423,394
2020-06-02,1795,594,1179,2506,414
2020-06-03,1785,601,1247,2412,400
2020-06-04,1885,541,1157,2480,389
2020-06-05,1870,526,1118,2477,424
2020-06-06,1907,578,1171,2486,398
2020-06-07,1877,532,1095,2503,406
2020-06-08,1872,526,1143,2484,390
2020-06-09,1838,537,1170,2536,328
2020-06-10,1839,578,1152,2537,362
2020-06-11,1859,574,1179,2492,345
2020-06-12,1773,567,1189,2581,354
2020-06-13,1906,639,1153,2511,359
2020-06-14,1876,558,1174,2480,343
2020-06-15,1835,651,1149,2580,287
2020-06-16,1819,589,1193,2491,307
2020-06-17,1943,536,1209,2469,331
2020-06-18,1820,579,1211,2514,315
2020-06-19,1858,598,1191,2517,335
2020-06-20,1772,580,1225,2528,336
2020-06-21,1800,577,1247,2545,294
2020-06-22,1865,540,1265,2484,329
2020-06-23,1838,557,1189,2460,375
2020-06-24,1796,680,1177,2438,347
2020-06-25,1844,660,1239,2480,295
2020-06-26,1848,628,1247,2452,287
2020-06-27,1777,659,1227,2355,334
2020-06-28,1900,636,1221,2446,321
2020-06-29,1833,632,1189,2410,326
2020-06-30,1846,627,1149,2492,267
2020-07-01,1911,649,1214,2404,286
2020-07-02,1897,636,1282,2374,315
2020-07-03,1924,600,1194,2452,285
2020-07-04,1821,656,1228,2492,283
2020-07-05,1871,627,1237,2410,329
2020-07-06,1834,632,1230,2406,283
2020-07-07,1884,627,1230,2524,316
2020-07-08,1941,611,1268,2374,256
2020-07-09,1876,620,1186,2456,294
2020-07-10,1810,584,1227,2533,314
2020-07-11,1865,644,1282,2402,294
2020-07-12,1845,642,1210,2496,286
2020-07-13,1887,641,1188,2483,290
2020-07-14,1841,592,1206,2483,297
2020-07-15,1797,622,1198,2569,305
2020-07-16,1783,627,1178,2446,317
2020-07-17,1850,627,1147,2567,317
2020-07-18,1876,680,1171,2453,314
2020-07-19,1816,658,1185,2487,324
2020-07-20,1802,614,1124,2531,312
2020-07-21,1904,610,1132,2424,323
2020-07-22,1903,632,1155,2614,269
2020-07-23,1833,652,1156,2578,231
2020-07-24,1828,663,1167,2524,244
2020-07-25,1891,687,1134,2506,235
2020-07-26,1898,657,1131,2602,214
2020-07-27,1862,678,1105,2536,267
2020-07-28,1840,776,1208,2397,215
2020-07-29,1868,775,1221,2416,229
2020-07-30,1820,807,1194,2294,224
2020-07-31,1850,731,1216,2492,214
2020-08-01,1876,770,1222,2484,199
2020-08-02,1900,801,1198,2359,204
2020-08-03,1808,753,1155,2427,305
2020-08-04,1821,836,1186,2383,265
2020-08-05,1853,803,1144,2320,276
2020-08-06,1916,784,1216,2360,277
2020-08-07,1904,759,1222,2250,297
2020-08-08,1843,787,1270,2337,318
2020-08-09,1860,759,1265,2320,270
2020-08-10,1850,719,1255,2297,332
2020-08-11,1881,749,1217,2284,330
2020-08-12,1904,720,1238,2295,362
2020-08-13,1970,734,1266,2268,295
2020-08-14,1996,713,1298,2218,279
2020-08-15,1964,724,1183,2328,272
2020-08-16,1986,739,1170,2285,271
2020-08-17,1983,737,1136,2183,348
2020-08-18,2094,763,1217,2195,341
2020-08-19,2017,700,1174,2256,329
2020-08-20,1882,742,1263,2290,352
2020-08-21,1970,790,1196,2209,322
2020-08-22,1968,777,1279,2242,244
2020-08-23,1910,726,1289,2246,314
2020-08-24,1990,735,1224,2208,349
2020-08-25,1983,768,1231,2207,322
2020-08-26,1991,702,1243,2275,328
2020-08-27,1982,760,1235,2302,265
2020-08-28,1977,755,1237,2207,324
2020-08-29,1957,772,1259,2294,289
2020-08-30,1970,769,1195,2190,308
2020-08-31,2029,705,1272,2268,325
2020-09-01,1972,754,1243,2244,350
2020-09-02,2032,739,1252,2180,326
2020-09-03,2092,695,1271,2104,365
2020-09-04,2052,707,1213,2171,342
2020-09-05,2041,736,1274,2196,339
2020-09-06,2016,782,1265,2172,318
2020-09-07,1957,788,1234,2243,274
2020-09-08,2019,696,1262,2250,330
2020-09-09,1938,736,1173,2236,350
2020-09-10,2044,704,1233,2206,383
2020-09-11,2081,726,1200,2232,346
2020-09-12,1989,737,1241,2150,342
2020-09-13,2037,730,1197,2228,353
2020-09-14,1958,733,1212,2215,339
2020-09-15,2023,750,1253,2173,360
2020-09-16,2035,691,1202,2210,386
2020-09-17,2040,718,1166,2180,368
2020-09-18,2044,751,1175,2170,359
2020-09-19,2074,712,1221,2192,338
2020-09-20,2000,721,1208,2273,335
2020-09-21,1979,739,1277,2219,394
2020-09-22,2013,739,1229,2169,356
2020-09-23,2032,725,1171,2167,376
2020-09-24,1967,725,1265,2227,353
2020-09-25,1960,670,1192,2178,390
2020-09-26,1869,662,1211,2264,376
2020-09-27,1950,687,1178,2202,386
2020-09-28,1907,729,1237,2083,421
2020-09-29,1974,719,1192,2115,383
2020-09-30,2000,701,1243,2117,358
2020-10-01,1974,693,1219,2145,412
2020-10-02,1969,681,1155,2145,376
2020-10-03,1936,705,1168,2202,401
2020-10-04,1895,648,1134,2247,423
2020-10-05,1896,706,1265,2225,389
2020-10-06,1918,671,1193,2211,421
2020-10-07,1863,733,1218,2161,367
2020-10-08,1883,727,1204,2126,370
2020-10-09,1975,714,1239,2098,415
2020-10-10,1951,698,1200,2259,358
2020-10-11,2026,794,1234,2142,388
2020-10-12,1913,723,1244,2262,397
2020-10-13,1920,726,1198,2281,379
2020-10-14,1938,709,1222,2311,380
2020-10-15,1898,723,1208,2338,367
2020-10-16,2003,734,1188,2279,339
2020-10-17,1933,785,1207,2240,301
2020-10-18,1905,783,1205,2294,333
2020-10-19,1983,786,1253,2226,334
2020-10-20,1940,696,1287,2229,342
2020-10-21,1949,700,1203,2275,350
2020-10-22,1971,747,1227,2306,309
2020-10-23,1988,726,1219,2261,326
2020-10-24,1986,767,1187,2256,334
2020-10-25,1924,791,1161,2198,342
2020-10-26,1991,770,1206,2275,325
2020-10-27,1957,774,1204,2256,330
2020-10-28,2017,712,1204,2277,337
2020-10-29,2027,752,1219,2164,343
2020-10-30,2002,769,1184,2220,311
2020-10-31,2041,717,1224,2189,332
2020-11-01,2056,734,1239,2383,349
2020-11-02,1991,747,1228,2219,369
2020-11-03,2022,744,1179,2275,259
2020-11-04,2038,764,1184,2249,261
2020-11-05,1987,767,1173,2364,318
2020-11-06,1979,717,1263,2222,342
2020-11-07,2047,725,1214,2148,339
2020-11-08,2033,709,1178,2221,360
2020-11-09,1974,726,1222,2266,377
2020-11-10,1985,746,1179,2182,376
2020-11-11,2047,721,1242,2110,398
2020-11-12,1962,965,1198,1949,461
2020-11-13,2016,770,1166,2071,437
2020-11-14,2010,768,1174,2146,481
2020-11-15,2016,758,1198,2131,417
2020-11-16,1993,729,1180,2124,453
2020-11-17,1989,739,1186,2156,450
2020-11-18,2017,760,1176,2129,393
2020-11-19,2024,739,1209,2156,441
2020-11-20,2028,664,1160,2269,395
2020-11-21,2130,703,1215,2043,436
2020-11-22,1973,752,1181,2177,390
2020-11-23,2027,713,1190,2191,405
2020-11-24,2067,710,1232,2144,394
2020-11-25,2025,705,1155,2138,451
2020-11-26,2052,738,1217,2135,384
2020-11-27,2026,723,1197,2076,423
2020-11-28,2028,760,1249,2135,443
2020-11-29,2016,756,1186,2107,397
2020-11-30,2057,789,1153,2149,397
2020-12-01,2085,770,1172,1972,411
2020-12-02,2066,792,1232,2122,401
2020-12-03,2014,734,1197,2167,378
2020-12-04,2086,734,1185,2062,432
2020-12-05,2085,725,1151,2183,365
2020-12-06,2084,748,1159,2174,381
2020-12-07,2022,718,1171,2160,404
2020-12-08,2055,727,1160,2135,416
2020-12-09,2133,729,1139,2110,435
2020-12-10,2005,689,1164,2171,385
2020-12-11,2073,805,1171,2084,351
2020-12-12,2110,729,1196,2129,380
2020-12-13,1966,697,1134,2204,450
2020-12-14,2116,740,1113,2157,413
2020-12-15,2051,754,1072,2190,410
2020-12-16,1976,748,1091,2243,442
2020-12-17,2134,698,1115,2212,412
2020-12-18,2076,660,1125,2189,390
2020-12-19,2131,697,1113,2250,389
2020-12-20,2033,683,1105,2266,411
2020-12-21,2060,700,1180,2193,426
2020-12-22,2078,737,1196,2095,417
2020-12-23,2014,789,1166,2121,435
2020-12-24,2029,881,1120,1943,479
2020-12-25,2049,871,1090,2050,474
2020-12-26,2042,897,1145,1872,566
2020-12-27,2101,852,1137,1909,546
2020-12-28,2076,895,1144,1850,582
2020-12-29,2048,817,1103,2094,419
2020-12-30,2012,833,1130,2027,482
2020-12-31,2022,858,1122,2072,462
2021-01-01,2081,814,1185,2040,443
2021-01-02,2001,807,1157,2042,480
2021-01-03,2017,736,1197,2108,486
2021-01-04,2060,818,1149,2050,432
2021-01-05,2011,809,1204,2037,424
2021-01-06,2019,773,1198,2154,417
2021-01-07,2065,798,1228,1975,400
2021-01-08,2047,862,1235,2072,352
2021-01-09,1991,611,1178,2362,336
2021-01-10,2087,855,1223,2034,327
2021-01-11,2061,859,1198,2081,354
2021-01-12,2051,879,1149,2038,380
2021-01-13,2056,869,1255,2049,355
2021-01-14,2022,834,1206,2009,366
2021-01-15,2129,886,1183,2056,347
2021-01-16,2054,892,1194,1914,384
2021-01-17,2028,905,1213,2054,353
2021-01-18,2008,851,1227,2015,356
2021-01-19,2082,852,1192,2054,364
2021-01-20,2089,816,1196,2041,372
2021-01-21,1993,641,1231,2273,386
2021-01-22,2051,785,1250,2108,327
2021-01-23,2065,813,1234,2025,371
2021-01-24,2050,643,1281,2170,349
2021-01-25,1980,565,1210,2362,363
2021-01-26,1992,556,1265,2254,435
2021-01-27,2017,552,1224,2310,403
2021-01-28,2020,535,1230,2322,409
2021-01-29,2013,568,1214,2241,429
2021-01-30,1972,563,1253,2264,412
2021-01-31,2075,538,1229,2312,415
2021-02-01,2045,510,1220,2254,455
2021-02-02,1969,512,1261,2305,435
2021-02-03,2013,532,1186,2267,456
2021-02-04,2016,540,1227,2246,505
2021-02-05,2044,553,1224,2215,442
2021-02-06,2016,557,1214,2366,388
2021-02-07,2003,562,1218,2234,469
2021-02-08,1982,575,1230,2207,452
2021-02-09,1985,543,1190,2338,464
2021-02-10,2017,535,1219,2324,426
2021-02-11,2031,528,1218,2263,466
2021-02-12,2018,500,1227,2308,457
2021-02-13,2024,513,1163,2347,469
2021-02-14,2028,519,1218,2327,445
2021-02-15,1978,507,1262,2242,477
2021-02-16,2046,526,1220,2268,441
2021-02-17,2041,555,1213,2182,498
2021-02-18,2106,565,1245,2178,423
2021-02-19,2086,587,1194,2184,467
2021-02-20,2136,567,1233,2073,435
2021-02-21,1986,586,1202,2267,529
2021-02-22,1983,528,1185,2264,486
2021-02-23,2042,556,1246,2217,473
2021-02-24,2060,576,1194,2221,433
2021-02-25,1968,595,1182,2322,459
2021-02-26,2038,535,1271,2203,474
2021-02-27,1964,545,1280,2234,469
2021-02-28,1987,611,1225,2239,422
2021-03-01,2014,556,1219,2237,452
2021-03-02,1976,571,1211,2249,449
2021-03-03,1969,604,1186,2292,480
2021-03-04,1959,549,1220,2295,491
2021-03-05,2031,534,1245,2300,429
2021-03-06,2042,538,1226,2213,484
2021-03-07,2084,562,1217,2236,388
2021-03-08,1958,579,1197,2226,522
2021-03-09,1949,581,1248,2259,441
2021-03-10,1983,611,1156,2273,445
2021-03-11,1993,573,1174,2237,482
2021-03-12,1953,569,1226,2149,537
2021-03-13,1994,574,1222,2186,535
2021-03-14,1892,579,1188,2079,484
2021-03-15,1954,570,1188,2238,540
2021-03-16,2045,534,1197,2224,517
2021-03-17,2016,565,1191,2228,479
2021-03-18,1960,589,1159,2335,491
2021-03-19,1984,601,1182,2251,500
2021-03-20,1961,602,1135,2222,525
2021-03-21,1906,589,1177,2248,530
2021-03-22,1931,596,1177,2298,490
2021-03-23,1968,617,1278,2162,489
2021-03-24,1985,599,1207,2209,507
2021-03-25,1918,597,1122,2274,607
2021-03-26,1840,586,1247,2229,622
2021-03-27,1901,591,1226,2146,594
2021-03-28,1873,576,1231,2239,601
2021-03-29,1906,611,1204,2189,582
2021-03-30,2020,583,1236,2111,548
2021-03-31,1988,584,1183,2169,555
2021-04-01,1938,617,1203,2146,598
2021-04-02,1936,649,1257,2088,585
2021-04-03,1990,618,1220,2089,588
2021-04-04,1900,640,1193,2184,593
2021-04-05,1903,599,1228,2186,571
2021-04-06,1918,636,1215,2200,611
2021-04-07,1867,599,1188,2212,596
2021-04-08,1871,569,1220,2225,608
2021-04-09,1869,578,1237,2172,635
2021-04-10,1846,592,1163,2189,683
2021-04-11,1983,593,1190,2194,656
2021-04-12,1881,619,1186,2247,570
2021-04-13,1856,627,1191,2166,628
2021-04-14,1854,635,1195,2180,577
2021-04-15,1808,611,1173,2194,622
2021-04-16,1986,626,1286,2028,622
2021-04-17,1935,624,1224,2081,638
2021-04-18,1860,660,1190,2036,654
2021-04-19,1859,648,1223,2187,594
2021-04-20,1971,639,1213,2138,606
2021-04-21,1933,596,1230,2060,610
2021-04-22,1968,552,1229,2110,613
2021-04-23,1874,583,1230,2115,634
2021-04-24,1851,582,1238,2148,689
2021-04-25,1861,596,1197,2130,716
2021-04-26,1857,582,1231,2134,637
2021-04-27,1882,574,1238,2214,620
2021-04-28,1788,624,1199,2242,625
2021-04-29,1849,582,1235,2195,633
2021-04-30,1856,609,1193,2137,618
2021-05-01,1819,595,1242,2225,621
2021-05-02,1898,600,1271,2028,630
2021-05-03,1974,588,1271,2131,609
2021-05-04,1804,619,1245,2179,601
2021-05-05,1900,571,1185,2224,648
2021-05-06,1905,546,1235,2091,639
2021-05-07,1901,525,1254,2161,634
2021-05-08,1999,562,1291,2095,573
2021-05-09,1884,527,1258,2150,669
2021-05-10,1933,544,1223,2201,574
2021-05-11,1911,581,1275,2059,646
2021-05-12,1852,596,1186,2129,697
2021-05-13,1882,573,1213,2094,667
2021-05-14,1872,565,1222,2183,621
2021-05-15,1839,594,1277,2135,703
2021-05-16,1861,611,1223,2104,584
2021-05-17,1842,550,1255,2210,636
2021-05-18,1852,633,1292,2087,581
2021-05-19,1938,590,1579,1624,699
2021-05-20,1996,635,1612,1580,623
2021-05-21,1999,673,1639,1593,514
2021-05-22,1959,638,1636,1636,611
2021-05-23,2023,621,1623,1605,543
2021-05-24,2079,638,1588,1622,554
2021-05-25,2004,690,1542,1703,546
2021-05-26,1997,675,1576,1666,535
2021-05-27,2002,632,1579,1587,610
2021-05-28,2068,647,1617,1571,498
2021-05-29,2083,720,2217,906,525
2021-05-30,2156,709,2251,862,463
2021-05-31,2180,721,2192,906,437
2021-06-01,2221,757,2058,932,485
2021-06-02,2240,768,2147,911,443
2021-06-03,2291,739,2108,847,431
2021-06-04,2251,709,2187,899,482
2021-06-05,2212,680,2145,900,500
2021-06-06,2276,708,2169,920,449
2021-06-07,2275,720,2164,842,449
2021-06-08,2238,726,2186,912,417
2021-06-09,2190,735,2166,886,419
2021-06-10,2247,720,2199,859,482
2021-06-11,2134,748,2105,881,566
2021-06-12,2152,715,2144,824,566
2021-06-13,2185,762,2201,841,461
2021-06-14,2139,734,2216,914,508
2021-06-15,2202,750,2195,886,417
2021-06-16,2205,720,2168,887,461
2021-06-17,2142,754,2250,825,554
2021-06-18,2116,699,2129,872,539
2021-06-19,2165,735,2194,764,555
2021-06-20,2209,775,2130,774,510
2021-06-21,2198,746,2099,805,540
2021-06-22,2271,722,2059,850,503
2021-06-23,2361,760,2014,800,525
2021-06-24,2337,794,1924,840,503
2021-06-25,2330,754,1971,809,515
2021-06-26,2391,825,1903,818,515
2021-06-27,2291,805,2024,807,493
2021-06-28,2334,823,1959,823,520
2021-06-29,2273,778,1955,799,550
2021-06-30,2321,779,1947,833,535
2021-07-01,2401,765,1981,755,521
2021-07-02,2315,827,1967,741,576
2021-07-03,2254,804,2006,836,551
2021-07-04,2372,790,1911,770,574
2021-07-05,2356,795,2019,739,521
2021-07-06,2326,767,1994,813,502
2021-07-07,2360,790,1923,785,543
2021-07-08,2359,799,1970,797,523
2021-07-09,2317,859,2011,811,498
2021-07-10,2284,826,1991,737,523
2021-07-11,2288,817,2031,764,549
2021-07-12,2329,848,1979,638,523
2021-07-13,2363,840,2035,609,504
2021-07-14,2352,813,2079,652,500
2021-07-15,2524,815,1887,636,511
2021-07-16,2247,841,2113,663,512
2021-07-17,2271,811,2124,635,525
2021-07-18,2163,827,2141,665,583
2021-07-19,2282,808,2072,669,556
2021-07-20,2287,785,2081,663,585
2021-07-21,2258,810,2082,669,535
2021-07-22,2314,857,2152,637,501
2021-07-23,2183,774,2181,705,532
2021-07-24,2245,815,2183,654,539
2021-07-25,2331,824,2062,625,557
2021-07-26,2212,813,2037,618,663
2021-07-27,2145,832,2027,536,735
2021-07-28,2110,795,2036,579,744
2021-07-29,2241,823,1912,556,739
2021-07-30,2261,828,1927,543,792
2021-07-31,2180,777,1931,590,805
2021-08-01,2197,793,1962,577,829
2021-08-02,2213,770,2042,563,745
2021-08-03,2187,775,2045,578,766
2021-08-04,2145,795,2021,593,783
2021-08-05,2161,796,2082,569,815
2021-08-06,2172,802,2024,629,846
2021-08-07,2212,765,2106,607,802
2021-08-08,2157,784,2012,641,933
2021-08-09,2138,732,1998,594,998
2021-08-10,2055,771,2019,630,1030
2021-08-11,2130,763,1999,618,959
2021-08-12,2089,787,2003,589,966
2021-08-13,2146,765,1964,606,976
2021-08-14,2090,751,2011,631,1004
2021-08-15,2119,775,1953,637,1031
2021-08-16,2101,785,1984,602,1003
2021-08-17,2083,750,1994,657,1038
2021-08-18,2100,787,1981,596,974
2021-08-19,2146,774,1975,605,976
2021-08-20,2110,792,2007,624,978
2021-08-21,2146,775,1956,579,987
2021-08-22,2167,757,1885,608,1023
2021-08-23,2044,758,2035,625,1018
2021-08-24,2144,770,1963,547,1064
2021-08-25,2059,755,2018,564,1055
2021-08-26,2131,785,1977,591,1042
2021-08-27,2077,793,1980,591,937
2021-08-28,2141,728,2015,590,1025
2021-08-29,2046,804,1993,611,1039
2021-08-30,1989,737,2062,634,1065
2021-08-31,2038,703,1995,627,1056
2021-09-01,2068,786,2018,584,1031
2021-09-02,2044,786,1954,663,1038
2021-09-03,2090,739,2009,563,1047
2021-09-04,2108,721,1982,592,1128
2021-09-05,2056,749,2000,640,1017
2021-09-06,1997,762,1976,680,1033
2021-09-07,1992,786,2004,684,979
2021-09-08,2014,746,1989,677,1042
2021-09-09,2013,761,1981,611,1094
2021-09-10,2013,766,1973,656,1038
2021-09-11,2088,759,1906,644,1080
2021-09-12,2025,755,1906,659,1082
2021-09-13,2071,755,1900,653,1082
2021-09-14,2078,746,1940,651,1034
2021-09-15,2077,737,1900,658,1111
2021-09-16,2096,756,1890,652,1062
2021-09-17,2046,780,1885,674,1075
2021-09-18,2022,764,1881,692,1111
2021-09-19,2061,794,1869,681,1061
2021-09-20,2049,731,1960,639,1101
2021-09-21,2032,776,1912,649,1139
2021-09-22,2042,786,1818,664,1085
2021-09-23,2065,777,1937,654,1083
2021-09-24,2070,793,1876,673,1008
2021-09-25,2056,812,1903,678,1079
2021-09-26,2024,791,1893,688,994
2021-09-27,2053,870,1806,721,1005
2021-09-28,1953,828,1596,695,1331
2021-09-29,1992,884,1675,697,1167
2021-09-30,2171,905,1376,801,1065
2021-10-01,2233,886,1476,810,1027
2021-10-02,2140,837,1425,846,1109
2021-10-03,2148,882,1412,856,1088
2021-10-04,2164,862,1481,823,1079
2021-10-05,2213,886,1535,779,1025
2021-10-06,2221,816,1463,803,1047
2021-10-07,2112,872,1475,818,1105
2021-10-08,2128,789,1466,810,1149
2021-10-09,2210,855,1479,799,1042
2021-10-10,2204,842,1556,710,1107
2021-10-11,2130,784,1661,718,1045
2021-10-12,2235,888,1689,685,891
2021-10-13,2208,873,1632,614,967
2021-10-14,2300,890,1677,484,920
2021-10-15,2375,922,1816,322,965
2021-10-16,2427,966,1792,269,964
2021-10-17,2411,917,1807,297,953
2021-10-18,2398,897,1885,268,916
2021-10-19,2470,948,1774,279,964
2021-10-20,2404,986,1781,271,960
2021-10-21,2399,976,1779,261,981
2021-10-22,2253,984,1842,303,993
2021-10-23,2347,994,1809,285,960
2021-10-24,2340,962,1782,283,998
2021-10-25,2379,969,1781,295,988
2021-10-26,2293,1018,1832,251,1069
2021-10-27,2212,989,1709,265,1075
2021-10-28,2321,959,1736,287,1148
2021-10-29,2277,1017,1688,257,1112
2021-10-30,2304,967,1701,256,1115
2021-10-31,2265,985,1767,278,1107
2021-11-01,2302,975,1670,274,1126
2021-11-02,2253,931,1786,250,1111
2021-11-03,2219,933,1770,265,1139
2021-11-04,2194,976,1783,296,1123
2021-11-05,2216,971,1849,274,1101
2021-11-06,2231,998,1806,261,1082
2021-11-07,2346,1004,1887,287,1146
2021-11-08,2194,1032,1818,264,1082
2021-11-09,2165,935,1848,234,1107
2021-11-10,2273,941,1854,259,1087
2021-11-11,2256,943,1857,266,1122
2021-11-12,2181,914,1906,255,1102
2021-11-13,2160,965,1760,262,1096
2021-11-14,2243,961,1819,244,1134
2021-11-15,2191,926,1856,252,1065
2021-11-16,2199,957,1797,236,1117
2021-11-17,2304,917,1802,268,1074
2021-11-18,2324,877,1802,253,1121
2021-11-19,2234,894,1754,269,1068
2021-11-20,2259,925,1727,272,1064
2021-11-21,2098,846,1727,243,1011
