Date,Estimated TWh per Year,Minimum TWh per Year
2017-05-20,7.751334245,2.131205325
2017-05-21,8.480167351,2.229735422
2017-05-22,8.850686805,2.275484122
2017-05-23,9.275081988,2.227112613
2017-05-24,9.823089672,2.259307283
2017-05-25,10.075085853,2.264728383
2017-05-26,10.115191785,2.265016353
2017-05-27,10.115191785,2.337235468
2017-05-28,10.169254724,2.324489949
2017-05-29,10.378545692,2.420611678
2017-05-30,10.754442785,2.575045499
2017-05-31,11.073790719,2.620293322
2017-06-01,11.300165132,2.626109022
2017-06-02,11.485772018,2.704774783
2017-06-03,11.652671046,2.679535512
2017-06-04,11.873557031,2.797396451
2017-06-05,12.069896580,2.819195431
2017-06-06,12.289380433,2.904962235
2017-06-07,12.457953728,2.979114599
2017-06-08,12.612091577,3.053939407
2017-06-09,12.812434997,3.045974463
2017-06-10,13.180327016,3.140299729
2017-06-11,13.517039498,3.252485239
2017-06-12,13.941735015,3.264021417
2017-06-13,14.331562009,3.343921371
2017-06-14,14.585686920,3.444172561
2017-06-15,14.824765343,3.499038776
2017-06-16,15.072693141,3.552171504
2017-06-17,15.336874734,3.710890995
2017-06-18,15.549821006,3.748623227
2017-06-19,15.765239072,3.787478414
2017-06-20,15.945532322,3.854525145
2017-06-21,16.054278749,3.941545662
2017-06-22,16.151485452,3.920404035
2017-06-23,16.246626860,3.952378805
2017-06-24,16.296474561,4.025810750
2017-06-25,16.296474561,4.097769129
2017-06-26,16.296474561,4.168411208
2017-06-27,16.296474561,4.230870919
2017-06-28,16.307543350,4.330508892
2017-06-29,16.326878660,4.386876372
2017-06-30,16.326878660,4.412059266
2017-07-01,16.326878660,4.428560713
2017-07-02,16.326878660,4.470532744
2017-07-03,16.326878660,4.503891803
2017-07-04,16.326878660,4.551541854
2017-07-05,16.326878660,4.603850651
2017-07-06,16.326878660,4.685427549
2017-07-07,16.326878660,4.720315752
2017-07-08,16.326878660,4.751416039
2017-07-09,16.326878660,4.806605584
2017-07-10,16.326878660,4.843731355
2017-07-11,16.326878660,4.859572080
2017-07-12,16.326878660,4.834840314
2017-07-13,16.326878660,4.840132575
2017-07-14,16.326878660,4.833023551
2017-07-15,15.206940578,4.803703789
2017-07-16,13.591894528,4.766715986
2017-07-17,16.326878660,4.749909101
2017-07-18,16.326878660,4.729485188
2017-07-19,16.326878660,4.710512880
2017-07-20,16.326878660,4.703696298
2017-07-21,16.326878660,4.707310940
2017-07-22,16.326878660,4.690474705
2017-07-23,16.326878660,4.676305646
2017-07-24,16.326878660,4.675493444
2017-07-25,16.326878660,4.730304950
2017-07-26,16.326878660,4.744228809
2017-07-27,16.326878660,4.785168590
2017-07-28,16.326878660,4.809768098
2017-07-29,16.326878660,4.830499391
2017-07-30,16.326878660,4.853878434
2017-07-31,16.326878660,4.887976881
2017-08-01,16.326878660,4.919774491
2017-08-02,16.326878660,4.889810866
2017-08-03,16.326878660,4.838633991
2017-08-04,16.326878660,4.84
2017-08-05,16.326878660,4.852393321
2017-08-06,16.326878660,4.796543686
2017-08-07,16.326878660,4.762762796
2017-08-08,16.326878660,4.754496175
2017-08-09,16.326878660,4.731194093
2017-08-10,16.326878660,4.734000009
2017-08-11,16.326878660,4.710804649
2017-08-12,16.326878660,4.693758450
2017-08-13,16.326878660,4.670178915
2017-08-14,16.326878660,4.654739542
2017-08-15,16.326878660,4.700600937
2017-08-16,16.326878660,4.726813895
2017-08-17,16.326878660,4.75
2017-08-18,16.326878660,4.788302893
2017-08-19,16.326878660,4.870241654
2017-08-20,16.326878660,4.907628335
2017-08-21,16.326878660,4.935898541
2017-08-22,16.326878660,4.975164539
2017-08-23,16.326878660,5.007083634
2017-08-24,16.326878660,5.058159453
2017-08-25,16.326878660,5.113268467
2017-08-26,16.326878660,5.112862741
2017-08-27,16.326878660,5.087907653
2017-08-28,16.326878660,5.061299626
2017-08-29,16.326878660,5.031147041
2017-08-30,16.326878660,5.013370787
2017-08-31,16.326878660,4.979932313
2017-09-01,16.326878660,4.958155193
2017-09-02,16.326878660,4.933731895
2017-09-03,16.326878660,4.894696513
2017-09-04,16.326878660,4.859700449
2017-09-05,16.326878660,4.822876903
2017-09-06,16.326878660,4.780234108
2017-09-07,16.326878660,4.731589532
2017-09-08,16.326878660,4.753140801
2017-09-09,16.326878660,4.766265094
2017-09-10,16.326878660,4.785301022
2017-09-11,16.326878660,4.821213995
2017-09-12,16.326878660,4.847920237
2017-09-13,16.326878660,4.883728150
2017-09-14,15.702551375,4.895908541
2017-09-15,16.326878660,4.914029442
2017-09-16,16.326878660,4.939625355
2017-09-17,16.326878660,4.958438618
2017-09-18,16.326878660,4.983335339
2017-09-19,16.326878660,5.014094874
2017-09-20,16.326878660,5.038793162
2017-09-21,16.326878660,5.050993608
2017-09-22,16.326878660,5.076871281
2017-09-23,16.326878660,5.070586932
2017-09-24,16.326878660,5.010829314
2017-09-25,16.326878660,4.949051344
2017-09-26,16.326878660,4.892563485
2017-09-27,16.326878660,4.825291582
2017-09-28,16.326878660,4.771811615
2017-09-29,16.081850250,4.707192199
2017-09-30,16.326878660,4.641248469
2017-10-01,16.326878660,4.573287796
2017-10-02,16.323058493,4.500030942
2017-10-03,16.056799789,4.431361601
2017-10-04,16.071647624,4.353167849
2017-10-05,16.307708746,4.289033359
2017-10-06,16.326878660,4.262728543
2017-10-07,16.326878660,4.276002340
2017-10-08,16.326878660,4.283129579
2017-10-09,16.326878660,4.293989092
2017-10-10,16.326878660,4.321607100
2017-10-11,16.326878660,4.323231099
2017-10-12,16.326878660,4.345141633
2017-10-13,16.326878660,4.363375688
2017-10-14,16.326878660,4.387798416
2017-10-15,16.326878660,4.412675480
2017-10-16,16.326878660,4.428373308
2017-10-17,16.326878660,4.539229035
2017-10-18,16.326878660,4.925077132
2017-10-19,16.326878660,5.326147452
2017-10-20,16.326878660,5.747775741
2017-10-21,16.326878660,6.181089807
2017-10-22,16.326878660,6.581258148
2017-10-23,16.326878660,7.003932794
2017-10-24,16.326878660,7.418992390
2017-10-25,16.326878660,7.830029867
2017-10-26,16.326878660,8.245642609
2017-10-27,16.326878660,8.325123765
2017-10-28,16.326878660,8.527086170
2017-10-29,16.326878660,8.729785201
2017-10-30,16.326878660,8.293875801
2017-10-31,16.326878660,8.386274641
2017-11-01,16.326878660,8.636050410
2017-11-02,16.326878660,8.278854304
2017-11-03,16.326878660,8.180801576
2017-11-04,16.326878660,8.119017418
2017-11-05,16.326878660,8.263932667
2017-11-06,16.326878660,8.252663601
2017-11-07,16.326878660,8.128718958
2017-11-08,16.326878660,8.371883457
2017-11-09,16.326878660,8.189257037
2017-11-10,16.326878660,8.256983414
2017-11-11,16.326878660,8.340768819
2017-11-12,16.326878660,8.565165925
2017-11-13,16.326878660,8.396602984
2017-11-14,16.326878660,8.323055387
2017-11-15,16.326878660,8.231530192
2017-11-16,16.326878660,8.054330264
2017-11-17,16.326878660,8.068490116
2017-11-18,16.326878660,7.995957769
2017-11-19,16.326878660,8.103613293
2017-11-20,16.326878660,8.524565319
2017-11-21,16.326878660,8.463685150
2017-11-22,16.326878660,8.422184643
2017-11-23,16.326878660,8.740673296
2017-11-24,16.326878660,8.865297629
2017-11-25,16.326878660,8.962789247
2017-11-26,16.326878660,8.941704635
2017-11-27,16.326878660,8.856144016
2017-11-28,16.326878660,8.656364307
2017-11-29,16.326878660,8.725104268
2017-11-30,16.326878660,8.883950793
2017-12-01,16.326878660,8.806906422
2017-12-02,16.326878660,8.913629899
2017-12-03,16.326878660,8.613519902
2017-12-04,16.326878660,8.586409102
2017-12-05,16.326878660,8.283658149
2017-12-06,16.326878660,8.237759143
2017-12-07,16.326878660,8.313014224
2017-12-08,16.326878660,8.686289153
2017-12-09,16.326878660,8.646284710
2017-12-10,16.326878660,8.618181443
2017-12-11,16.326878660,8.633970358
2017-12-12,16.326878660,8.613149153
2017-12-13,16.326878660,8.793767790
2017-12-16,16.326878660,9.460688536
2017-12-17,16.326878660,9.412753842
2017-12-18,16.326878660,9.479318416
2017-12-19,16.326878660,9.263010730
2017-12-20,16.326878660,9.088324019
2017-12-21,16.326878660,9.184978796
2017-12-22,16.326878660,9.078025642
2017-12-23,16.326878660,9.393803787
2017-12-24,16.326878660,9.730976805
2017-12-25,16.326878660,9.877678087
2017-12-26,16.326878660,9.646253443
2017-12-27,16.326878660,9.467532493
2017-12-28,16.326878660,9.491567634
2017-12-29,16.326878660,9.478575180
2017-12-30,16.326878660,9.505283960
2017-12-31,16.326878660,9.556106502
2018-01-01,16.326878660,9.611465474
2018-01-02,16.326878660,9.699422627
2018-01-03,16.326878660,9.770132925
2018-01-04,16.326878660,9.696404608
2018-01-05,16.326878660,9.691868695
2018-01-06,16.396561620,9.598958323
2018-01-07,16.543354840,9.811489987
2018-01-08,16.695105147,10.065022359
2018-01-09,16.875941221,10.042986948
2018-01-10,17.044974446,9.971028024
2018-01-11,17.192552539,10.398335160
2018-01-12,17.363867680,10.397730612
2018-01-13,17.557015660,10.622536630
2018-01-14,17.744760185,10.748280973
2018-01-15,17.915281302,10.808763228
2018-01-16,18.042651992,10.879638816
2018-01-17,18.159445116,11.125229408
2018-01-18,18.275795797,11.243441859
2018-01-19,18.392908987,11.300870558
2018-01-20,18.531873190,11.693858038
2018-01-21,18.647854084,11.904020600
2018-01-22,18.754382016,12.007010176
2018-01-23,18.858299846,12.103947849
2018-01-24,18.972281192,12.207542052
2018-01-25,19.084437378,12.314990425
2018-01-26,19.194819991,12.420061444
2018-01-27,19.313211124,12.428795190
2018-01-28,19.452778143,12.405959410
2018-01-29,19.581866659,12.786773476
2018-01-30,19.690266148,12.698226177
2018-01-31,19.805543536,12.835155391
2018-02-01,19.906699021,13.078381936
2018-02-02,19.988775605,13.222008226
2018-02-03,20.078467032,13.311256691
2018-02-04,20.145687915,13.431156383
2018-02-05,20.187655413,13.501037097
2018-02-06,20.245911538,13.565814027
2018-02-07,20.297725168,13.642269654
2018-02-08,20.358175235,13.624160414
2018-02-09,20.428830439,13.610350617
2018-02-10,20.495471561,13.597508246
2018-02-11,20.555375828,13.581151394
2018-02-12,20.623526003,13.568702157
2018-02-13,20.686648931,13.646245897
2018-02-14,20.762245993,13.729491449
2018-02-15,20.839074172,13.816744222
2018-02-16,20.917009462,13.935650940
2018-02-17,21.000107010,14.026648448
2018-02-18,21.073038843,14.113662491
2018-02-19,21.149045410,14.201828993
2018-02-20,21.215967363,13.928792211
2018-02-21,21.275729501,13.546027061
2018-02-22,21.329437818,14.006868759
2018-02-23,21.390878736,13.878927491
2018-02-24,21.448315835,14.044161528
2018-02-25,21.506554489,14.501405754
2018-02-26,21.568046632,14.222289721
2018-02-27,21.630567719,13.894454444
2018-02-28,21.688795373,14.242688891
2018-03-01,21.749431521,14.467321028
2018-03-02,21.807464505,14.160274468
2018-03-03,21.864897296,14.671169499
2018-03-04,21.922982313,14.596521979
2018-03-05,21.979167953,14.486518245
2018-03-06,22.028915254,14.384568333
2018-03-07,22.069007342,14.491183534
2018-03-08,22.100693886,14.740863255
2018-03-09,22.135910154,14.439064763
2018-03-10,22.164743584,14.345908839
2018-03-11,22.198658353,14.279433031
2018-03-12,22.229141196,14.340830244
2018-03-13,22.258337058,14.308570989
2018-03-14,22.275515956,14.120895937
2018-03-15,22.292530577,14.088542078
2018-03-16,22.308531618,14.682172514
2018-03-17,22.316392946,14.509207147
2018-03-18,22.322215429,14.633801736
2018-03-19,22.329729124,14.769729066
2018-03-20,22.338020846,14.642370208
2018-03-21,22.346449487,14.539510255
2018-03-22,22.352140167,14.390449024
2018-03-23,22.357406853,14.526942095
2018-03-24,22.360882022,14.337852588
2018-03-25,22.363918849,14.570883896
2018-03-26,22.363918849,14.675791172
2018-03-27,22.363918849,14.347692008
2018-03-28,22.363918849,14.202200970
2018-03-29,22.363918849,13.962176115
2018-03-30,22.363918849,13.985491585
2018-03-31,22.363918849,13.954363930
2018-04-01,22.363918849,14.205374563
2018-04-02,22.363918849,14.049209785
2018-04-03,22.363918849,13.735241234
2018-04-04,22.363918849,13.736578126
2018-04-05,22.363918849,13.688287552
2018-04-06,22.363918849,14.002575012
2018-04-07,22.363918849,14.047533841
2018-04-08,22.363918849,13.867434611
2018-04-09,22.363918849,13.311324077
2018-04-10,22.363918849,13.393382526
2018-04-11,22.363918849,13.396933357
2018-04-12,22.363918849,13.178377978
2018-04-13,22.363918849,12.954816593
2018-04-14,22.363918849,13.122329183
2018-04-15,22.363918849,13.101914555
2018-04-16,22.363918849,13.132203568
2018-04-17,22.363918849,13.089498968
2018-04-18,22.363918849,12.804356135
2018-04-19,22.363918849,12.656500107
2018-04-20,22.363918849,12.634983235
2018-04-22,22.363918849,13.007341439
2018-04-24,22.363918849,12.826789801
2018-04-25,22.363918849,12.767955591
2018-04-26,22.363918849,13.037556151
2018-04-27,22.363918849,12.812440039
2018-04-28,22.363918849,12.761520048
2018-04-29,22.363918849,12.806544512
2018-04-30,22.363918849,12.823068326
2018-05-01,22.376845047,12.561192715
2018-05-02,22.401738623,12.264045769
2018-05-03,22.438342184,12.381591002
2018-05-04,22.475544005,12.637576191
2018-05-05,22.516491133,12.753630333
2018-05-06,22.553687316,12.934931486
2018-05-07,22.585991264,13.226929407
2018-05-08,22.618557306,13.231032314
2018-05-09,22.650283474,12.786899208
2018-05-10,22.678861228,12.849953809
2018-05-11,22.701396014,12.829422206
2018-05-12,22.724535541,13.004479972
2018-05-13,22.753220182,13.179542687
2018-05-14,22.780902821,12.905044958
2018-05-15,22.806038931,12.545490423
2018-05-16,22.830840750,12.506834842
2018-05-17,22.850940361,12.484210483
2018-05-18,22.874146636,12.510044665
2018-05-19,22.897303211,12.196684530
2018-05-20,22.922924663,12.325446113
2018-05-21,22.946638378,12.602838831
2018-05-22,22.963475871,12.566503580
2018-05-23,22.972347782,12.223508403
2018-05-24,23.025521221,12.165027683
2018-05-25,23.071949080,11.816516947
2018-05-26,23.118035293,12.018790725
2018-05-27,23.159664531,12.046288171
2018-05-28,23.190236676,11.932848448
2018-05-29,23.228949592,11.856234763
2018-05-30,23.269361871,11.641373589
2018-05-31,23.313793154,11.913945875
2018-06-01,23.355555532,11.618356198
2018-06-02,23.395230248,11.670459217
2018-06-03,23.432041051,11.735148410
2018-06-04,23.465206948,11.569808389
2018-06-05,23.501919801,11.886280962
2018-06-06,23.538711406,11.585607373
2018-06-07,23.574881084,11.524827213
2018-06-08,23.607586262,11.621801975
2018-06-09,23.639760449,12.067416125
2018-06-10,23.660450748,12.067885757
2018-06-11,23.683595694,11.721287292
2018-06-12,23.701813339,12.139283328
2018-06-13,23.714579993,12.037512714
2018-06-14,23.721379190,12.094181996
2018-06-15,23.724194463,12.006859812
2018-06-16,23.724194463,12.124483200
2018-06-17,23.724194463,12.310447417
2018-06-18,23.724194463,12.576492583
2018-06-19,23.731702401,12.688716269
2018-06-20,23.737998832,12.541180208
2018-06-21,23.740439974,12.709877434
2018-06-22,23.740439974,12.598697923
2018-06-23,23.740439974,12.575377345
2018-06-24,23.740439974,12.886911211
2018-06-25,23.740439974,12.545540728
2018-06-26,23.740439974,12.365795954
2018-06-27,23.740439974,12.850840161
2018-06-28,23.740439974,12.680600695
2018-06-29,23.748891198,12.432353943
2018-06-30,23.764003598,12.715888433
2018-07-01,23.775050048,12.534711309
2018-07-02,23.783178124,12.549266015
2018-07-03,23.793152164,12.794022948
2018-07-04,23.806124621,12.676221802
2018-07-05,23.821732988,12.894660396
2018-07-06,23.833402796,12.898325855
2018-07-07,23.848029000,12.976824209
2018-07-08,23.864279400,12.620480274
2018-07-09,23.879231585,12.846211341
2018-07-10,23.889346831,12.809793948
2018-07-11,23.905353160,12.354239256
2018-07-12,23.917897240,12.580286332
2018-07-13,23.932278289,12.680946353
2018-07-14,23.952989258,12.544477934
2018-07-15,23.977882795,12.554503559
2018-07-16,24.002402869,12.603858305
2018-07-17,24.032598647,12.420565769
2018-07-18,24.062040612,12.463906702
2018-07-19,24.094550452,12.315196451
2018-07-20,24.127113936,12.336799966
2018-07-21,24.156731120,11.750171009
2018-07-22,24.180149291,12.013628065
2018-07-23,24.207812892,12.538586765
2018-07-24,24.234179086,12.247917663
2018-07-25,24.261193779,12.435426303
2018-07-26,24.284756196,12.555300869
2018-07-27,24.309576600,12.507517030
2018-07-28,24.334408107,12.650882556
2018-07-29,24.362067922,12.689049343
2018-07-30,24.388622016,12.796198691
2018-07-31,24.412181346,12.551505403
2018-08-01,24.435570040,12.491141403
2018-08-02,24.455854955,12.482220073
2018-08-03,24.478227497,12.367793328
2018-08-04,24.498737794,12.528348937
2018-08-05,24.516534537,12.565611600
2018-08-06,24.535694353,12.650314767
2018-08-07,24.551229551,12.527475688
2018-08-08,24.564826289,12.513664929
2018-08-09,24.576706002,12.633205795
2018-08-10,24.582857306,12.562481525
2018-08-11,24.162005959,12.409873897
2018-08-12,23.762439984,12.177368810
2018-08-13,21.252386960,12.118179388
2018-08-14,20.634064696,12.236949693
2018-08-15,20.969599706,12.248910865
2018-08-16,21.299169229,11.915561374
2018-08-17,23.483916003,11.991340677
2018-08-18,22.003207035,11.796125469
2018-08-19,22.364286314,11.888534835
2018-08-20,20.250740236,12.006496933
2018-08-21,20.969269381,12.025500245
2018-08-22,20.152237212,12.271543328
2018-08-23,20.522764772,11.838958255
2018-08-24,21.039735259,11.667943473
2018-08-25,20.789180133,12.040703085
2018-08-26,20.400844077,12.022658921
2018-08-27,21.229956725,11.873732089
2018-08-28,22.141625547,11.744393230
2018-08-29,21.537831524,11.594740650
2018-08-30,21.207314972,11.572333123
2018-08-31,21.038066515,11.672281251
2018-09-01,21.980889766,11.415909091
2018-09-02,21.907165643,11.358187178
2018-09-03,21.490953150,11.397353035
2018-09-04,21.265796038,11.260283685
2018-09-05,17.463878512,11.366365865
2018-09-06,17.092306651,11.290199432
2018-09-07,16.037720071,11.237732744
2018-09-08,14.639909319,11.006106178
2018-09-09,14.537232117,10.479713331
2018-09-10,14.588037526,10.419863719
2018-09-11,13.680206898,10.402607618
2018-09-12,13.565868166,10.089270532
2018-09-13,15.773005172,9.896421889
2018-09-14,15.729509655,10.026596653
2018-09-15,16.572499857,10.028746558
2018-09-16,16.392737467,9.965431581
2018-09-17,14.667479119,9.998964097
2018-09-18,15.607639002,10.007201671
2018-09-19,15.591128336,9.999136572
2018-09-20,16.677536966,9.904493304
2018-09-21,18.435665900,9.616948506
2018-09-22,17.931262581,10.031353918
2018-09-23,18.241483163,10.025478768
2018-09-24,16.969155103,10.027090531
2018-09-25,16.237863587,9.840952555
2018-09-26,16.050572561,9.971129027
2018-09-27,17.061928321,9.972073956
2018-09-28,16.474532580,9.891617510
2018-09-29,17.231141956,9.787528358
2018-09-30,17.320285979,9.668985967
2018-10-01,17.144128256,9.679692174
2018-10-02,16.814095146,9.521850905
2018-10-03,16.304526530,9.614261429
2018-10-04,16.433241262,9.511750644
2018-10-05,16.821543081,9.601644909
2018-10-06,16.638353231,9.509895410
2018-10-07,16.692448530,9.559270209
2018-10-08,16.948636884,9.626168250
2018-10-09,16.835556781,9.467649649
2018-10-10,16.640595827,9.406914234
2018-10-11,14.186384226,9.183910525
2018-10-12,14.485152530,9.203394080
2018-10-13,14.659049517,9.086394922
2018-10-14,14.313228187,9.005890837
2018-10-15,15.252762970,9.006319786
2018-10-16,15.317821811,8.816589797
2018-10-17,15.165958487,8.782693219
2018-10-18,14.827096940,8.825027320
2018-10-19,14.898173573,8.704509758
2018-10-20,15.080760297,8.617061025
2018-10-21,15.038053728,8.506733787
2018-10-22,14.941035121,8.301668300
2018-10-23,14.970337650,8.250451865
2018-10-24,14.927339737,8.314099989
2018-10-25,14.856192149,8.252039076
2018-10-26,14.934254152,8.101134691
2018-10-27,14.971966280,8.092737583
2018-10-28,15.043908838,7.985370468
2018-10-29,14.454529578,7.825634637
2018-10-30,14.512745910,7.945140217
2018-10-31,14.617177484,7.939720401
2018-11-01,14.684806801,7.779999679
2018-11-02,14.798052686,7.555102108
2018-11-03,14.680612476,7.520983671
2018-11-04,15.538890120,7.495136423
2018-11-05,15.397044222,7.374700053
2018-11-06,16.147224597,7.379177889
2018-11-07,16.047806919,7.362727396
2018-11-08,15.59264597,7.437819224
2018-11-09,15.416285160,7.276034004
2018-11-10,15.624558613,7.182938004
2018-11-11,15.516151970,7.360818114
2018-11-12,15.449542719,7.182728090
2018-11-13,15.105361151,7.204505129
2018-11-14,13.073008447,7.094787550
2018-11-15,13.119558759,7.141647856
2018-11-16,12.711732907,7.118326241
2018-11-17,12.698240865,6.925334307
2018-11-18,12.877805680,6.837928477
2018-11-19,10.781962066,6.774105492
2018-11-20,9.286336168,6.579350856
2018-11-21,9.894574979,6.266666798
2018-11-22,9.162909374,6.108870507
2018-11-23,8.894975832,6.091655417
2018-11-24,8.143052727,6.079195183
2018-11-25,8.360169144,5.969392417
2018-11-26,7.756816735,5.851806579
2018-11-27,7.958561944,5.477594574
2018-11-28,8.807179024,5.123811108
2018-11-29,8.496970743,5.127202416
2018-11-30,8.133754352,5.080012110
2018-12-01,8.508195150,5.193885197
2018-12-02,8.332166819,4.998558820
2018-12-03,7.767541895,4.917026180
2018-12-04,7.831707654,4.979585286
2018-12-05,7.297370102,4.824841444
2018-12-06,6.535784863,4.833540927
2018-12-07,6.609801352,4.696002445
2018-12-08,6.489498008,4.547138767
2018-12-09,6.658469831,4.511079088
2018-12-10,6.416762451,4.576108063
2018-12-11,6.245320601,4.517164174
2018-12-12,6.363304843,4.353650297
2018-12-13,6.090418433,4.250355709
2018-12-14,5.947825927,4.195286736
2018-12-15,5.941310641,4.155965063
2018-12-16,6.007598035,4.120335627
2018-12-17,6.681701716,4.025205546
2018-12-18,7.114133276,3.926169958
2018-12-19,7.048625193,3.913391031
2018-12-20,7.988429821,3.890921905
2018-12-21,7.516460585,3.911998313
2018-12-22,7.987078445,3.872095372
2018-12-23,8.945183005,3.897950432
2018-12-24,9.680203617,4.029826107
2018-12-25,8.835522807,4.129389331
2018-12-26,9.031038415,4.207921845
2018-12-27,7.916553656,4.125223774
2018-12-28,9.391244796,4.046417373
2018-12-29,9.738474808,3.989282276
2018-12-30,9.618918182,4.067351272
2018-12-31,9.086924623,4.026182114
2019-01-01,9.641799010,3.875251558
2019-01-02,10.689904285,3.853555145
2019-01-03,10.103245442,3.945494194
2019-01-04,10.449704209,3.903837194
2019-01-05,10.417051272,3.898293887
2019-01-06,10.44310041,4.029130328
2019-01-07,9.993267803,3.942003272
2019-01-08,9.834254604,3.917943658
2019-01-09,9.786728757,3.928921649
2019-01-10,8.296282465,3.877771469
2019-01-11,8.165988962,3.871707761
2019-01-12,8.103106470,3.783992016
2019-01-13,7.526246636,3.712516944
2019-01-14,8.371278869,3.748947857
2019-01-15,7.858744701,3.814760719
2019-01-16,7.968583968,3.677655036
2019-01-17,7.974224057,3.613388180
2019-01-18,7.768299270,3.566745939
2019-01-19,8.048569630,3.637114438
2019-01-20,7.647449558,3.651633492
2019-01-21,7.430667518,3.560085241
2019-01-22,7.449597987,3.541119102
2019-01-23,7.232706702,3.354636897
2019-01-24,7.135025876,3.396881937
2019-01-25,6.949003188,3.407993801
2019-01-26,6.833123681,3.291755796
2019-01-27,6.530148716,3.207578996
2019-01-28,6.130802435,3.045872326
2019-01-29,6.013545747,2.794971170
2019-01-30,6.200741362,2.730025739
2019-01-31,6.066010080,2.771370205
2019-02-01,6.07405625,2.698391404
2019-02-02,6.162100418,2.635219549
2019-02-03,5.983126501,2.619174104
2019-02-04,5.982188013,2.587532547
2019-02-05,5.985842539,2.587252298
2019-02-06,5.817620827,2.548960440
2019-02-07,5.798513516,2.497923677
2019-02-08,6.606196393,2.533778506
2019-02-09,6.623776545,2.515963039
2019-02-10,6.811195577,2.567869071
2019-02-11,6.457613872,2.500017415
2019-02-12,6.387584096,2.531776521
2019-02-13,6.238827397,2.505573007
2019-02-14,6.042175653,2.440499849
2019-02-15,5.925380216,2.383199642
2019-02-16,5.865320013,2.432498354
2019-02-17,6.368701076,2.413367574
2019-02-18,6.937955149,2.419082473
2019-02-19,6.88899394,2.515534031
2019-02-20,7.112130631,2.529683774
2019-02-21,6.957810091,2.508242849
2019-02-22,7.143043831,2.469593740
2019-02-23,7.681881468,2.544769635
2019-02-24,6.627913491,2.537468074
2019-02-25,6.757661976,2.490412742
2019-02-26,6.649074220,2.439156542
2019-02-27,6.570947613,2.462707947
2019-02-28,6.581075742,2.473744726
2019-03-01,6.556733308,2.404339521
2019-03-02,6.425880042,2.354427571
2019-03-03,6.318047982,2.335318444
2019-03-04,6.1153633,2.332434441
2019-03-05,6.649409290,2.338196911
2019-03-06,6.725392545,2.361934880
2019-03-07,6.725322902,2.372587483
2019-03-08,6.594384664,2.360800354
2019-03-09,6.778937826,2.329015924
2019-03-10,6.743066867,2.337686020
2019-03-11,6.577195135,2.346170889
2019-03-12,6.601394891,2.295146041
2019-03-13,6.52516997,2.266467637
2019-03-14,6.530572736,2.298260939
2019-03-15,6.739594001,2.302010278
2019-03-16,7.010162406,2.353240485
2019-03-17,6.866645683,2.359117925
2019-03-18,6.810549527,2.319922673
2019-03-19,6.850754788,2.246994378
2019-03-20,6.900557176,2.299666648
2019-03-21,6.693724378,2.292126937
2019-03-22,6.762469427,2.291319650
2019-03-23,6.784454727,2.277447903
2019-03-24,6.735721059,2.296359332
2019-03-25,6.630608797,2.285225201
2019-03-26,6.629507191,2.230230801
2019-03-27,6.929303700,2.169593252
2019-03-28,6.83693034,2.207027561
2019-03-29,7.082177635,2.203360775
2019-03-30,7.059943368,2.149908601
2019-03-31,7.021142701,2.155792180
2019-04-01,7.026682306,2.222743471
2019-04-02,8.234375107,2.224039477
2019-04-03,7.958856499,2.215336343
2019-04-04,7.851884234,2.229641812
2019-04-05,8.262352247,2.253726819
2019-04-06,8.237462605,2.286591543
2019-04-07,8.689992598,2.265212679
2019-04-08,9.006768871,2.260394125
2019-04-09,8.767780011,2.301088797
2019-04-10,8.859946307,2.317790026
2019-04-11,8.250344878,2.345933244
2019-04-12,8.212705567,2.332399810
2019-04-13,8.182472435,2.357299864
2019-04-14,8.372699741,2.394552758
2019-04-15,8.000358423,2.388132572
2019-04-16,8.306863888,2.351637835
2019-04-17,8.278370710,2.325991323
2019-04-18,8.638676956,2.305250789
2019-04-19,8.654345457,2.325452831
2019-04-20,8.624676943,2.346738848
2019-04-21,8.469341156,2.318988462
2019-04-22,8.545044638,2.361126667
2019-04-23,8.503120336,2.344035987
2019-04-24,8.217190724,2.298302004
2019-04-25,7.572318579,2.280388211
2019-04-26,7.622466039,2.290218981
2019-04-27,7.766368603,2.360364606
2019-04-28,7.633307488,2.343769172
2019-04-29,7.600342731,2.366905907
2019-04-30,7.977782588,2.391203732
2019-05-01,7.899455669,2.371995224
2019-05-02,7.944579670,2.372945488
2019-05-03,8.195636488,2.350641297
2019-05-04,8.075345957,2.391166497
2019-05-05,8.050720940,2.424162320
2019-05-06,8.568161402,2.371194879
2019-05-07,8.465239395,2.398971485
2019-05-08,8.430523661,2.385544000
2019-05-09,8.462028235,2.393360361
2019-05-10,8.582009064,2.375423679
2019-05-11,9.922199492,2.400010679
2019-05-12,9.309912102,2.447903653
2019-05-13,9.738325815,2.427936857
2019-05-14,10.862876032,2.480173955
2019-05-15,12.420234709,2.517953444
2019-05-16,13.129861176,2.515779408
2019-05-17,12.084115005,2.593760625
2019-05-18,11.711002442,2.676242689
2019-05-19,13.050767573,2.624509526
2019-05-20,12.568079346,2.586847642
2019-05-21,12.759861223,2.542054772
2019-05-22,12.140037459,2.527007504
2019-05-23,12.198365152,2.526249848
2019-05-24,12.323470143,2.503226323
2019-05-25,12.500385789,2.509506549
2019-05-26,13.323088598,2.505837269
2019-05-27,13.549110761,2.564438188
2019-05-28,13.479091059,2.525026211
2019-05-29,13.410509821,2.615314659
2019-05-30,12.643144771,2.656767347
2019-05-31,13.274889728,2.611609810
2019-06-01,13.184895365,2.625108257
2019-06-02,13.408131992,2.644707291
2019-06-03,12.45776171,2.545789470
2019-06-04,11.889495874,2.554849077
2019-06-05,12.208449664,2.515847827
2019-06-06,12.305045746,2.581316916
2019-06-07,12.409960689,2.600144554
2019-06-08,12.112796195,2.558913032
2019-06-09,11.435434268,2.508680965
2019-06-10,12.245978709,2.509255816
2019-06-11,12.197696180,2.507323924
2019-06-12,12.872550045,2.511173356
2019-06-13,12.641326122,2.471111948
2019-06-14,13.123269750,2.480215491
2019-06-15,13.352237134,2.516100923
2019-06-16,13.419745855,2.467027363
2019-06-17,13.595276070,2.432468483
2019-06-18,13.086441469,2.493194651
2019-06-19,13.345405757,2.542574306
2019-06-20,13.512151481,2.510997499
2019-06-21,14.616318602,2.514202146
2019-06-22,15.285569754,2.478263743
2019-06-23,15.207125925,2.524590255
2019-06-24,15.375229668,2.575672481
2019-06-25,15.719019007,2.592737011
2019-06-26,16.624978609,2.701263398
2019-06-27,14.58797033,2.684712163
2019-06-28,15.422959258,2.638057584
2019-06-29,15.863877689,2.705098921
2019-06-30,14.522349352,2.719105591
2019-07-01,14.621202192,2.698711878
2019-07-02,14.457214445,2.719605855
2019-07-03,15.009633805,2.673663704
2019-07-04,14.092590614,2.630562821
2019-07-05,14.293014961,2.651443404
2019-07-06,14.286913512,2.667273899
2019-07-07,15.237178382,2.688051108
2019-07-08,15.599865159,2.656042496
2019-07-09,15.357166365,2.698624219
2019-07-10,14.390492773,2.728889199
2019-07-11,13.341339584,2.775092777
2019-07-12,13.752682137,2.797991436
2019-07-13,13.375925122,2.782790698
2019-07-14,11.477167747,2.821716027
2019-07-15,11.470241252,2.814119384
2019-07-16,9.886261264,2.736335801
2019-07-17,10.482543295,2.773982154
2019-07-18,11.295797495,2.776240062
2019-07-19,10.985540487,2.740092043
2019-07-20,11.471301358,2.754981623
2019-07-21,11.188152535,2.761985973
2019-07-22,10.777506986,2.699296452
2019-07-23,10.559692688,2.737920028
2019-07-24,10.784575174,2.742975268
2019-07-25,10.906857584,2.752369695
2019-07-26,10.914603577,2.712659791
2019-07-27,10.279008236,2.778558119
2019-07-28,10.500578639,2.787655168
2019-07-29,10.476620148,2.759393674
2019-07-30,10.444840949,2.795721432
2019-07-31,10.829695562,2.775326897
2019-08-01,10.789915526,2.722653753
2019-08-02,10.817604754,2.724164022
2019-08-03,11.024057806,2.777198853
2019-08-04,11.075289754,2.826408423
2019-08-05,11.567372716,2.849892240
2019-08-06,11.223657983,2.855341163
2019-08-07,11.258877709,2.853949984
2019-08-08,10.984027526,2.888446600
2019-08-09,10.423596525,2.849769792
2019-08-10,10.256042326,2.869585500
2019-08-11,10.719334161,2.871943573
2019-08-12,10.483400461,2.865605461
2019-08-13,10.361196819,2.892135866
2019-08-14,9.256324043,2.852026410
2019-08-15,9.336411686,2.873671040
2019-08-16,9.228030922,2.824240048
2019-08-17,9.218283816,2.897042293
2019-08-18,9.675810586,2.843073070
2019-08-19,10.055450189,2.828234686
2019-08-20,9.761495394,2.796946987
2019-08-21,9.249909132,2.765687315
2019-08-22,9.497611564,2.718552379
2019-08-23,9.652175632,2.727121776
2019-08-24,9.442508755,2.763780122
2019-08-25,9.230572819,2.682777909
2019-08-26,9.343299820,2.770147460
2019-08-27,9.251690696,2.688323184
2019-08-28,8.571986893,2.698909365
2019-08-29,8.378232301,2.757208639
2019-08-30,8.352037711,2.813666937
2019-08-31,8.567034939,2.783629756
2019-09-01,8.496706009,2.777813654
2019-09-02,8.874864769,2.764845482
2019-09-03,8.902060263,2.800459977
2019-09-04,8.664349852,2.767349327
2019-09-05,8.643946607,2.766532444
2019-09-06,8.375562509,2.700845476
2019-09-07,8.825735842,2.800983966
2019-09-08,8.985588031,2.810127176
2019-09-09,8.964618817,2.789248632
2019-09-10,8.877238255,2.796958956
2019-09-11,8.808974532,2.798980196
2019-09-12,8.947693439,2.835229421
2019-09-13,8.962723007,2.886461441
2019-09-14,9.314632501,2.849959861
2019-09-15,9.356991700,2.870505176
2019-09-16,9.772135217,2.906965938
2019-09-17,10.366064057,3.010909210
2019-09-18,10.453451043,3.028697123
2019-09-19,10.964988688,3.007530780
2019-09-20,10.781248345,2.985204313
2019-09-21,10.690904129,3.084593178
2019-09-22,10.464024655,3.057695708
2019-09-23,9.971627865,3.068285887
2019-09-24,8.326185601,3.034906793
2019-09-25,8.386988031,3.035095254
2019-09-26,8.219398646,3.079217920
2019-09-27,8.578840061,3.061561005
2019-09-28,8.561357072,3.070732239
2019-09-29,8.376691417,3.031930492
2019-09-30,8.83166191,3.030653442
2019-10-01,8.712844445,3.027171290
2019-10-02,8.893319389,2.974795611
2019-10-03,8.635014108,2.942102451
2019-10-04,8.682989562,2.949111749
2019-10-05,8.683665579,2.951315377
2019-10-06,8.372060626,2.972899130
2019-10-07,8.916740636,2.963143215
2019-10-08,8.880857924,2.927041221
2019-10-09,9.553094265,2.893908802
2019-10-10,9.41060155,2.955357490
2019-10-11,8.876524206,3.013538971
2019-10-12,8.825858811,2.994041689
2019-10-13,8.868370215,3.007758836
2019-10-14,9.116583939,2.962609310
2019-10-15,8.83299708,3.059290986
2019-10-16,8.565910629,3.061930511
2019-10-17,8.661537892,3.052253606
2019-10-18,8.458681878,2.958786028
2019-10-19,8.386478746,3.018065888
2019-10-20,8.556259737,3.028003955
2019-10-21,8.488546142,2.970559944
2019-10-22,8.332562223,2.926830696
2019-10-23,7.856151485,3.019093573
2019-10-24,7.832869814,2.974369839
2019-10-25,8.775968239,2.907744272
2019-10-26,8.692709877,2.911603813
2019-10-27,8.884142851,2.897813649
2019-10-28,8.794637769,2.871504705
2019-10-29,9.145822994,2.921590158
2019-10-30,8.761102336,2.922320936
2019-10-31,8.712804660,2.949325036
2019-11-01,8.787007189,2.951172226
2019-11-02,8.75443375,2.961295803
2019-11-03,8.724317782,2.913981774
2019-11-04,8.911945302,2.891371192
2019-11-05,9.067204878,2.896981547
2019-11-06,9.169694542,2.967632285
2019-11-07,8.932068555,2.945933744
2019-11-08,8.784121718,2.906441235
2019-11-09,8.813653868,2.891986338
2019-11-10,8.955552035,2.921298240
2019-11-11,8.697316725,2.875407416
2019-11-12,8.758085319,2.912512004
2019-11-13,8.786039793,2.956466453
2019-11-14,8.596467845,2.930349543
2019-11-15,8.332557442,2.882227998
2019-11-16,8.413687562,2.850561138
2019-11-17,8.491434314,2.884981577
2019-11-18,8.220488134,2.945206611
2019-11-19,8.075903166,2.788535124
2019-11-20,8.024496311,2.704061577
2019-11-21,7.405256546,2.822879674
2019-11-22,6.895024616,2.814291364
2019-11-23,7.017519856,2.790279931
2019-11-24,6.517051421,2.837612185
2019-11-25,6.73436972,2.894539882
2019-11-26,6.748649906,2.667799976
2019-11-27,6.931149651,2.716824048
2019-11-28,6.751697839,2.750841705
2019-11-29,6.833923251,2.753099614
2019-11-30,6.675906976,2.751752515
2019-12-01,6.573749608,2.737903293
2019-12-02,6.430406443,2.700858949
2019-12-03,6.364957855,2.785258458
2019-12-04,6.276167955,2.773664788
2019-12-05,6.377254340,2.719698250
2019-12-06,6.408243643,2.705045331
2019-12-07,6.349119301,2.766606680
2019-12-08,6.492560249,2.687938010
2019-12-09,6.337381375,2.700631718
2019-12-10,6.273532618,2.776033911
2019-12-11,6.159934033,2.739443590
2019-12-12,6.238678367,2.718376260
2019-12-13,6.206147852,2.755232373
2019-12-14,5.997713726,2.797406494
2019-12-15,5.942244785,2.746718521
2019-12-16,5.44436482,2.733807808
2019-12-17,4.905484148,2.622162721
2019-12-18,5.277358522,2.512143713
2019-12-19,4.976977209,2.485702567
2019-12-20,4.919257351,2.419871053
2019-12-21,4.869651770,2.438886392
2019-12-22,5.036376178,2.442802217
2019-12-23,4.858054297,2.451858150
2019-12-24,4.849953158,2.432074828
2019-12-25,4.738884205,2.392031409
2019-12-26,4.75166052,2.373523234
2019-12-27,4.790134294,2.392974425
2019-12-28,4.859130682,2.429552057
2019-12-29,5.114051755,2.453110320
2019-12-30,4.991946991,2.435962344
2019-12-31,4.878624018,2.402978597
2020-01-01,4.932115717,2.344708711
2020-01-02,4.908219130,2.402172893
2020-01-03,5.407220047,2.453383016
2020-01-04,5.643119474,2.588075212
2020-01-05,5.902255677,2.561763207
2020-01-06,6.549256064,2.544249226
2020-01-07,6.75811662,2.628107806
2020-01-08,6.888663760,2.592140068
2020-01-09,6.848488648,2.513728197
2020-01-10,7.164879956,2.585356902
2020-01-11,7.111874327,2.624218258
2020-01-12,7.250928706,2.602973349
2020-01-13,7.161703397,2.597208399
2020-01-14,8.265966294,2.595061847
2020-01-15,8.252807351,2.635575813
2020-01-16,8.16326223,2.621939169
2020-01-17,8.518268018,2.615046925
2020-01-18,8.715147449,2.590578184
2020-01-19,8.311208592,2.586104668
2020-01-20,8.314184109,2.621653663
2020-01-21,8.431797219,2.622834763
2020-01-22,8.345938597,2.613423454
2020-01-23,8.090347165,2.611365835
2020-01-24,8.079213096,2.650539183
2020-01-25,7.992992357,2.609227808
2020-01-26,8.307910890,2.596380309
2020-01-27,8.454119451,2.598828211
2020-01-28,8.706427818,2.567281275
2020-01-29,8.692604136,2.587696098
2020-01-30,9.144391318,2.571824149
2020-01-31,8.948186115,2.569139211
2020-02-01,9.110541364,2.560829692
2020-02-02,9.357835069,2.591001127
2020-02-03,9.403318778,2.606671225
2020-02-04,9.372247422,2.639851368
2020-02-05,10.198292646,2.633150347
2020-02-06,10.602294320,2.602517974
2020-02-07,11.105542267,2.603000097
2020-02-08,11.168315004,2.655698049
2020-02-09,11.383209265,2.643475291
2020-02-10,11.175424401,2.643118667
2020-02-11,11.83426871,2.681699049
2020-02-12,13.285220688,2.694602266
2020-02-13,13.341555773,2.738823749
2020-02-14,14.186240963,2.746120438
2020-02-15,13.203111383,2.754198277
2020-02-16,13.030286912,2.768771473
2020-02-17,13.282923634,2.801905798
2020-02-18,14.120449750,2.787820777
2020-02-19,13.025308203,2.876885373
2020-02-20,12.896550912,2.845135976
2020-02-21,13.238704248,2.786255563
2020-02-22,13.040810082,2.846734471
2020-02-23,13.686901655,2.831325160
2020-02-24,13.152255020,2.873543414
2020-02-25,12.352772562,2.816348108
2020-02-26,11.205654942,2.813552269
2020-02-27,11.245473887,2.908021277
2020-02-28,11.366851790,2.866308968
2020-02-29,10.932771123,2.878472696
2020-03-01,10.850184727,2.845085189
2020-03-02,11.488526365,2.797598813
2020-03-03,11.163725895,2.829034527
2020-03-04,11.160686650,2.856458790
2020-03-05,11.319083656,2.871054708
2020-03-06,12.15415252,2.793307472
2020-03-07,11.851388378,2.848731826
2020-03-08,10.111842141,2.895538224
2020-03-09,9.967025252,2.872835006
2020-03-10,9.998878546,2.871862807
2020-03-11,9.665277562,2.831759650
2020-03-12,5.501792241,2.839447290
2020-03-13,6.697149246,2.789788354
2020-03-14,6.062656825,2.710276188
2020-03-15,6.141971033,2.735508820
2020-03-16,5.481701071,2.746265493
2020-03-17,5.851227618,2.681772728
2020-03-18,5.847903016,2.729824778
2020-03-19,6.829308519,2.737962876
2020-03-20,6.552647644,2.719198666
2020-03-21,6.613686156,2.768237081
2020-03-22,6.101179327,2.699689086
2020-03-23,6.772270115,2.691581130
2020-03-24,6.958038106,2.774997378
2020-03-25,6.789005730,2.711778613
2020-03-26,6.909462191,2.767682065
2020-03-27,6.672833858,2.766464044
2020-03-28,6.526751660,2.767588550
2020-03-29,6.252024264,2.792252233
2020-03-30,6.619013769,2.820075776
2020-03-31,6.648946142,2.751157801
2020-04-01,6.771813828,2.724061554
2020-04-02,7.034943314,2.799488110
2020-04-03,7.056672968,2.779184355
2020-04-04,7.184745519,2.738134325
2020-04-05,7.103987481,2.757636807
2020-04-06,8.424373776,2.693169986
2020-04-07,8.173017877,2.697068491
2020-04-08,8.613715957,2.766340679
2020-04-09,8.465564136,2.772878965
2020-04-10,7.837508964,2.798956866
2020-04-11,7.874935371,2.744399790
2020-04-12,7.997735423,2.805367075
2020-04-13,7.839702906,2.771053467
2020-04-14,7.915389306,2.818326374
2020-04-15,7.618040523,2.815183843
2020-04-16,8.616444332,2.817139027
2020-04-17,8.566030860,2.786995665
2020-04-18,9.362174664,2.808600090
2020-04-19,9.011671405,2.736930136
2020-04-20,8.502203565,2.723566613
2020-04-21,8.523679399,2.764950166
2020-04-22,9.079819059,2.751255856
2020-04-23,9.233089384,2.811714996
2020-04-24,9.338348449,2.765101082
2020-04-25,9.649735169,2.749203689
2020-04-26,9.808214811,2.766536455
2020-04-27,9.778719015,2.709055246
2020-04-28,9.823153859,2.713490889
2020-04-29,10.717174201,2.770966803
2020-04-30,10.293632216,2.827653628
2020-05-01,10.602561865,2.865920480
2020-05-02,10.678349954,2.901375044
2020-05-03,10.472071445,2.845453127
2020-05-04,10.326988142,2.909553107
2020-05-05,10.228041716,2.936503264
2020-05-06,10.089553161,2.861267736
2020-05-07,10.599671941,2.794608279
2020-05-08,10.566069384,2.828159214
2020-05-09,10.471656915,2.856988078
2020-05-10,9.333011419,2.787943048
2020-05-11,9.231560436,2.822214114
2020-05-12,9.431360158,2.814291539
2020-05-13,9.957795826,2.802098844
2020-05-14,10.143057196,2.833120718
2020-05-15,9.707367209,2.877085239
2020-05-16,9.991893688,2.809931943
2020-05-17,10.233986687,2.850805003
2020-05-18,10.169868305,2.843608729
2020-05-19,10.102384959,2.780534108
2020-05-20,10.036973763,2.837987831
2020-05-21,9.867084821,2.796331179
2020-05-22,9.925537687,2.782563919
2020-05-23,9.871385475,2.801729542
2020-05-24,9.820276058,2.850978488
2020-05-25,9.769812111,2.804735663
2020-05-26,9.721556021,2.764379399
2020-05-27,9.680223148,2.832844583
2020-05-28,9.632499927,2.805458453
2020-05-29,9.584498771,2.812743012
2020-05-30,9.535030735,2.843291084
2020-05-31,9.485041880,2.885160246
2020-06-01,9.433812958,2.855588319
2020-06-02,9.377717890,2.846274095
2020-06-03,9.324133032,2.905208221
2020-06-04,9.269087061,2.936846851
2020-06-05,9.214444404,2.880558249
2020-06-06,9.160347929,2.898360678
2020-06-07,9.105946397,2.935213446
2020-06-08,9.050895309,2.910836389
2020-06-09,9.006443315,2.845053629
2020-06-10,8.960904793,2.822782074
2020-06-11,8.921270215,2.829457472
2020-06-12,8.883203539,2.820907554
2020-06-13,8.840699965,2.865942016
2020-06-14,8.802505591,2.851636230
2020-06-15,8.763185859,2.851419613
2020-06-16,8.724352866,2.917639789
2020-06-17,8.682176934,2.858235574
2020-06-18,8.637987696,2.848724341
2020-06-19,8.594268107,2.887756803
2020-06-20,8.553568970,2.928922395
2020-06-21,8.521636237,2.915419962
2020-06-22,8.488032046,2.873375923
2020-06-23,8.457301549,2.902604676
2020-06-24,8.426576212,2.928446575
2020-06-25,8.400568226,2.973259417
2020-06-26,8.370080675,3.003185786
2020-06-27,8.343690807,2.964956622
2020-06-28,8.316039259,2.895193608
2020-06-29,8.284342217,2.970225994
2020-06-30,8.252771142,2.925629103
2020-07-01,8.217899672,2.903377574
2020-07-02,8.185748890,2.933525381
2020-07-03,8.151646674,2.947036762
2020-07-04,8.117697003,2.986390359
2020-07-05,8.083539985,2.960349822
2020-07-06,8.049515018,2.961825388
2020-07-07,8.015403128,2.923426292
2020-07-08,7.982670409,3.026805145
2020-07-09,7.953141488,2.994547767
2020-07-10,7.920187285,2.966742585
2020-07-11,7.890638132,2.975161522
2020-07-12,7.859597551,3.023636259
2020-07-13,7.825146312,3.046884156
2020-07-14,7.788788034,3.010376335
2020-07-15,7.746413280,2.962055854
2020-07-16,7.702145208,2.984040301
2020-07-17,7.661872371,2.932641711
2020-07-18,7.622423244,2.982742682
2020-07-19,7.586373853,3.022869929
2020-07-20,7.548042074,2.954758363
2020-07-21,7.509569186,2.850367082
2020-07-22,7.471721863,2.835949101
2020-07-23,7.430739644,2.915742004
2020-07-24,7.390435955,3.015880363
2020-07-25,7.351288798,2.976748645
2020-07-26,7.310240344,3.001730915
2020-07-27,7.269853379,3.048450186
2020-07-28,7.229587582,3.108279780
2020-07-29,7.190634745,3.143545678
2020-07-30,7.155269856,3.108557302
2020-07-31,7.121535728,2.965610320
2020-08-01,7.088790744,3.040107198
2020-08-02,7.055612018,3.133527145
2020-08-03,7.023793389,3.042465984
2020-08-04,6.992459484,3.042992001
2020-08-05,6.961001919,3.059405344
2020-08-06,6.932967656,3.042521822
2020-08-07,6.907415839,3.120709479
2020-08-08,6.879641934,3.151650872
2020-08-09,6.855840496,3.230335144
2020-08-10,6.833742954,3.209690406
2020-08-11,6.811914396,3.151256060
2020-08-12,6.794011069,3.186389598
2020-08-13,6.775307934,3.224464357
2020-08-14,6.756184885,3.309694336
2020-08-15,6.736341918,3.393997371
2020-08-16,6.712891564,3.319610298
2020-08-17,6.692627351,3.228288902
2020-08-18,6.672393647,3.094996328
2020-08-20,6.655151053,3.288353980
2020-08-21,6.635886351,3.384503800
2020-08-22,6.618371898,3.367873051
2020-08-23,6.600502437,3.396999158
2020-08-24,6.581438503,3.397472578
2020-08-25,6.562438052,3.425548145
2020-08-26,6.544261267,3.409941113
2020-08-27,6.524570967,3.423443699
2020-08-28,6.502264711,3.464672919
2020-08-29,6.480632494,3.378867867
2020-08-30,6.459500531,3.408122687
2020-08-31,6.439000205,3.405445505
2020-09-01,6.416834424,3.558654384
2020-09-02,6.395411463,3.592537270
2020-09-03,6.374717393,3.536556135
2020-09-04,6.354002687,3.587393366
2020-09-05,6.339504168,3.678150040
2020-09-06,6.325175274,3.735365171
2020-09-07,6.313319957,3.817909487
2020-09-08,6.304025183,3.774052508
2020-09-09,6.294864722,3.828500685
2020-09-10,6.285477107,3.774126488
2020-09-11,6.290040834,3.898411153
2020-09-12,6.306888680,3.975516369
2020-09-13,6.321973595,3.96221972
2020-09-14,6.337307744,3.917342978
2020-09-15,6.351604780,3.970393397
2020-09-16,6.365304503,3.87701664
2020-09-17,6.380046768,4.096361685
2020-09-18,6.393986308,3.943994539
2020-09-19,6.407347824,4.016468939
2020-09-20,6.419897661,4.064678553
2020-09-21,6.430315896,4.119408402
2020-09-22,6.441144493,4.019960019
2020-09-23,6.450966132,4.130342893
2020-09-24,6.465771573,4.210544319
2020-09-25,6.480694551,4.248387084
2020-09-26,6.496066340,4.383374824
2020-09-27,6.510828581,4.416363510
2020-09-28,6.525438982,4.123023183
2020-09-29,6.540638347,4.378069111
2020-09-30,6.555006984,4.288634910
2020-10-01,6.568875816,4.336420528
2020-10-02,6.581865793,4.375854712
2020-10-03,6.595318204,4.056586808
2020-10-04,6.609149287,4.390513714
2020-10-05,6.623083899,4.436846729
2020-10-06,6.636532598,4.554986442
2020-10-07,6.649133356,4.508411951
2020-10-08,6.662513521,4.372223815
2020-10-09,6.676061519,4.447868407
2020-10-10,6.690312159,4.447868407
2020-10-11,6.705799758,4.441512602
2020-10-12,6.722484105,4.432094083
2020-10-13,6.738707480,4.451984987
2020-10-14,6.754441755,4.437037034
2020-10-15,6.770670808,4.460611679
2020-10-16,6.786473910,4.492846893
2020-10-17,6.802305414,4.475080179
2020-10-18,6.819161394,4.355015327
2020-10-19,6.836351050,4.484854615
2020-10-20,6.852335017,4.500647175
2020-10-21,6.870329406,4.492433158
2020-10-22,6.890359936,4.492433158
2020-10-23,6.910747073,4.492208501
2020-10-24,6.931446556,4.561696440
2020-10-25,6.950169337,4.442118288
2020-10-26,6.967886387,4.356970991
2020-10-27,6.986127965,4.442181767
2020-10-28,7.003323662,4.457226404
2020-10-29,7.019768132,4.628833352
2020-10-30,7.036588626,4.490457373
2020-10-31,7.053686993,4.503680922
2020-11-01,7.071437910,4.503680922
2020-11-02,7.088278974,4.503680922
2020-11-03,7.105530179,4.460849376
2020-11-04,7.123507516,4.461705486
2020-11-05,7.142446079,4.447027618
2020-11-06,7.164474705,4.613711337
2020-11-07,7.185283058,4.650709811
2020-11-08,7.207842179,4.515087936
2020-11-09,7.229498973,4.515087936
2020-11-10,7.251446602,4.523566296
2020-11-11,7.274863765,4.621640616
2020-11-12,7.298057441,4.572238095
2020-11-13,7.322303897,4.608148322
2020-11-14,7.345752678,4.608148322
2020-11-15,7.368573475,4.608148322
2020-11-16,7.392295587,4.667874326
2020-11-17,7.417603261,4.667874326
2020-11-18,7.443036106,4.667874326
2020-11-19,7.468117999,4.667874326
2020-11-20,7.496354243,4.656496051
2020-11-21,7.528713634,4.718513485
2020-11-22,7.563327772,4.742182524
2020-11-23,7.601160257,4.588421444
2020-11-24,7.639656224,4.774016408
2020-11-25,7.674885391,4.761076517
2020-11-26,7.705941924,4.748464149
2020-11-27,7.736544642,4.728624561
2020-11-28,7.769395153,4.697825321
2020-11-29,7.804883590,4.819390307
2020-11-30,7.843877539,4.928418909
2020-12-01,7.880927299,4.925448546
2020-12-02,7.919021763,4.719051647
2020-12-03,7.958771341,4.866631948
2020-12-04,7.995020634,4.875984090
2020-12-05,8.032855966,4.862525832
2020-12-06,8.071276303,4.862125297
2020-12-07,8.108814646,4.883209732
2020-12-08,8.143035124,4.878158168
2020-12-09,8.179276875,4.904782013
2020-12-10,8.214360334,4.894723843
2020-12-11,8.248451203,4.791095134
2020-12-12,8.284283260,4.829471266
2020-12-13,8.321846648,4.889202717
2020-12-14,8.359508600,4.751315290
2020-12-15,8.397461552,4.780586612
2020-12-16,8.439997687,4.813699477
2020-12-17,8.484104160,4.811202358
2020-12-18,8.528342117,4.888963406
2020-12-19,8.573688521,4.770959268
2020-12-20,8.617519003,4.872964428
2020-12-21,8.659281508,4.968430991
2020-12-22,8.702531575,4.908580424
2020-12-23,8.742423376,5.004501684
2020-12-24,8.784118437,4.910924943
2020-12-25,8.827078885,4.837196560
2020-12-26,8.870949122,4.981403082
2020-12-27,8.918972872,4.906309873
2020-12-28,8.970382385,5.125866443
2020-12-29,9.021376316,5.029580103
2020-12-30,9.074038390,4.965270283
2020-12-31,9.125974450,5.022089281
2021-01-01,9.177244815,5.022089281
2021-01-02,9.232121361,5.022089281
2021-01-03,9.303617373,5.219776636
2021-01-04,9.377825122,5.136943899
2021-01-05,9.457664844,5.136943899
2021-01-06,9.544342364,5.393225446
2021-01-07,9.632227759,5.274324635
2021-01-08,9.719986387,5.385247326
2021-01-09,9.813003729,5.380558186
2021-01-10,9.903830715,5.424984466
2021-01-11,9.980015497,5.424984466
2021-01-12,10.052395699,5.541183238
2021-01-13,10.132259130,5.535013822
2021-01-14,10.217189752,5.596911827
2021-01-15,10.298487064,5.596911827
2021-01-16,10.385202165,5.596911827
2021-01-17,10.472134420,5.596911827
2021-01-18,10.559531932,5.596911827
2021-01-19,10.658431884,5.596911827
2021-01-20,10.755825490,5.800401160
2021-01-21,10.834033945,5.800401160
2021-01-22,10.920573904,5.717044403
2021-01-23,11.007369387,5.717044403
2021-01-24,11.106735652,5.886949746
2021-01-25,11.201242404,5.961164161
2021-01-26,11.298171035,5.961164161
2021-01-27,11.385210261,6.081581170
2021-01-28,11.479708586,6.081581170
2021-01-29,11.577511586,5.865574683
2021-01-30,11.673988045,5.865574683
2021-01-31,11.766003231,5.865574683
2021-02-01,11.861984987,5.865574683
2021-02-02,11.970018312,6.155721215
2021-02-03,12.089155198,6.150898863
2021-02-04,12.204274617,6.271338228
2021-02-05,12.327157082,6.271338228
2021-02-06,12.446704025,6.271338228
2021-02-07,12.559789061,6.271338228
2021-02-08,12.683048679,6.495432486
2021-02-09,12.808123973,6.495432486
2021-02-10,12.931764934,6.574065019
2021-02-11,13.057235993,6.608161433
2021-02-12,13.185473939,6.741559535
2021-02-13,13.311193812,6.622796368
2021-02-14,13.434862220,6.742266961
2021-02-15,13.558257283,6.795976387
2021-02-16,13.681313570,6.789477663
2021-02-17,13.809239619,6.874480692
2021-02-18,13.942720546,6.805825344
2021-02-19,14.080536864,6.955421127
2021-02-20,14.214855381,6.852977700
2021-02-21,14.350130367,6.781743129
2021-02-22,14.472516284,7.009195038
2021-02-23,14.577061058,7.099031952
2021-02-24,14.686634941,7.096623099
2021-02-25,14.787494978,7.034746655
2021-02-26,14.886129211,7.085791786
2021-02-27,14.985661813,7.135696831
2021-02-28,15.082607697,7.135696831
2021-03-01,15.191405691,7.077581152
2021-03-02,15.294511355,7.206106641
2021-03-03,15.404074875,6.954301417
2021-03-04,15.510525360,7.048356324
2021-03-05,15.616357673,7.280267180
2021-03-06,15.732572575,7.478181761
2021-03-07,15.852253796,7.390506204
2021-03-08,15.981238572,7.449167854
2021-03-09,16.115697645,7.283737396
2021-03-10,16.245991998,7.388858458
2021-03-11,16.377822538,7.388858458
2021-03-12,16.505315749,7.297702237
2021-03-13,16.652409590,7.476988496
2021-03-14,16.793532252,7.524664096
2021-03-15,16.929272270,7.587087466
2021-03-16,17.065056271,7.648342853
2021-03-17,17.203623350,7.679607585
2021-03-18,17.338823347,7.537091898
2021-03-19,17.476385602,7.809263734
2021-03-20,17.612555512,7.945550083
2021-03-21,17.746451793,7.849580590
2021-03-22,17.872600437,7.743257670
2021-03-23,17.998154259,7.814287898
2021-03-24,18.115697125,7.802566907
2021-03-25,18.233118272,7.991479156
2021-03-26,18.359562717,8.171007475
2021-03-27,18.487486292,8.087659346
2021-03-28,18.613329304,8.127023603
2021-03-29,18.749727097,8.333067730
2021-03-30,18.889024294,8.393765319
2021-03-31,19.033750293,8.301459132
2021-04-01,19.182804977,8.301459132
2021-04-02,19.344570531,8.301459132
2021-04-03,19.497227733,8.301459132
2021-04-04,19.654329234,8.301459132
2021-04-05,19.812950333,8.301459132
2021-04-06,19.972988658,8.742560822
2021-04-07,20.120385597,8.742560822
2021-04-08,20.275696545,9.039379977
2021-04-09,20.429205120,8.753177639
2021-04-10,20.588248010,8.794904763
2021-04-11,20.749369892,8.766138941
2021-04-12,20.910371148,9.219458590
2021-04-13,21.083711391,9.175578534
2021-04-14,21.267819422,9.152034049
2021-04-15,21.459016546,9.134277066
2021-04-16,21.643318849,8.871559695
2021-04-17,21.818642484,8.871559695
2021-04-18,21.985975385,8.871559695
2021-04-19,22.145476331,8.776517754
2021-04-20,22.318885464,9.088313507
2021-04-21,22.496284067,9.278254127
2021-04-22,22.677985817,9.259426137
2021-04-23,22.853828364,9.248100860
2021-04-24,23.019847141,9.291913124
2021-04-25,23.190880333,9.578961395
2021-04-26,23.380045865,9.607150267
2021-04-27,23.578227308,9.399277359
2021-04-28,23.783994973,9.836753681
2021-04-29,23.991520726,9.758852437
2021-04-30,24.198255691,9.916266475
2021-05-01,24.420182851,10.028586792
2021-05-02,24.641574189,9.807854023
2021-05-03,24.901699982,9.740256205
2021-05-04,25.149657444,9.958316214
2021-05-05,25.418244592,9.999442365
2021-05-06,25.684902978,10.189312076
2021-05-07,25.950440859,9.961722896
2021-05-08,26.247641437,10.205416108
2021-05-09,26.547351584,10.318052196
2021-05-10,26.850452632,10.258721406
2021-05-11,27.171523852,10.390696754
2021-05-12,27.477716077,10.353552030
2021-05-13,27.760887765,10.592157956
2021-05-14,28.075775438,10.540513977
2021-05-15,28.356973989,10.537470138
2021-05-16,28.630256845,10.712879489
2021-05-17,28.879438708,10.553233320
2021-05-18,29.135380488,10.788801883
2021-05-19,29.323304040,10.815685485
2021-05-20,29.530667699,11.095835291
2021-05-21,29.708667846,10.714466934
2021-05-22,29.879991344,10.618604944
2021-05-23,30.033266683,10.492177077
2021-05-24,30.228744712,10.448200326
2021-05-25,30.429873174,10.488196820
2021-05-26,30.644596666,10.467534675
2021-05-27,30.849055342,10.280448214
2021-05-28,31.026808498,10.259129104
2021-05-29,31.193456130,10.200246125
2021-05-30,31.368218722,10.374099939
2021-05-31,31.565676437,10.276924302
2021-06-01,31.758558159,9.934251570
2021-06-02,31.957407569,10.260315148
2021-06-03,32.168962154,10.269307689
2021-06-04,32.366582019,10.604722220
2021-06-05,32.557022448,10.425565575
2021-06-06,32.756227326,10.621233701
2021-06-07,32.946760599,10.594909607
2021-06-08,33.130580622,10.570987975
2021-06-09,33.320932043,10.408061802
2021-06-10,33.501381613,10.241978904
2021-06-11,33.670233276,10.241041915
2021-06-12,33.843414248,10.023757920
2021-06-13,34.025750188,9.889058376
2021-06-14,34.214039275,9.876868487
2021-06-15,34.401068095,10.187683864
2021-06-16,34.572507883,9.896933695
2021-06-17,34.744538053,9.903801257
2021-06-18,34.904780509,10.032148444
2021-06-19,35.061308582,9.542276356
2021-06-20,35.223556682,9.356178503
2021-06-21,35.357695406,8.869668475
2021-06-22,35.489165169,8.822832112
2021-06-23,35.627101053,8.553866497
2021-06-24,35.766707117,8.512087321
2021-06-25,35.893201134,8.349139555
2021-06-26,36.018552141,8.254296269
2021-06-27,36.157140242,8.248283950
2021-06-28,36.306272704,8.474119515
2021-06-29,36.462130527,8.553301504
2021-06-30,36.626003090,8.325695264
2021-07-01,36.777209945,8.333804100
2021-07-02,36.931289038,8.561578144
2021-07-03,37.090893745,8.487840335
2021-07-04,37.259493600,8.592097093
2021-07-05,37.418938006,8.742209327
2021-07-06,37.586702703,8.825290537
2021-07-07,37.753111456,8.780614455
2021-07-08,37.904181004,8.787896883
2021-07-09,38.057211156,8.788265919
2021-07-10,38.207917787,9.099044829
2021-07-11,38.360369539,8.944559109
2021-07-12,38.504017183,9.130305882
2021-07-13,38.639524545,8.298513851
2021-07-14,38.779388396,8.687071389
2021-07-15,38.912752947,8.918603572
2021-07-16,39.043414594,8.888277949
2021-07-17,39.175609877,8.272790568
2021-07-18,39.307461638,
2021-07-19,39.433566621,
2021-07-20,39.556529726,9.201270757
2021-07-21,39.695831142,9.177517159
2021-07-22,39.837105386,9.117119022
2021-07-23,39.984136466,9.305191188
2021-07-24,40.135951618,9.014699219
2021-07-25,40.288010539,9.512369912
2021-07-26,40.442130925,9.450395221
2021-07-27,40.599138101,8.839262203
2021-07-28,40.755409037,9.236413465
2021-07-29,40.918724352,
2021-07-30,41.087043480,
2021-07-31,41.260690380,
2021-08-01,41.434608838,9.187006953
2021-08-02,41.609649362,9.360421853
2021-08-03,41.777751715,9.255759208
2021-08-04,41.961887146,9.801557288
2021-08-05,42.153436649,10.194291442
2021-08-06,42.349970216,
2021-08-07,42.568421532,
2021-08-08,42.779764008,
2021-08-09,43.001331910,
2021-08-10,43.222767213,
2021-08-11,43.446219813,10.235960386
2021-08-12,43.661315452,10.414466788
2021-08-13,43.898429021,10.280425560
2021-08-14,44.128536757,10.438604727
2021-08-15,44.360401324,10.332471970
2021-08-16,44.580283988,10.279283167
2021-08-17,44.789192045,10.510951586
2021-08-18,44.999948410,10.500307143
2021-08-19,45.222609599,10.938090022
2021-08-20,45.454256547,10.748355147
2021-08-21,45.684434860,10.880950739
2021-08-22,45.915499511,
2021-08-23,46.152694722,10.714392921
2021-08-24,46.377114315,10.928762377
2021-08-25,46.607791089,
2021-08-26,46.828908691,11.224096040
2021-08-27,47.062401468,11.245666697
2021-08-28,47.292693284,
2021-08-29,47.521410375,11.062633122
2021-08-30,47.748716432,11.243176891
2021-08-31,47.990771277,11.378659037
2021-09-01,48.258297199,11.146435439
2021-09-02,48.529276171,11.576400494
2021-09-03,48.815430482,11.576549809
2021-09-04,49.098534701,11.511409877
2021-09-05,49.392082717,11.795473347
2021-09-06,49.681776479,11.741331296
2021-09-07,49.931211397,11.718589678
2021-09-08,50.188231240,11.904796569
2021-09-09,50.437598227,11.837519862
2021-09-10,50.667071445,11.942526404
2021-09-11,50.900486801,11.988177367
2021-09-12,51.145661325,12.217486283
2021-09-13,51.381878697,11.945075232
2021-09-14,51.627788115,11.945028709
2021-09-15,51.888418870,11.917508810
2021-09-16,52.147201546,12.109270079
2021-09-17,52.390192935,11.909610552
2021-09-18,52.636345054,12.307705276
2021-09-19,52.873583235,12.137290431
2021-09-20,53.083438423,12.326382900
2021-09-21,53.278087657,12.428355397
2021-09-22,53.498304534,12.257882618
2021-09-23,53.726642538,12.058051615
2021-09-24,53.935182284,12.242137027
2021-09-25,54.144151566,12.556766430
2021-09-26,54.361872984,12.409931929
2021-09-27,54.571888215,12.278994571
2021-09-28,54.770381061,12.161464638
2021-09-29,54.970903427,12.186424443
2021-09-30,55.184100368,12.243776678
2021-10-01,55.422386993,12.507623359
2021-10-02,55.667880869,12.616660675
2021-10-03,55.915464793,12.427743650
2021-10-04,56.159850951,12.473117098
2021-10-05,56.414811951,12.789892522
2021-10-06,56.676297339,12.773099581
2021-10-07,56.937637290,12.746345388
2021-10-08,57.195666519,12.924133740
2021-10-09,57.453775671,12.689923814
2021-10-10,57.699658648,12.716727966
2021-10-11,57.952460301,12.980253291
2021-10-12,58.201658097,
2021-10-13,58.459168418,12.884988912
2021-10-14,58.732272960,12.870303130
2021-10-15,59.010902109,12.575699044
2021-10-16,59.289059900,13.000848550
2021-10-17,59.567311876,12.831769481
2021-10-18,59.837181243,12.904026061
2021-10-19,60.117550721,12.904107200
2021-10-20,60.421418601,13.043553358
2021-10-21,60.716838662,13.167033748
2021-10-22,61.003847865,13.291686722
2021-10-23,61.305450670,13.124443191
2021-10-24,61.599693854,13.319877213
2021-10-25,61.906126225,13.657373459
2021-10-26,62.206876537,13.641882503
2021-10-27,62.491981382,13.703839492
2021-10-28,62.804639632,13.502683361
2021-10-29,63.127833153,13.459986636
2021-10-30,63.443285620,13.663703684
2021-10-31,63.756905513,13.577752868
2021-11-01,64.072468336,13.855484444
2021-11-02,64.409603694,13.976630484
2021-11-03,64.747808623,14.035285236
2021-11-04,65.078893855,13.453915335
2021-11-05,65.404422996,14.044330224
2021-11-06,65.729114109,13.886184465
2021-11-07,66.064163238,14.323845415
2021-11-08,66.413134251,14.296010464
2021-11-09,66.756801357,14.321949142
2021-11-10,67.090523315,14.449464262
2021-11-11,67.432558577,14.605852936
2021-11-12,67.769166874,14.779848145
2021-11-13,68.102820184,14.521818855
2021-11-14,68.433595500,14.043991188
2021-11-15,68.761847785,14.603111722
2021-11-16,69.061685519,13.876847750
2021-11-17,69.362313450,15.206326541
2021-11-18,69.640743378,15.510454188
2021-11-19,69.942949716,13.763747601
2021-11-20,70.251738141,14.113265927
2021-11-21,70.549204836,14.329921930
2021-11-22,70.828765681,14.837838204
2021-11-23,71.125283281,14.921043161
2021-11-24,71.414294937,14.832339170
2021-11-25,71.727066039,13.584941619
2021-11-26,72.006461166,14.016091497
2021-11-27,72.289628276,14.205907241
2021-11-28,72.586958496,15.022814210
2021-11-29,72.893194429,13.833757015
2021-11-30,73.211576484,14.200939613
2021-12-01,73.526814461,14.759979339
2021-12-02,73.836034173,14.339768670
2021-12-03,74.120684684,14.329443385
2021-12-04,74.396672216,14.211212132
2021-12-05,74.678129604,14.648343205
2021-12-06,74.970906008,14.963026672
2021-12-07,75.261274054,14.819128343
2021-12-08,75.564377372,14.720219178
2021-12-09,75.844828902,14.506985388
2021-12-10,76.109840311,14.978868709
2021-12-11,76.389948781,14.994602169
2021-12-12,76.674838824,15.250984512
2021-12-13,76.931222198,15.798338376
2021-12-14,77.194109989,15.958844427
2021-12-15,77.471809805,15.647216713
2021-12-16,77.743030981,15.450581866
2021-12-17,78.006732427,15.368416604
2021-12-18,78.276417632,15.702374354
2021-12-19,78.542641689,15.721724516
2021-12-20,78.811436686,15.968104239
2021-12-21,79.089790357,16.030069886
2021-12-22,79.362653937,15.909681603
2021-12-23,79.649127500,15.736372634
2021-12-24,79.929083755,15.908721648
2021-12-25,80.212103261,15.792891129
2021-12-26,80.492111213,15.676183725
2021-12-27,80.765161800,15.847687590
2021-12-28,81.015343759,15.812211916
2021-12-29,81.252219709,16.152089157
2021-12-30,81.493389809,16.084347234
2021-12-31,81.733336348,15.835438850
2022-01-01,82.223668400,15.796632721
2022-01-01,81.980285824,15.680439283
2022-01-02,82.455751288,16.079960658
2022-01-03,82.679300781,16.337038664
2022-01-04,82.899746821,16.643352468
2022-01-05,83.091517796,9.867782360
2022-01-06,83.270555498,9.867782360
2022-01-07,83.431354499,9.923456801
2022-01-08,83.579122027,9.923456801
2022-01-09,83.733373086,16.716336472
2022-01-10,83.895863746,16.137944025
2022-01-11,84.075211508,16.309585385
2022-01-12,84.258026088,16.531486988
2022-01-13,84.424633545,16.498443553
2022-01-14,84.599574353,16.569445161
2022-01-15,84.771021409,15.958880805
2022-01-16,84.943431754,16.299201041
2022-01-17,85.103398567,16.611888307
2022-01-18,85.248591453,16.751317837
2022-01-19,85.390342841,16.521506143
2022-01-20,85.543555833,16.662095015
2022-01-21,85.652127139,16.714954297
2022-01-22,85.747870757,17.032645578
2022-01-23,85.841605864,16.890140427
2022-01-24,85.932767899,16.746378848
2022-01-25,86.022511149,16.528967465
2022-01-26,86.122485380,16.910431142
2022-01-27,86.210130778,16.991717559
2022-01-28,86.305485836,16.682821243
2022-01-29,86.404710807,16.881704109
2022-01-30,86.510573488,16.809880553
2022-01-31,86.618137440,16.943556535
2022-02-01,86.722174104,17.167233457
2022-02-02,86.806221264,17.226509716
2022-02-03,86.892801217,16.357510450
2022-02-04,86.995188263,
2022-02-05,87.103932717,
2022-02-06,87.220890666,17.109467330
2022-02-07,87.335534642,17.111342895
2022-02-08,87.446176255,17.154891756
2022-02-09,87.568221037,17.447575856
2022-02-10,87.674368689,17.088055338
2022-02-11,87.762396659,16.902139201
2022-02-12,87.851940666,17.146001776
2022-02-13,87.939306743,17.519022834
2022-02-14,88.033022421,17.473873027
2022-02-15,88.147346131,17.453054871
2022-02-16,88.252982623,17.016107061
2022-02-17,88.331224602,17.130978393
2022-02-18,88.398191678,17.227030949
2022-02-19,88.466507309,16.974046457
2022-02-20,88.523902694,17.189621563
2022-02-21,88.589740755,17.317358359
2022-02-22,88.676650693,16.957307875
2022-02-23,88.756214909,17.061278177
2022-02-24,88.846177844,17.074963325
2022-02-25,88.955897278,17.091172909
2022-02-26,89.064133842,17.105550431
2022-02-27,89.161166986,17.330789323
2022-02-28,89.271493366,17.092869716
2022-03-01,89.392322068,17.310319922
2022-03-02,89.504009184,17.178028688
2022-03-03,89.609517977,16.942843948
2022-03-04,89.698414420,17.196512383
2022-03-05,89.779931516,16.916384741
2022-03-06,89.847927830,16.807186295
2022-03-07,89.902775927,16.528409112
2022-03-08,89.961117926,16.890286240
2022-03-09,90.036626907,16.766234677
2022-03-10,90.101314065,17.353304715
2022-03-11,90.166118094,16.974212763
2022-03-12,90.220176729,17.574308905
2022-03-13,90.272836856,16.954091137
2022-03-14,90.337911898,17.107261322
2022-03-15,90.405339162,16.866483500
2022-03-16,90.482456042,17.187089628
2022-03-17,90.565950403,17.013355816
2022-03-18,90.658161202,17.251555435
2022-03-19,90.749840968,17.507913473
2022-03-20,90.837547348,17.268549978
2022-03-21,90.935329182,17.428758392
2022-03-22,91.040915316,17.239198723
2022-03-23,91.157343729,17.387552630
2022-03-24,91.280747888,17.256403683
2022-03-25,91.395004641,17.630724265
2022-03-26,91.510697900,17.241832961
2022-03-27,91.640325191,17.345894602
2022-03-28,91.764767704,17.547891854
2022-03-29,91.891286217,17.587726386
2022-03-30,92.010739133,17.674492261
2022-03-31,92.116973981,17.440048666
2022-04-01,92.223607961,17.733784782
2022-04-02,92.338987172,17.525357319
2022-04-03,92.455754484,17.536121850
2022-04-04,92.570211210,17.542301255
2022-04-05,92.675113728,17.620823274
2022-04-06,92.771039307,17.611349322
2022-04-07,92.863899773,17.836599317
2022-04-08,92.953217165,17.737853867
2022-04-09,93.043347816,17.707555932
2022-04-10,93.129115931,17.611802902
2022-04-11,93.196833235,18.004519158
2022-04-12,93.255420273,17.605982282
2022-04-13,93.310353469,17.737728336
2022-04-14,93.350100560,17.745112777
2022-04-15,93.399010596,17.641002150
2022-04-16,93.457318776,17.641914226
2022-04-17,93.518218875,18.100591191
2022-04-18,93.590254909,18.321745792
2022-04-19,93.652398933,18.075618192
2022-04-20,93.709773078,17.867770851
2022-04-21,93.754428287,17.956461992
2022-04-22,93.802171081,18.114356705
2022-04-23,93.857525007,18.319954835
2022-04-24,93.905955216,18.296760456
2022-04-25,93.942645924,18.213317633
2022-04-26,93.952808663,17.798294680
2022-04-27,93.962074051,17.716589989
2022-04-28,93.973757770,17.932766244
2022-04-29,93.975259917,17.855893934
2022-04-30,93.975259917,18.330316660
2022-05-01,93.975259917,18.716278888
2022-05-02,93.975259917,18.355362231
2022-05-03,93.975259917,18.767311280
2022-05-04,93.975259917,17.434263443
2022-05-05,93.975259917,17.556894142
2022-05-06,93.975259917,17.491126076
2022-05-07,93.975259917,17.826275665
2022-05-08,93.975259917,18.911141951
2022-05-09,93.975259917,18.707685640
2022-05-10,93.975259917,17.469065807
2022-05-11,93.975259917,19.208862126
2022-05-12,93.975259917,17.665830231
2022-05-13,93.975259917,19.371138747
2022-05-14,93.975259917,17.626871412
2022-05-15,93.975259917,18.909360893
2022-05-16,93.975259917,18.608919537
2022-05-17,93.975259917,18.657838118
2022-05-18,93.975259917,19.087573114
2022-05-19,93.975259917,18.114034145
2022-05-20,93.975259917,18.176727851
2022-05-21,93.975259917,18.204941701
2022-05-22,93.975259917,17.723334209
2022-05-23,93.975259917,17.953135639
2022-05-24,93.975259917,17.982244602
2022-05-25,93.975259917,17.883423333
2022-05-26,90.83,17.715139716
2022-05-27,87.28,17.975271557
2022-05-28,86.397718240,17.863229762
2022-05-29,87.398994458,17.973120923
2022-05-30,92.686993874,18.030087400
2022-05-31,93.974937192,17.841688336
2022-06-01,91.448173956,17.516759576
2022-06-02,89.402672853,17.899015625
2022-06-03,86.817940324,17.944357615
2022-06-04,85.783442510,18.477870116
2022-06-05,84.769698346,17.713120664
2022-06-06,87.263630241,17.103572095
2022-06-07,84.364593446,17.971945371
2022-06-08,85.069769383,18.235353406
2022-06-09,84.017405791,17.463472920
2022-06-10,81.589723206,17.129077592
2022-06-11,74.312118240,17.629928717
2022-06-12,69.262675993,18.170312348
2022-06-13,61.234626514,16.881086642
2022-06-14,58.335566779,16.327331412
2022-06-15,54.341429497,15.657966388
2022-06-16,53.725812623,16.186930609
2022-06-17,51.354884657,16.342609611
2022-06-18,47.421452675,16.150444400
2022-06-19,50.069387049,15.465689170
2022-06-20,52.453436676,15.949669048
2022-06-21,51.324592712,16.347566947
2022-06-22,46.314053791,15.650308977
2022-06-23,47.728785129,15.421246222
2022-06-24,51.415672494,15.421403893
2022-06-25,52.095385818,15.717981883
2022-06-26,51.819636203,15.114443329
2022-06-27,51.503357160,15.657065398
2022-06-28,50.626938956,15.205424053
2022-06-29,48.656349147,15.227087782
2022-06-30,47.306723029,14.096145372
2022-07-01,53.919471632,15.083926155
2022-07-02,54.299391683,15.574579679
2022-07-03,54.588356019,15.731577831
2022-07-04,56.262800374,15.686136126
2022-07-05,58.426246638,15.748790938
2022-07-06,59.340670857,15.488493906
2022-07-07,62.721926974,15.579185350
2022-07-08,63.471172632,15.809762565
2022-07-09,62.871836296,15.654670509
2022-07-10,62.745003615,15.814179610
2022-07-11,57.975530517,15.446580502
2022-07-12,55.233815765,15.800593377
2022-07-13,55.860038545,15.185847109
2022-07-14,59.094484737,15.451682505
2022-07-15,63.189092664,15.683628479
2022-07-16,66.187104594,15.900458539
2022-07-17,69.759075612,15.589631878
2022-07-18,78.005075559,15.860540510
2022-07-19,80.367456892,16.040627995
2022-07-20,80.405723881,15.881347237
2022-07-21,79.194240504,15.713563955
2022-07-22,81.235652901,15.849855960
2022-07-23,79.502644674,16.325367721
2022-07-24,80.741430539,16.163107643
2022-07-25,76.666559803,15.801143271
2022-07-26,72.228915634,15.889686750
2022-07-27,78.796046060,15.830354118
2022-07-28,88.040212931,16.181979047
2022-07-29,87.845238606,15.777430134
2022-07-30,87.444534433,15.936616185
2022-07-31,86.350365436,15.713862968
2022-08-01,85.041729834,16.010303088
2022-08-02,85.666082768,16.269427689
2022-08-03,83.755582648,15.870814119
2022-08-04,82.441811965,15.959127355
2022-08-05,86.094329728,16.242079363
2022-08-06,86.457528786,16.044691735
2022-08-07,85.654831612,16.020100097
2022-08-08,89.340115853,15.627340370
2022-08-09,87.617101147,16.065364680
2022-08-10,90.246157532,15.999415050
2022-08-11,93.966952797,16.188910409
2022-08-12,93.833786008,15.266869405
2022-08-13,93.975259920,16.404990762
2022-08-14,93.975259920,16.503531291
2022-08-15,93.948024264,15.609497634
2022-08-16,93.965727135,16.317493274
2022-08-17,92.698569876,16.157909322
2022-08-18,92.009690672,15.206741810
2022-08-19,85.710009878,15.246462187
2022-08-20,80.653365639,15.410399759
2022-08-21,80.501554572,15.998656765
2022-08-22,78.631899589,15.143417938
2022-08-23,81.692592898,15.887640685
2022-08-24,82.118192791,15.492636353
2022-08-26,79.483139694,15.219131897
2022-08-27,73.557798155,15.371805998
2022-08-28,72.140674567,15.099154817
2022-08-29,74.289325042,15.743264429
2022-08-30,76.496505207,15.392750020
2022-08-31,78.401909496,15.339075745
2022-09-01,77.135240208,15.314214655
2022-09-02,78.587427212,15.765025557
2022-09-03,75.935763960,15.357686938
2022-09-04,76.577901345,15.609634054
2022-09-05,77.675455889,14.913280325
2022-09-06,79.793969410,15.089887596
2022-09-07,77.525494601,15.225610047
2022-09-08,80.953442959,15.338137581
2022-09-09,83.400481238,15.439768049
2022-09-10,83.162455728,15.450445192
2022-09-11,83.886501788,15.202869417
2022-09-12,82.782607293,15.305044477
2022-09-13,80.056234733,15.310556354
2022-09-14,77.774211862,14.618448944
2022-09-15,3.402263291,0.599690675